{"type":"FeatureCollection","features":[{"type":"Feature","geometry":{"type":"Polygon","coordinates":[[[120.92532243600006,24.854775750279849],[120.92522125600004,24.854813764279882],[120.92464257200002,24.854631359279807],[120.92272334900007,24.854092086279874],[120.92124021299999,24.853468333279871],[120.91959926600009,24.853177217279871],[120.91836968900007,24.853010299279919],[120.91858306100004,24.853721324279849],[120.91841415600003,24.853770447279913],[120.91841123499995,24.853761136279854],[120.918266657,24.853300187279824],[120.91817463199999,24.852987251279878],[120.91815718300008,24.852985498279917],[120.91734625000004,24.852903975279904],[120.91638394000009,24.852798240279881],[120.91574739899998,24.853137301279855],[120.91483789900006,24.853618956279817],[120.91433998600009,24.853896146279823],[120.91433237099996,24.853900846279853],[120.91431981600009,24.853908594279883],[120.91432976500005,24.85392124127986],[120.91434070500004,24.853944001279881],[120.91434696300001,24.853957021279889],[120.91418520700006,24.854048665279837],[120.9141729710001,24.85404854127982],[120.91415631399998,24.854048370279902],[120.91415488400003,24.854048270279904],[120.91411991399998,24.854045822279868],[120.91365238700001,24.854049073279867],[120.9132325190001,24.854065342279881],[120.912960876,24.854080444279884],[120.91296107700012,24.854060048279884],[120.91296327600003,24.853836953279906],[120.91295153400004,24.853827755279852],[120.91295909900003,24.853782598279842],[120.91326550700001,24.851953234279872],[120.91326582800002,24.851951319279898],[120.9132411180001,24.851930294279921],[120.91323460800002,24.851924755279928],[120.91323492800002,24.851924473279897],[120.91351351199999,24.851678059279852],[120.91354638300007,24.851701508279923],[120.91389283900003,24.851395911279873],[120.91404163500006,24.851257670279892],[120.91452349499998,24.850816302279885],[120.91586910900004,24.849551120279941],[120.91675202100008,24.848748253279979],[120.91673715300008,24.848719268279972],[120.91622555900004,24.847721989279989],[120.91552464600011,24.845811529280059],[120.91585738300004,24.842737356280136],[120.91574781900012,24.841129000280134],[120.91483117600004,24.838980917280178],[120.91397685500004,24.837734124280164],[120.91312347599997,24.836555781280211],[120.91222544399999,24.835766042280262],[120.91173722800011,24.835702633280253],[120.91076335400008,24.835758385280243],[120.91003084100005,24.835195204280289],[120.90930540500005,24.83423245628023],[120.90880885600001,24.83265077128031],[120.90831951300001,24.831594165280308],[120.90738806400005,24.830188184280363],[120.90576565600013,24.82851548328038],[120.90470846700013,24.827053699280427],[120.90407763900008,24.826098324280444],[120.90358547400004,24.825352942280425],[120.90336478300004,24.82499013028043],[120.90280563500006,24.824070928280523],[120.90177841400008,24.822060765280511],[120.90097795900012,24.820185304280535],[120.90021235900008,24.818115272280636],[120.89960322300013,24.816523186280659],[120.89932655599998,24.815487023280653],[120.89925644000004,24.814014853280739],[120.89853481500003,24.812423878280761],[120.89788301899998,24.8113688492808],[120.89741904100005,24.810334622280781],[120.89694142499999,24.809220578280822],[120.89662851600002,24.807362683280889],[120.89683801300005,24.805327995280884],[120.89662544899994,24.80349176428096],[120.89632765300007,24.80182773828097],[120.89613895900004,24.800824780280966],[120.89548254600008,24.799427074280999],[120.89469097900003,24.798202103281017],[120.89397263100001,24.796850671281032],[120.89332025000013,24.795749772281098],[120.89263899999999,24.794363680281112],[120.89225819000001,24.793020165281174],[120.89210583000008,24.791936854281182],[120.892269758,24.791135781281259],[120.89236106100007,24.789593135281191],[120.89251104800006,24.788475709281233],[120.89252321199999,24.788385093281288],[120.89250597899999,24.788213430281292],[120.89253604300006,24.787784449281251],[120.89253380700005,24.787538036281298],[120.89251172200009,24.787318148281308],[120.892513869,24.787002933281268],[120.89256233300001,24.786801971281239],[120.89260488700009,24.786646960281281],[120.89261380400001,24.78652081128125],[120.89268936100007,24.78640448628132],[120.89277075500004,24.786237669281277],[120.89281751000009,24.786129620281312],[120.89280798800009,24.785909568281319],[120.89273007500006,24.785632758281334],[120.892683315,24.785457732281344],[120.89266788899997,24.785279124281306],[120.89268103700007,24.785069190281337],[120.89269879600013,24.784812304281324],[120.89270433400006,24.784727519281333],[120.89279241000004,24.784465544281332],[120.89286562800008,24.784227754281385],[120.89290984600011,24.783837705281361],[120.89292463099999,24.783528086281333],[120.89290368200001,24.78302504228137],[120.89285290400001,24.782685041281407],[120.89284486400005,24.782351571281357],[120.89284863899999,24.781942351281341],[120.89291441500002,24.781714860281443],[120.89312186499997,24.781320230281391],[120.89316731699999,24.781201797281362],[120.89319117400011,24.781060679281421],[120.89319997500004,24.780784390281386],[120.89314386700002,24.780328428281415],[120.89313820800005,24.780282436281436],[120.89311725500012,24.780112159281376],[120.89303855600011,24.779608441281457],[120.89292049800008,24.779055659281482],[120.89289150099999,24.778905744281502],[120.8928528470001,24.778798258281419],[120.892793041,24.778715062281464],[120.89271822999994,24.778634184281419],[120.89269834899999,24.778618381281444],[120.89264103399996,24.778572814281492],[120.89257032500007,24.778511471281494],[120.89252708000006,24.778473951281505],[120.892395513,24.778369474281469],[120.89232422899995,24.778263421281494],[120.89227220900001,24.778139359281532],[120.89225234500005,24.778091986281442],[120.89224240700003,24.778034344281451],[120.89220063900004,24.77779208228149],[120.89215673800004,24.777524233281461],[120.89207515200005,24.777255444281515],[120.89192127900002,24.776909230281468],[120.89172987599997,24.776572558281508],[120.89163107700008,24.77643938528151],[120.8915530710001,24.776334236281517],[120.89148799000004,24.776223561281505],[120.891478655,24.776205006281479],[120.89142537100012,24.776099094281509],[120.89138414700005,24.775849484281469],[120.89134110300007,24.775534597281549],[120.89132080500006,24.775235608281491],[120.89131218100006,24.775114158281575],[120.891360672,24.774783707281596],[120.89143696100008,24.774471345281523],[120.89152351599996,24.774173887281606],[120.89162224599997,24.773846542281525],[120.89169520000004,24.77371412828159],[120.8917463170001,24.773261080281589],[120.89266916100006,24.773187511281556],[120.89264931700004,24.773116343281604],[120.89260940700004,24.773049582281605],[120.89260901100009,24.773035768281606],[120.8926071970001,24.772961273281563],[120.8926049910001,24.772867093281604],[120.89264698700002,24.772688157281635],[120.89268491200005,24.772595361281589],[120.89271774800001,24.772542658281591],[120.89272436700003,24.772431321281605],[120.89273088800005,24.77234184228158],[120.89276117799996,24.772305206281569],[120.89277396999995,24.772224853281589],[120.89281057000005,24.772152640281554],[120.89284230600002,24.772049458281646],[120.89285013200002,24.771957722281602],[120.89283656500007,24.77189332928161],[120.89280913300003,24.771825594281601],[120.89278145900006,24.771754943281614],[120.89277177300002,24.771730216281615],[120.89276984500006,24.771714651281656],[120.89275953900001,24.771631506281622],[120.89271853300006,24.771510846281586],[120.89269879700005,24.771409791281577],[120.89266529600002,24.771285795281628],[120.89263174399998,24.771235597281642],[120.89260533600003,24.771196089281577],[120.89257425700002,24.771103062281597],[120.89257217300003,24.770963008281658],[120.89257527200003,24.770949359281687],[120.89259509500008,24.770862076281656],[120.89257415600004,24.770739154281621],[120.89257312400004,24.770720558281578],[120.89256708399998,24.770611745281649],[120.89255861199999,24.770503836281591],[120.89257002999996,24.77039096028167],[120.89257415700003,24.770350163281591],[120.89258329900007,24.770242278281636],[120.89260038200007,24.770010489281646],[120.89261601300005,24.769849871281682],[120.89261691800002,24.769834313281635],[120.89262395900006,24.769713254281665],[120.89263574800007,24.769655421281673],[120.89264943099994,24.769588307281627],[120.89268238000001,24.769495418281664],[120.89271664100009,24.769391062281667],[120.89274321099997,24.769319925281632],[120.89287304800006,24.769144763281712],[120.892933489,24.769032899281697],[120.89296781000009,24.768969377281675],[120.89303582100004,24.768890425281629],[120.89310504300008,24.768825188281649],[120.89312092200007,24.768810531281691],[120.89318813900003,24.768748496281706],[120.89326241299997,24.768689048281669],[120.89327972900006,24.76867053128165],[120.89335556200004,24.768589430281693],[120.89352538000003,24.768493476281655],[120.89360803700005,24.768472112281675],[120.89363967800001,24.768463935281705],[120.89369909500012,24.768427937281647],[120.89373017800003,24.768409105281702],[120.89376776100002,24.768394624281658],[120.89384832100004,24.768363586281655],[120.89399413100003,24.768298512281699],[120.89408365300007,24.768241371281682],[120.89412899200006,24.768212432281693],[120.89412903800007,24.768212404281677],[120.89413376300003,24.768209388281697],[120.89413405900005,24.768209164281675],[120.89423945699995,24.768129378281742],[120.89440290900009,24.768035677281723],[120.89454629100007,24.767943135281701],[120.89454791099999,24.767942151281712],[120.89466453999997,24.767871162281693],[120.89479810200008,24.767719998281716],[120.89482540900005,24.767654291281701],[120.89486765299998,24.767552645281736],[120.89487779900003,24.767533990281695],[120.89491437600003,24.767466727281725],[120.89494106300002,24.767350899281741],[120.89495911400002,24.767221251281754],[120.89495437800008,24.767128234281703],[120.8949278890001,24.767044414281706],[120.89492606500002,24.767038641281658],[120.89492143000011,24.767024110281696],[120.89491581700008,24.767006492281666],[120.89491613400001,24.766919265281732],[120.89491915200007,24.766907184281717],[120.89493904400004,24.76682754128171],[120.89497827900001,24.7667254362817],[120.8950600520001,24.766672857281694],[120.89513170000008,24.766673690281674],[120.895131729,24.766673691281689],[120.89519308000001,24.76667440328173],[120.89522407100002,24.766671586281767],[120.895303525,24.766664361281791],[120.89529461499997,24.766634789281742],[120.8952886400001,24.766614963281693],[120.8952638300001,24.766532325281712],[120.89526158700006,24.766521595281713],[120.89524652600008,24.766449602281703],[120.8951940740001,24.766359901281728],[120.89515539900002,24.766274905281723],[120.89510932000009,24.766170311281687],[120.89509675400004,24.766134578281751],[120.89507701600009,24.766078459281736],[120.89506221600001,24.766009866281742],[120.8950621460001,24.766009543281715],[120.89505861400009,24.765941824281811],[120.89504373699999,24.765878622281733],[120.89505938300012,24.765697321281742],[120.89510600800008,24.765633229281764],[120.89512779100004,24.765598016281778],[120.89514006600008,24.765578170281731],[120.89515665500001,24.765598035281791],[120.89525634100002,24.765717403281709],[120.89528218000008,24.765766387281765],[120.89534120000008,24.765878279281701],[120.89541603200007,24.766030023281726],[120.89547840500006,24.766157568281795],[120.89552409600005,24.766278288281736],[120.89554188799998,24.766325294281721],[120.895559237,24.766363789281705],[120.8956278630001,24.766516064281767],[120.89571029700009,24.766648310281699],[120.89576124300004,24.766783884281732],[120.89581479700003,24.766928661281714],[120.89587575199999,24.76709521028172],[120.89594926800005,24.76726294028175],[120.89601771900001,24.767437620281722],[120.89611006900012,24.767619179281734],[120.89617177700008,24.767743038281665],[120.89620111000009,24.767801910281658],[120.89627231100006,24.767902328281693],[120.89627880400005,24.767911486281658],[120.89629732400007,24.767937605281684],[120.89634426200003,24.767967624281674],[120.89643256999997,24.768024101281739],[120.89673627800008,24.768063069281666],[120.89675251499999,24.768065152281679],[120.89681969700004,24.767962682281713],[120.89685092199996,24.76791505328168],[120.89688322800005,24.767863503281692],[120.89690261899999,24.7678325592817],[120.89697072300009,24.767735175281736],[120.89700798800006,24.767640593281726],[120.89717896100001,24.76720664028171],[120.89719973200013,24.767153916281703],[120.89723420500005,24.766989889281721],[120.89725756000004,24.766753508281706],[120.89732690199999,24.766634367281711],[120.89738945800002,24.7664990352818],[120.89740346700002,24.766468730281769],[120.89740348000009,24.766468700281763],[120.89743818300003,24.766393623281687],[120.89751148299999,24.766222832281777],[120.89755599100012,24.766053117281768],[120.897594239,24.765855840281798],[120.89762762200007,24.765621821281794],[120.89765329500008,24.765440526281715],[120.89765340499999,24.765413946281733],[120.89765349900001,24.765391128281813],[120.897659992,24.765329197281744],[120.89767394700003,24.765272562281766],[120.89769305,24.76519503728175],[120.89771486600003,24.765042449281744],[120.89774923900002,24.764896740281774],[120.89777134699999,24.76468473528173],[120.89776199400001,24.764666589281745],[120.89767744800004,24.764502544281758],[120.89706892900007,24.763869236281778],[120.89605220300004,24.763537228281759],[120.89539747200004,24.763178471281748],[120.89460285300002,24.762638477281747],[120.89379375500005,24.761961568281805],[120.89318573099999,24.761362565281818],[120.89264635900005,24.760305790281894],[120.892308822,24.759384073281936],[120.89189979700002,24.758714401281868],[120.89123008800003,24.758173109281955],[120.89080010600007,24.757800608281954],[120.89029448100004,24.757383240281907],[120.88990079299998,24.756918995281957],[120.88967866500001,24.75621307928191],[120.88909011899997,24.755213949281959],[120.88840082700005,24.754158762281989],[120.88734705300008,24.752947427282056],[120.88619247000003,24.75168002128202],[120.88511546800011,24.750594621282037],[120.88433605300008,24.749346107282054],[120.88340247400002,24.747790718282179],[120.88262217900004,24.74647365428212],[120.88088710200009,24.7457035402822],[120.87941322499999,24.743925273282169],[120.87775792500008,24.742594351282211],[120.87672769500001,24.741279835282281],[120.87582211399996,24.739941217282318],[120.87474179200002,24.738615728282358],[120.87452940000003,24.738322778282289],[120.87852193600006,24.7352317202824],[120.88102853400007,24.733291087282435],[120.88137525199998,24.733418605282434],[120.88202693299999,24.733710041282379],[120.88245267100002,24.73399294628241],[120.88318835599996,24.734408697282426],[120.88330042000001,24.734462559282452],[120.88342533199996,24.734497939282356],[120.88356027400002,24.734530926282421],[120.88364302800004,24.734513972282432],[120.88370795199998,24.734478846282368],[120.88378104500009,24.734394279282395],[120.88387500500002,24.734270459282452],[120.88395274199999,24.7341559992824],[120.88406099499997,24.733970065282385],[120.88412626800005,24.733863757282386],[120.88417385199999,24.73375077328237],[120.88424661700006,24.733640950282432],[120.88435816900007,24.733418244282394],[120.88447729400005,24.733197755282447],[120.88461769900005,24.732970134282454],[120.88465226200006,24.732920421282422],[120.88469040800008,24.732855733282403],[120.88474138600003,24.732811566282486],[120.88479265500003,24.732790362282412],[120.88486830999999,24.73280791728244],[120.88491917800002,24.73285328028247],[120.88506316300003,24.732905667282456],[120.88518458200004,24.732962912282485],[120.88532074900002,24.732993578282439],[120.88542043200003,24.733022349282422],[120.88546961599999,24.733034455282439],[120.88557308500003,24.733064330282424],[120.885701795,24.733101970282426],[120.88582018800007,24.733119061282419],[120.88597927300005,24.733172452282396],[120.8862576690001,24.73321650728241],[120.886372411,24.733242822282445],[120.88645323900002,24.733271801282449],[120.88656552300007,24.733302729282439],[120.88670937599998,24.733344803282446],[120.88684956400004,24.733394937282419],[120.88691902200001,24.733419449282408],[120.88702758600003,24.733552557282405],[120.88706467000009,24.733601523282463],[120.88712479500009,24.733682364282394],[120.88721809800006,24.733801867282416],[120.88730560900004,24.733861766282406],[120.88737490700008,24.733873636282407],[120.88745661300001,24.733872758282427],[120.88756923700009,24.73383252128238],[120.88763539099996,24.73379509228247],[120.88769760800004,24.733745065282424],[120.88781493999997,24.733679532282437],[120.88791856500004,24.733623325282391],[120.88799688600002,24.733554776282421],[120.88811407200004,24.733477757282433],[120.88822861000001,24.733390445282406],[120.88835733000008,24.733330527282423],[120.88848133000003,24.733294758282387],[120.88855864600005,24.733245717282422],[120.88868439500008,24.733150250282428],[120.88876790499997,24.733094273282425],[120.88882760800003,24.733044269282452],[120.88895885500003,24.73298547228239],[120.88902004900004,24.732953828282444],[120.88916265300011,24.732898343282464],[120.88929148800001,24.732847607282437],[120.88941017999997,24.732790083282396],[120.88952362300003,24.732715418282432],[120.88960944300004,24.73264332328241],[120.88973270200003,24.732550184282438],[120.88979730000004,24.732489811282409],[120.88988947699995,24.732423384282434],[120.88995666100001,24.732368727282452],[120.89004508300005,24.73230350528247],[120.89015078899999,24.732213992282428],[120.89029815400008,24.732137798282444],[120.89042190100004,24.732082515282467],[120.89050297000009,24.732032294282501],[120.89064782099999,24.731956126282419],[120.89072643500002,24.731910534282477],[120.89083239300007,24.73184052228245],[120.89094972300011,24.731774976282441],[120.89103395400005,24.731775218282475],[120.891238284,24.731925667282471],[120.89134914700003,24.732041541282467],[120.89148533600009,24.732172058282426],[120.89160113600006,24.732281001282477],[120.89170923100005,24.732377389282455],[120.89178284600003,24.732431695282415],[120.89184678399999,24.732515934282457],[120.89191992300006,24.732631067282483],[120.89198776600001,24.732725601282475],[120.8920416210001,24.732807657282422],[120.89209778300005,24.732873623282465],[120.89214149500003,24.732948900282384],[120.89219646000005,24.73301946328246],[120.89225651100006,24.733094562282435],[120.89229837499995,24.733123962282477],[120.89234658200003,24.73315787228244],[120.89236293899998,24.733158842282425],[120.89238423400005,24.733152881282475],[120.892405216,24.733122811282474],[120.89240659600003,24.733034412282443],[120.89242688900003,24.732950405282413],[120.89245501499995,24.732889274282421],[120.89246942200006,24.732836323282488],[120.89249680800003,24.732815378282449],[120.89253791799995,24.732786235282422],[120.89258297900007,24.732770829282394],[120.89268183600007,24.732735327282402],[120.89278603300006,24.732723881282425],[120.89284595500006,24.732691096282466],[120.89297036900004,24.732687455282434],[120.89308911500009,24.732634523282407],[120.8932319390001,24.732596262282435],[120.89331098199996,24.732583932282477],[120.89337756899999,24.732580918282409],[120.89343305500006,24.732496529282439],[120.89348621999999,24.732427092282467],[120.89353836400007,24.732376035282421],[120.89361305700001,24.732318991282416],[120.89374951900004,24.732331448282473],[120.89378171400003,24.732334386282446],[120.89388275900002,24.732371168282462],[120.89409236000007,24.73244234728249],[120.89423258000012,24.732494793282477],[120.89430700500006,24.732514645282428],[120.894453406,24.732558981282452],[120.89455684700012,24.732586555282424],[120.89465373800007,24.732593538282472],[120.89483644100008,24.732625998282408],[120.89497759200002,24.732653165282517],[120.89510978100004,24.732667812282489],[120.89522559900003,24.732680335282463],[120.89547036999994,24.732748844282437],[120.89560309200009,24.732804798282451],[120.8957168530001,24.732852928282448],[120.89582084199999,24.732922954282454],[120.89594109900007,24.732987087282442],[120.89602423600002,24.732999956282427],[120.89610611900005,24.733012843282438],[120.89621046500008,24.733012870282433],[120.89629997500001,24.733032560282464],[120.89638972200009,24.733070606282418],[120.89651491800002,24.733127789282435],[120.89657304900005,24.733151277282428],[120.89680904999996,24.733222162282431],[120.89687374900005,24.733267378282441],[120.897011353,24.73331180228239],[120.89710093800012,24.733337226282437],[120.897228291,24.733366846282401],[120.89734476300005,24.733429847282459],[120.89742569799998,24.733466856282419],[120.89747892100004,24.733499568282465],[120.89755508200003,24.733556120282429],[120.89763390000007,24.733624125282461],[120.8977693610001,24.73369727828247],[120.89788979600003,24.733775160282431],[120.89796384300003,24.733862744282391],[120.89804554900003,24.733959416282389],[120.89812197199996,24.734036635282376],[120.89825143000009,24.734131642282435],[120.89842933400008,24.73418136728246],[120.89853879500001,24.734188212282401],[120.89869534300007,24.734239321282466],[120.89877024500004,24.734295891282425],[120.89895410900007,24.734417857282484],[120.89906972499995,24.734511870282432],[120.89912800700007,24.734644377282383],[120.89918090900001,24.734749399282375],[120.89925153900001,24.734864554282399],[120.89930783900003,24.734940838282395],[120.89945189300015,24.734997815282401],[120.89956058900005,24.735042554282376],[120.89969999600005,24.735129422282363],[120.89980022000009,24.735199487282376],[120.89991339700012,24.735299258282382],[120.90004695199998,24.735419475282374],[120.90017780200006,24.735524782282383],[120.90027069100002,24.735611023282328],[120.90036094600012,24.735688088282394],[120.90046036900002,24.735793753282341],[120.90060599400006,24.735874802282382],[120.90071949700001,24.735999834282424],[120.90075899900002,24.736040715282336],[120.90087716200001,24.736136993282404],[120.90098189300006,24.736166850282377],[120.90113992300009,24.736235147282351],[120.90130236000003,24.736255199282407],[120.90143125500002,24.736306593282407],[120.90150483099998,24.736357437282425],[120.90156153599997,24.736464717282338],[120.90162819100007,24.736563843282365],[120.90167050200002,24.736627667282313],[120.90174116600009,24.736745113282431],[120.90183143700001,24.73682333428232],[120.90193820099998,24.736912841282365],[120.90202597200003,24.736992225282346],[120.902085767,24.737046690282327],[120.90218525400006,24.737156922282306],[120.90229241699997,24.737277425282322],[120.90238802899998,24.737379675282341],[120.90246966599999,24.7374706012824],[120.90256421600006,24.737587802282327],[120.90271438600008,24.737728494282337],[120.90280582500009,24.737799807282375],[120.90286456900004,24.737870341282335],[120.90297520999998,24.737967841282327],[120.90303954600006,24.738081906282343],[120.90306660100008,24.738229678282398],[120.90313114700007,24.738359815282326],[120.9031991380001,24.738464673282305],[120.9032783670001,24.738563670282318],[120.90342068800008,24.738680330282374],[120.90348815700006,24.738745020282305],[120.90359356300007,24.738826516282298],[120.903658295,24.738874012282317],[120.90376743900008,24.738953175282298],[120.90391817500003,24.739039911282365],[120.904015618,24.739089359282286],[120.90412578500003,24.739150139282344],[120.904283986,24.739231046282374],[120.90436871300008,24.739269158282315],[120.9045138690001,24.739313491282349],[120.90461236400009,24.739346841282355],[120.90479041099996,24.739406888282353],[120.9048971630001,24.739495256282286],[120.90499515999996,24.739587158282333],[120.90507419800008,24.739671230282276],[120.90521867800004,24.739760326282269],[120.90531268200003,24.73983504328233],[120.90539430700002,24.739924840282288],[120.9055088580001,24.740032624282325],[120.90557044500002,24.740128377282346],[120.90570147100006,24.740246309282327],[120.90575330200006,24.74036510628229],[120.90579126100009,24.740480616282259],[120.905819163,24.740596236282311],[120.90586284600008,24.740681495282256],[120.9058630210001,24.740681838282285],[120.90598052200004,24.740726478282248],[120.90610784100009,24.740752632282277],[120.90635639000006,24.74081993428225],[120.90651751800004,24.7408354022823],[120.90669143900006,24.740867940282318],[120.90689316200005,24.7409116572823],[120.90706611000006,24.740966008282264],[120.90721134300007,24.741016071282232],[120.90734135700009,24.741055979282251],[120.90759954600006,24.741091052282311],[120.90779922300004,24.741073947282306],[120.90792746300009,24.740977294282313],[120.90803088800014,24.740906156282275],[120.90808444900004,24.7408676912823],[120.90819174700005,24.740816139282305],[120.90828229100005,24.740771322282221],[120.90844152300008,24.740660854282247],[120.90852878800003,24.740591306282273],[120.90856976899995,24.740493921282283],[120.90862008300003,24.740327659282304],[120.90865821600009,24.740111942282315],[120.90867845500004,24.739934017282252],[120.90867305900005,24.739820271282348],[120.90868739000011,24.739594085282292],[120.908691887,24.739501064282315],[120.90868766600012,24.73939766628229],[120.90867825400007,24.739314892282373],[120.90867488200003,24.739102382282297],[120.90866459499998,24.738971370282297],[120.90864038200002,24.73885290928235],[120.90862539500003,24.738679376282306],[120.90861146100002,24.738532272282391],[120.90857115800007,24.738381560282349],[120.908554342,24.738281530282332],[120.90850282400001,24.73811925128232],[120.90845192900007,24.737876584282333],[120.90842399000007,24.73775236028235],[120.90839059500003,24.737522424282336],[120.90836467700005,24.737300591282366],[120.90837572799995,24.737173158282395],[120.90841660800008,24.736927584282345],[120.90844332300004,24.736725584282333],[120.90848044200003,24.736639634282415],[120.90850535200003,24.736507705282328],[120.90856912500007,24.736388619282341],[120.90866474700007,24.736214596282434],[120.90884126700004,24.735981329282396],[120.90902276200002,24.735754982282334],[120.90939728500003,24.735434418282367],[120.90955272100008,24.735326250282395],[120.90973986900005,24.735180331282404],[120.90987658399999,24.735054789282408],[120.91004372100004,24.734896128282429],[120.91022098599998,24.734728336282405],[120.91036665700004,24.734582177282388],[120.91053028500008,24.734390172282414],[120.91067509700005,24.734193459282487],[120.91084659200013,24.733959014282366],[120.91101157000001,24.733754386282477],[120.91110299500004,24.733634313282405],[120.911240174,24.733449061282467],[120.91145595000002,24.733176957282414],[120.91160699700001,24.732986026282433],[120.91174291500013,24.732800756282476],[120.91187892200001,24.732604002282461],[120.91197440100009,24.73244719228245],[120.91206216200007,24.732313321282479],[120.91218474200002,24.732065944282443],[120.91229204700001,24.731842600282441],[120.91239220600002,24.731647480282469],[120.91239668800004,24.731638749282457],[120.91247103500008,24.731451961282449],[120.91254779600001,24.731277825282444],[120.91261563400006,24.731119718282507],[120.91265580700008,24.73096373428249],[120.91270244100005,24.730784820282434],[120.91273616999997,24.730649482282423],[120.91276604700005,24.730524471282482],[120.91281849000002,24.730406451282484],[120.91285374600004,24.730236660282475],[120.91287127600005,24.730082848282443],[120.91285042200002,24.730017241282532],[120.91288121800008,24.729935875282536],[120.91289983800003,24.729803886282468],[120.91292452500011,24.729699510282448],[120.91293437700003,24.729564023282521],[120.91294132100009,24.729479056282507],[120.91293717900008,24.729365320282522],[120.91294175000002,24.7292619632825],[120.912976863,24.729110553282496],[120.91300540699997,24.728995860282506],[120.91301488600004,24.728908612282488],[120.91304192900004,24.728824922282495],[120.9130477880001,24.728718136282552],[120.91305583000005,24.728653856282552],[120.91307921100002,24.72855635028257],[120.913137913,24.728441846282514],[120.91318217800001,24.728406486282601],[120.91326193700004,24.7283311532825],[120.91335397300011,24.728293791282521],[120.91340325200011,24.728259618282532],[120.91345770200009,24.728207113282544],[120.91355151900001,24.728101992282557],[120.91362533700008,24.727982973282572],[120.91368280900005,24.727864991282491],[120.91372517500011,24.727750378282519],[120.91377382400003,24.727635804282631],[120.91378561500004,24.727573848282567],[120.91377772300008,24.727457779282563],[120.91375176200008,24.727402489282607],[120.9137069870001,24.727342497282518],[120.91367093699998,24.727291724282587],[120.91364497500004,24.727236446282554],[120.91364410300007,24.727187049282541],[120.91366694699998,24.727158468282571],[120.91372621800009,24.727132401282557],[120.91384458800003,24.727102086282535],[120.91394513899999,24.727100382282565],[120.91405707300011,24.727089568282565],[120.91417415000005,24.727063849282573],[120.91414727100002,24.72696489728256],[120.91409904900004,24.726863531282518],[120.91402612900004,24.726705723282617],[120.91397564999995,24.726571039282561],[120.91396147700002,24.726454930282568],[120.91396238800009,24.726337774282534],[120.91397273700005,24.726137966282625],[120.91397876000005,24.726010503282581],[120.91397834200006,24.725902518282613],[120.91394784800003,24.725784026282664],[120.91390849299998,24.725673519282584],[120.91386297900014,24.725546902282581],[120.913823802,24.72541342628255],[120.91379441299996,24.725314454282625],[120.91375694100006,24.725123558282569],[120.91373398600003,24.725005105282619],[120.91373021299999,24.724844275282649],[120.91373097300004,24.72474663828265],[120.91373198300005,24.724616851282665],[120.91374491800003,24.724407863282611],[120.91374811400013,24.724320584282587],[120.91378921999998,24.724205961282603],[120.91384543500011,24.724087979282615],[120.91389377800009,24.724012456282676],[120.91399284300006,24.723878652282608],[120.91403971500002,24.723830683282639],[120.91414457000009,24.723760093282667],[120.91422670900012,24.723701995282653],[120.91430257,24.723642702282639],[120.91442405900003,24.723534309282641],[120.914529085,24.723441888282629],[120.91460768600002,24.723353912282647],[120.91465455700008,24.723265799282633],[120.91468495500013,24.723201204282613],[120.91472961300006,24.723087340282611],[120.914782273,24.72299783328268],[120.91486567500004,24.72291633828268],[120.914945762,24.722857407282614],[120.91503335800006,24.722792702282668],[120.91512963800004,24.722709603282642],[120.91524466799997,24.722609186282682],[120.91532724900003,24.722546799282657],[120.91540731200008,24.722483265282648],[120.91552491100006,24.722392015282665],[120.915642377,24.722278969282634],[120.91572488100007,24.722203960282634],[120.91580489200003,24.722132416282673],[120.91587246599995,24.722082725282654],[120.91595741299996,24.721996231282677],[120.91606358200015,24.721885526282684],[120.91615086700007,24.72177034328265],[120.91621428800006,24.721657547282643],[120.91627261400002,24.721534464282691],[120.91629305500011,24.721381727282662],[120.91628249699995,24.721299144282664],[120.916280765,24.721221115282688],[120.91626771399997,24.721141992282735],[120.91624442,24.721031937282685],[120.91622130000002,24.7209505752827],[120.91618430500002,24.720861233282683],[120.91614862900008,24.720782230282722],[120.91610925300009,24.720714719282721],[120.91606975900002,24.720627686282729],[120.91602917500003,24.720568218282693],[120.91600377000007,24.720524741282741],[120.91592926600003,24.720467736282732],[120.91581647200005,24.720315657282669],[120.91575194500003,24.720245982282677],[120.91569875800006,24.720180827282714],[120.91564810700004,24.720119106282763],[120.91558230300001,24.720045990282735],[120.91550283200002,24.7199993312827],[120.91542208500007,24.719949239282737],[120.91536151800003,24.719910525282746],[120.91528827600004,24.719854650282727],[120.91521367800007,24.719782732282731],[120.91512913400001,24.719728060282737],[120.91500402000004,24.719616223282721],[120.91490037000008,24.719520342282696],[120.91480813100009,24.719440466282755],[120.91469821899996,24.719348049282747],[120.91462106900006,24.719269247282714],[120.91456421699998,24.71922133728275],[120.91449337299997,24.719145942282726],[120.91445540100003,24.719102519282682],[120.91437168200004,24.718976710282753],[120.91432587100005,24.718883968282721],[120.91428261000013,24.718796962282727],[120.91426710300001,24.718727043282723],[120.914256706,24.718670852282767],[120.914270296,24.718631775282731],[120.91431511400006,24.718560392282786],[120.91435606399999,24.718472973282751],[120.91437042400001,24.718353547282732],[120.91438500299996,24.718269698282807],[120.91437819800002,24.718183660282808],[120.91433949600004,24.718019739282749],[120.91428368700004,24.717936246282761],[120.91421286400012,24.717864291282769],[120.91414338100004,24.717806116282745],[120.91405383700011,24.717756072282789],[120.91392252999999,24.717659164282761],[120.91380519100007,24.717585142282754],[120.91371181400005,24.717524796282738],[120.91365108800001,24.717459690282777],[120.91363305600009,24.717387476282763],[120.91365913800007,24.71733569428282],[120.91372022500006,24.7172946622828],[120.91374175700004,24.717280197282765],[120.91381708000004,24.717264902282732],[120.91396530799999,24.717250395282786],[120.91408853000007,24.717257815282775],[120.91425439000001,24.717248953282745],[120.91435863300001,24.717235813282727],[120.91444624699997,24.717174548282806],[120.91456513000006,24.717087887282752],[120.91467640000009,24.716989781282802],[120.91478766600009,24.716890529282765],[120.91489656100013,24.716815391282775],[120.91505712800009,24.716762953282792],[120.91523796400003,24.716736791282752],[120.91537230499996,24.716712028282828],[120.91553687200008,24.716697431282789],[120.91571651100001,24.716681613282809],[120.91594007600006,24.716654095282834],[120.91612839800007,24.716618735282751],[120.916359388,24.716572816282778],[120.91651883900005,24.716543328282832],[120.91670210400001,24.716503397282807],[120.91691283999997,24.716433477282802],[120.91708588499998,24.716366048282815],[120.91725405200005,24.716323895282791],[120.91740581300009,24.716270340282815],[120.91754514500006,24.716239808282765],[120.91768328700003,24.71622075128278],[120.91783543100009,24.71623032528278],[120.91804208100005,24.716315352282798],[120.91819842200002,24.716394908282812],[120.91830297800007,24.716433402282789],[120.91837985100004,24.71646629828275],[120.91861174900014,24.716569569282782],[120.91872265200007,24.716618357282805],[120.9188499520001,24.716676246282805],[120.91899488400011,24.716739787282723],[120.91912486200012,24.716824068282779],[120.9192446740001,24.716891162282831],[120.91932287300007,24.716935535282754],[120.91941723099997,24.716949987282803],[120.91959948300006,24.716950210282725],[120.91974138500004,24.716928844282734],[120.91990454100005,24.716889004282727],[120.920154268,24.716823482282734],[120.92038648200004,24.716771817282808],[120.92057856600005,24.716735271282801],[120.92080816000012,24.716666404282787],[120.92091965300001,24.716605022282778],[120.9209871300001,24.716540412282839],[120.92101413200011,24.716433543282811],[120.92101458199998,24.716301563282812],[120.92104266899999,24.716167149282786],[120.92106599100005,24.716075222282832],[120.921123252,24.71598426928276],[120.921192011,24.715923099282762],[120.92134406900006,24.715918891282779],[120.92148751500011,24.715944563282768],[120.92166143000011,24.716020576282833],[120.92180262699998,24.716089872282797],[120.92189067800008,24.716100906282815],[120.92196346400006,24.716082173282782],[120.92199954800003,24.716022314282807],[120.92199516800011,24.715922491282807],[120.92197552299999,24.71579290928284],[120.92193048799999,24.715622134282842],[120.92192620600009,24.715538381282826],[120.92195944600009,24.715424601282837],[120.92206792400007,24.715281751282834],[120.92213946800007,24.715213721282797],[120.92223537500001,24.715122525282805],[120.92241658799998,24.714952906282807],[120.922613036,24.714808467282847],[120.92272586500009,24.714760834282817],[120.92290887500003,24.714679581282855],[120.92308064799995,24.714611005282855],[120.92320122300005,24.714596621282823],[120.92341599699998,24.714571433282874],[120.92363584000007,24.714553108282864],[120.92386469399997,24.714569169282861],[120.92392920699999,24.714636556282848],[120.92406571900001,24.71476210628283],[120.92419979799999,24.714900286282898],[120.92431111100007,24.715015639282846],[120.92451050400004,24.715146612282833],[120.92460140000003,24.715211555282799],[120.92477929800009,24.71532197628288],[120.92495832200007,24.715410593282837],[120.92510815500012,24.715453446282815],[120.92522872500003,24.715437914282781],[120.92538036200008,24.715364846282768],[120.92548667700007,24.715280527282822],[120.92556430700002,24.715231926282797],[120.92571714000005,24.715148532282818],[120.925855089,24.715098481282858],[120.92601965900003,24.71508502028281],[120.92611924000001,24.715131567282842],[120.92623775200006,24.715190646282849],[120.92633347700006,24.715223440282795],[120.92642617500009,24.715172473282852],[120.92650618399996,24.715102070282814],[120.92659004300006,24.715044255282823],[120.92672195300005,24.715034398282789],[120.92688166400004,24.715048524282814],[120.92703901900008,24.715087885282781],[120.92717507900008,24.715138836282819],[120.92732501000003,24.715197750282808],[120.92753431200002,24.715304561282846],[120.9277455150001,24.715515799282826],[120.92784041000006,24.715617463282801],[120.927936526,24.715713368282827],[120.92803485099996,24.715759932282857],[120.92809638800007,24.715751582282799],[120.92817146700008,24.715697256282834],[120.92825012000002,24.715610781282781],[120.92834763000009,24.715525370282823],[120.92847276700004,24.715435216282817],[120.92860557700011,24.715366832282857],[120.92868197600004,24.715322825282851],[120.92877358400006,24.715299412282864],[120.92883132600005,24.715287639282788],[120.9289273390001,24.715366344282806],[120.92906642000005,24.715499906282755],[120.92911453700003,24.715557047282772],[120.92917906000007,24.715625568282842],[120.92923090500005,24.715675802282831],[120.92932595600001,24.715802709282755],[120.92940825600009,24.715899834282798],[120.92950836500005,24.71603130328284],[120.92961976400009,24.716159264282759],[120.929732335,24.716273458282789],[120.92982708400001,24.716351014282811],[120.92995734999995,24.716481180282837],[120.93008237199999,24.716575804282755],[120.93018072800004,24.716626943282815],[120.93023483300011,24.716635844282749],[120.93030008399997,24.71661829528281],[120.93035002700003,24.71656409228277],[120.93038707199999,24.716457182282799],[120.93044847700003,24.716223899282785],[120.93047878400003,24.716043566282785],[120.93051738300002,24.715780559282791],[120.930543001,24.715655334282818],[120.93058226600006,24.715500201282772],[120.93064386,24.715297905282831],[120.93068090799997,24.71519098628287],[120.93074796900009,24.715059811282849],[120.93089384800008,24.714868551282844],[120.93098498900007,24.714769395282815],[120.93113373700012,24.714636660282839],[120.93124371899999,24.714535101282895],[120.93144631400006,24.714369960282816],[120.93157514100004,24.714267153282819],[120.931765473,24.714151419282857],[120.93193070200007,24.714041543282821],[120.93208472300003,24.713947803282796],[120.93226887299998,24.713849303282835],[120.93235522899994,24.71378918428282],[120.93250690300005,24.713722999282851],[120.93261952200004,24.713642090282818],[120.93270458100008,24.713576235282872],[120.9328133170001,24.713476978282845],[120.93289461800006,24.713387392282897],[120.93303652900009,24.713288627282807],[120.93314789000007,24.713251096282896],[120.93328059100004,24.713223319282822],[120.93349082200002,24.713189344282853],[120.93357985900002,24.713177340282833],[120.93366519000004,24.713173386282858],[120.93374923200008,24.713164845282876],[120.93382588800002,24.713176987282804],[120.93392132400001,24.713182131282878],[120.93400040700008,24.713182797282851],[120.93407452400001,24.713190360282852],[120.93416607100002,24.713178347282831],[120.93426122000007,24.713143385282876],[120.9342912760001,24.713132888282896],[120.93443422200001,24.713111390282887],[120.93453695399998,24.713083265282872],[120.93460836200003,24.713063343282911],[120.93468361100005,24.713053724282915],[120.93477271800003,24.713052030282867],[120.93484552200002,24.713051582282827],[120.93491822800002,24.713037386282888],[120.93501970300004,24.713009267282871],[120.93512740700008,24.712974229282811],[120.93519976800002,24.712911917282913],[120.93539913300002,24.712703287282881],[120.93542097000004,24.712596586282856],[120.93548615200011,24.712667570282864],[120.93550840800016,24.712712931282969],[120.93554527300002,24.712778017282847],[120.93556196100016,24.712830624282855],[120.93561805899998,24.712952899282925],[120.935674027,24.713056825282994],[120.93571845400002,24.713126464282986],[120.93574769799996,24.71317898728288],[120.93578469100011,24.713262411282848],[120.93583312900012,24.71336639828284],[120.93590166700001,24.713472540282833],[120.93592588700007,24.713525089282911],[120.93596514800002,24.713574142282795],[120.93600196500013,24.713632356282915],[120.93601874200019,24.713697561282892],[120.93606624400012,24.713846239282926],[120.93609096100013,24.713968713282927],[120.93612959500012,24.71410596828283],[120.93615537400005,24.714200915282859],[120.9361657880002,24.714253575282871],[120.93613847399997,24.714296134282918],[120.93610625400007,24.714354771282792],[120.93605786200006,24.714434141282798],[120.93601320000016,24.714508889282758],[120.9359972810001,24.71456513928289],[120.93600654800018,24.714632688282876],[120.93602578000016,24.714689865282903],[120.93607498700021,24.714725089282695],[120.93615561400024,24.71476584228288],[120.9363227040002,24.714785444282903],[120.93636682300021,24.714811527282745],[120.93641466000011,24.714830716282922],[120.93648642800018,24.714861228282953],[120.93669927500011,24.714960750282746],[120.93674595399999,24.714993698282804],[120.93679523400023,24.715039231282834],[120.93685353300008,24.715117943282685],[120.9370430150002,24.715285235282945],[120.93709616800008,24.715345640282873],[120.93714668299999,24.715388865282812],[120.93732232300025,24.715551652282773],[120.93740835600006,24.715646237282964],[120.93747279500016,24.715705430282789],[120.93765470400002,24.715867028282837],[120.93771294300024,24.715936575282729],[120.93786076700019,24.716070874282828],[120.93798444600023,24.71616408528272],[120.93805010800007,24.716218681282882],[120.93815241800017,24.716307431282679],[120.93830259100015,24.716418816282832],[120.93841858599998,24.716490298282881],[120.93849798400008,24.716534500282808],[120.93856846600021,24.7165604252829],[120.93861905700021,24.716613967282893],[120.93862576500025,24.716674651282759],[120.93861353100013,24.716719420282825],[120.93859775800016,24.716796294282787],[120.93858454700005,24.71688002028279],[120.93856020000024,24.71698673828265],[120.9385371180001,24.717094595282859],[120.93853007599999,24.717163390282685],[120.93852291100008,24.717214996282692],[120.9384994520001,24.717270153282815],[120.93845370100023,24.717367825282636],[120.93840314700005,24.717496481282886],[120.93836727599999,24.717571179282757],[120.93835502500025,24.71761365428263],[120.93831920000009,24.717695233282715],[120.93828719300002,24.717783665282742],[120.93822666299999,24.717921535282873],[120.93818566400009,24.717981377282854],[120.93816841600008,24.718027318282736],[120.93816002100009,24.718082373282854],[120.93815550400008,24.71815344428278],[120.93815221700014,24.718221078282784],[120.93815546400015,24.718324187282782],[120.93819505100006,24.718419058282731],[120.93825844299997,24.718506898282904],[120.93833321100011,24.718606127282843],[120.93841532700007,24.718678969282834],[120.93848739000018,24.718750713282624],[120.93854415400007,24.718789307282631],[120.93859607700001,24.718853179282849],[120.93864929499996,24.718922749282736],[120.93867755600012,24.719013093282662],[120.93870957200008,24.719102282282758],[120.93872125300017,24.719156063282842],[120.93874575400014,24.719247596282617],[120.93874648000022,24.719349567282695],[120.93873841199998,24.719450461282605],[120.93871996400016,24.719504426282711],[120.938691576,24.719572212282735],[120.93866184000012,24.71962739228276],[120.93861083900001,24.719693038282788],[120.93857361300012,24.719753984282857],[120.93856521800011,24.71980903828269],[120.93856560900018,24.719864041282801],[120.9385937940001,24.719944074282758],[120.93865094400012,24.72003654228277],[120.93870798400022,24.720114104282697],[120.93873977600019,24.720171215282814],[120.93877407600009,24.720228299282741],[120.93881083700002,24.72027848628262],[120.93883395600005,24.720351692282634],[120.93883443100002,24.720418143282714],[120.93878374000009,24.720527316282595],[120.93874049200014,24.720623842282574],[120.93870094400009,24.720711170282698],[120.93863378600012,24.720799815282753],[120.93855151000007,24.720880540282678],[120.93849540500004,24.720934737282722],[120.93840086300013,24.721055628282592],[120.93834630500021,24.721151066282676],[120.9383105170002,24.721237229282611],[120.93828479300011,24.721326767282545],[120.93827767700024,24.721385253282595],[120.93827198200019,24.721466643282753],[120.93828426700026,24.721605222282673],[120.93830511000019,24.721711661282693],[120.93832316700001,24.721779158282672],[120.93835149300003,24.72187868328265],[120.93840266499998,24.722012430282785],[120.93843447900024,24.722072962282731],[120.93848386000015,24.722132255282673],[120.93856993900025,24.722232564282621],[120.93862432500013,24.722289521282708],[120.93869628700021,24.722346378282701],[120.9387530800002,24.722388428282805],[120.93880858100019,24.722425902282705],[120.93886281300014,24.722461092282774],[120.93894868900007,24.722532759282753],[120.93901952500006,24.722607944282665],[120.93906912999999,24.722698161282764],[120.93909086200011,24.722753028282774],[120.93910520400011,24.722827430282702],[120.93909689000023,24.722893942282695],[120.93904842300005,24.722962992282728],[120.93901485500012,24.723009042282623],[120.93898746199999,24.72304014428261],[120.93890432500022,24.723174309282701],[120.93888332000007,24.723224727282521],[120.93887261100018,24.723257106282627],[120.93885841100006,24.723305934282671],[120.93884547900005,24.723389616282663],[120.93884138100005,24.72346415428262],[120.93882582900002,24.723571924282556],[120.93882519300014,24.723716438282608],[120.93882435800006,24.723905698282632],[120.93883139900012,24.724018134282616],[120.93881564100013,24.72417291628253],[120.93876977099998,24.724317276282569],[120.93870999700002,24.724481078282711],[120.93866784100011,24.724638061282551],[120.93863825600013,24.724793965282483],[120.93863914300002,24.724877690282561],[120.93869655700016,24.724963919282587],[120.93883062200015,24.725049303282468],[120.93896474500006,24.725120910282698],[120.93907641700005,24.725155734282467],[120.93917667800009,24.725213461282539],[120.93925043500016,24.725298603282479],[120.93926623500012,24.725420245282585],[120.93922794700008,24.725554305282582],[120.93916955700014,24.725689432282657],[120.9391135880002,24.72584408028256],[120.93904246700001,24.726017024282655],[120.93898401200013,24.726165911282447],[120.9389191850001,24.726335435282618],[120.93883184700015,24.726480788282572],[120.93869140600017,24.726701637282634],[120.93855144600005,24.726813526282555],[120.93836254200015,24.726911472282662],[120.93819385300004,24.726984256282655],[120.93805659300016,24.727053711282622],[120.93792057600001,24.727125469282694],[120.93785996600005,24.727192925282591],[120.93782203900008,24.727245547282592],[120.9378230440001,24.727302899282538],[120.93786927800021,24.727360429282584],[120.93797075000006,24.72742847628254],[120.9381312030001,24.727513945282578],[120.93829681800005,24.727568475282474],[120.93848765300019,24.727602445282528],[120.93864214600001,24.727614481282647],[120.93875390400001,24.727629804282483],[120.93887952500002,24.727636003282644],[120.9389333280002,24.727686677282481],[120.93894532100006,24.727817480282646],[120.93891586000017,24.72794468228269],[120.93887891500006,24.728059251282403],[120.93884065900016,24.728186433282438],[120.93876556300009,24.728405231282409],[120.93870565900022,24.728597716282522],[120.93864463900005,24.728758077282468],[120.93856852400015,24.728922954282602],[120.93846732600011,24.729076283282588],[120.93841310800005,24.729118524282622],[120.93831860900006,24.729178961282553],[120.93825315800015,24.729203953282394],[120.93812594600011,24.729273449282552],[120.93804902300005,24.729336257282593],[120.93800466300011,24.729423265282424],[120.93802319900013,24.729494446282356],[120.93806179900004,24.729574882282446],[120.93809929700004,24.729619760282425],[120.93822694500011,24.729737222282633],[120.93839625800011,24.729808971282626],[120.93844521499996,24.729819463282602],[120.93854948200023,24.729824446282571],[120.93875311700005,24.729805704282622],[120.93894554500007,24.729763961282536],[120.93910403600012,24.729725563282653],[120.93919712500009,24.729700665282543],[120.93937707200006,24.729639388282447],[120.93956720100016,24.729549484282561],[120.93967174500003,24.72949137228256],[120.9397524230002,24.729432023282538],[120.9399264230002,24.729293873282646],[120.94003862400018,24.729209407282593],[120.94009157600011,24.729168313282567],[120.94016088500008,24.729122690282612],[120.94019991100002,24.729105634282618],[120.94034868300015,24.728991471282413],[120.94044833700006,24.72890237828268],[120.94048748500011,24.72885778428245],[120.94053693400021,24.728755886282556],[120.94055842700003,24.728726137282578],[120.94058775400003,24.728628757282426],[120.9405957570001,24.728523248282492],[120.9406099600002,24.728436138282571],[120.94075845500005,24.72838506528252],[120.94084523600013,24.728365887282617],[120.94109026200006,24.728363348282414],[120.9412484690001,24.728389169282607],[120.94138789200017,24.728400003282513],[120.94155615400007,24.728424707282691],[120.94174691300022,24.728477022282398],[120.94181439800012,24.728559860282598],[120.94180531200014,24.728626354282596],[120.94178235400004,24.728704272282645],[120.94175807300016,24.728797085282494],[120.94176501500012,24.72893360128252],[120.94177709100013,24.729044912282571],[120.94181167899997,24.729180384282579],[120.94183380300011,24.729292873282557],[120.941872265,24.729405422282458],[120.94191699400015,24.729521431282652],[120.94196677400011,24.729631735282428],[120.94200904800005,24.729733965282641],[120.94208253400019,24.729883356282382],[120.9421834450001,24.730082153282478],[120.94226211800002,24.730193704282474],[120.9423157290001,24.730290251282639],[120.94232918100026,24.730375171282478],[120.94232259900008,24.730443977282576],[120.94227330000015,24.730511466282469],[120.94223536900006,24.730565236282558],[120.94215453900019,24.73066013328242],[120.94206107500008,24.730771068282547],[120.94194868900003,24.730897966282551],[120.9418766600002,24.730991739282587],[120.94177424100006,24.731138199282618],[120.94162144100004,24.73131312528243],[120.94150661500022,24.731423972282542],[120.94140182000007,24.731539425282314],[120.9413399240002,24.731613762282432],[120.94126662300008,24.731710980282397],[120.94119450700008,24.731824271282445],[120.94111745300016,24.731916894282371],[120.94101023300018,24.732012854282498],[120.94088554400001,24.732078914282543],[120.94081123900007,24.732117645282454],[120.94068545900006,24.732147000282495],[120.940528169,24.732198031282543],[120.94036076900019,24.732261645282382],[120.94027140400024,24.732296876282451],[120.94012537800009,24.732358277282383],[120.94005610700005,24.732394724282546],[120.93995536200021,24.732445977282442],[120.93989109900004,24.732487031282371],[120.93985934000001,24.732566056282423],[120.93984264600014,24.732648570282596],[120.93985352700021,24.732746113282573],[120.93989829400003,24.732852950282357],[120.93995565400016,24.732954093282455],[120.94000549100019,24.733050629282541],[120.94007797500016,24.733141515282419],[120.94016815600006,24.733208371282348],[120.94028098000017,24.733268431282344],[120.94036995900015,24.733322675282491],[120.94042257500016,24.733358421282421],[120.94045377900007,24.733406711282509],[120.9404884410002,24.733526121282438],[120.94052193200011,24.733626045282527],[120.94055791700025,24.733730548282562],[120.9405915210001,24.733804083282511],[120.94062379500021,24.733894817282465],[120.94065621400011,24.733952288282417],[120.94069606300013,24.734035016282519],[120.94078980100008,24.734150070282443],[120.94088861300017,24.734254806282408],[120.94094243900017,24.734302028282411],[120.94098493400007,24.734353806282332],[120.94102877400022,24.734386092282424],[120.94109380700009,24.734456288282367],[120.941182701,24.734530024282439],[120.94128661800015,24.734616433282476],[120.94131781800014,24.734665878282481],[120.9414192170001,24.734753415282249],[120.94145053000011,24.734776469282476],[120.94155313600008,24.734875490282409],[120.94168197000026,24.735011314282456],[120.94170687500002,24.735063023282386],[120.9417165760001,24.73514334428236],[120.94172122700004,24.735229391282459],[120.94171671900021,24.735399128282292],[120.9417272650002,24.735574669282421],[120.94174826399998,24.735657324282421],[120.9417981270001,24.735749274282306],[120.94184428700019,24.735825143282362],[120.94189284500021,24.735928549282299],[120.94191130800014,24.736016947282423],[120.94189441199998,24.736145347282292],[120.94189151300009,24.736233647282397],[120.94188341000013,24.736363241282461],[120.94188623000001,24.736581177282286],[120.94185804600026,24.736704949282217],[120.94180216800017,24.736840088282285],[120.94174764500009,24.736952293282346],[120.94172362100007,24.736986609282425],[120.94170060300013,24.737078297282373],[120.94172784400004,24.73717130428232],[120.941776354,24.737285040282419],[120.94185758100014,24.737388566282359],[120.94190505100008,24.737451823282463],[120.94201145200007,24.737546268282358],[120.94206274600013,24.737598075282197],[120.94220061000011,24.737681166282321],[120.94231331,24.737771053282383],[120.94240212800017,24.737863135282367],[120.94246958900005,24.73795399928234],[120.94249562500009,24.738034383282322],[120.94251520200018,24.738156043282448],[120.94254471600004,24.738304116282244],[120.94256706000013,24.73836728928223],[120.94259687900002,24.738445388282305],[120.9426708240002,24.73849038928229],[120.94276240600003,24.738525148282331],[120.94284895200009,24.738561017282361],[120.94291785100002,24.738610592282466],[120.94297546400017,24.738654386282356],[120.94306933400003,24.738740753282308],[120.94311426200018,24.738812035282251],[120.94315651999997,24.738920016282304],[120.943176276,24.739000369282291],[120.94320121500002,24.739045197282174],[120.94319067200003,24.739157564282323],[120.94318370100008,24.739316971282271],[120.94313909100002,24.739461333282399],[120.94309857100004,24.739533438282422],[120.94306278400002,24.739672089282163],[120.94303725300013,24.739763765282291],[120.94304442600009,24.739848673282204],[120.94307556700018,24.739911868282189],[120.94310806900003,24.739950985282412],[120.94314423200001,24.740015353282132],[120.94317898000004,24.740116417282415],[120.94323373200022,24.740240492282197],[120.94326463500012,24.740358743282389],[120.94329303800006,24.740473554282385],[120.9433289740001,24.740590677282398],[120.94336874700002,24.74069176128214],[120.94342597800005,24.740823880282139],[120.94349190100009,24.740981257282375],[120.94354544900008,24.74109271128226],[120.94359269800016,24.741208738282271],[120.94365000100002,24.741324787282366],[120.94364678400004,24.741487653282338],[120.94362344099997,24.741653881282232],[120.94361896200002,24.741817877282298],[120.94363951500004,24.742004924282131],[120.94366262400011,24.742181641282276],[120.94368588500008,24.742323960282238],[120.94371284700016,24.742481197282181],[120.94372351800014,24.74262920728226],[120.94373070900022,24.742709520282148],[120.94373880600008,24.742871272282212],[120.94374804100013,24.743060563282231],[120.94374575000003,24.743299144282076],[120.94377249800011,24.743506833282112],[120.94379831900002,24.743637686282192],[120.94381923600008,24.743741000282306],[120.94387148700014,24.743862772282256],[120.94393130700001,24.743977694282336],[120.94397499799999,24.744045523282082],[120.94407248400007,24.744168612282323],[120.94412498100006,24.744233034282061],[120.94423248900007,24.74436418828224],[120.94429880700015,24.744429815282174],[120.9443615310001,24.74445412628204],[120.94442425500016,24.744479593282112],[120.94450086000006,24.744491341282199],[120.94457873200004,24.744500813282176],[120.94466924400014,24.744493109282256],[120.94477861100015,24.744484337282245],[120.94485272500015,24.744490341282198],[120.94489659899997,24.744506549282296],[120.94489663800006,24.744506564282126],[120.94494051200004,24.744531951282177],[120.94498673000015,24.744596351282265],[120.94504923100025,24.744673443282249],[120.94515909700017,24.744839007282263],[120.94530027800015,24.745029924282147],[120.94542298400017,24.745132453282189],[120.94553329300015,24.745197093282222],[120.94568762700013,24.745251565282192],[120.94578553600013,24.745277161282267],[120.94587337300014,24.745307304282093],[120.94604424100005,24.745315961282277],[120.9461424080001,24.74528191228222],[120.94616643700013,24.745246439282127],[120.94620695500011,24.745175469282209],[120.9462701230001,24.745097701282162],[120.94635089300004,24.745017709282305],[120.94644553800005,24.744926299282202],[120.94650863700021,24.744864593282156],[120.94658167900003,24.74482815328227],[120.946726287,24.744806886282095],[120.94681681800003,24.744794603282049],[120.94693615600013,24.744805354282242],[120.94707302800019,24.744828805282044],[120.94715712700022,24.744850901282188],[120.94726752800003,24.744894891282271],[120.94735525300008,24.744950269282228],[120.9474705890002,24.745014909282254],[120.94763734500009,24.745102700282217],[120.94776279100014,24.745153620282267],[120.94784310500003,24.745180281282256],[120.94796863900004,24.745210580282095],[120.94810174700004,24.745232855282243],[120.94823376400022,24.745217282282198],[120.94830167800015,24.745204909282162],[120.94836457300003,24.74519022328219],[120.94846156200005,24.745137817282295],[120.948542277,24.745070436282052],[120.94860422000015,24.744984640282329],[120.94864876500017,24.744854046282178],[120.94869070000018,24.744745229282152],[120.9487036300002,24.744660399282239],[120.94873921500022,24.744567625282112],[120.94882121900004,24.744493364282185],[120.94892318200006,24.744452446282082],[120.9489910990001,24.744438925282132],[120.94911930100002,24.744433661282319],[120.94929766500005,24.744451517282183],[120.94948104900003,24.744471675282167],[120.94965567100009,24.744483779282199],[120.94975234800008,24.744503630282061],[120.94990688300018,24.744511067282318],[120.95008773000004,24.744536967282329],[120.95026997300012,24.744529597282177],[120.95035668000018,24.744529905282267],[120.95048352900001,24.744546425282127],[120.95068330500011,24.744554030282135],[120.95087058200025,24.744545533282057],[120.95100511699999,24.744527662282191],[120.9511220390001,24.74451547728205],[120.95128810900016,24.744470197282219],[120.95133346100016,24.744443966282184],[120.95138762600013,24.744413205282125],[120.95147211200003,24.744345833282239],[120.9515302150002,24.744276077282255],[120.95163886800006,24.744139987282356],[120.95169066800017,24.744074791282284],[120.95176137100007,24.743997057282257],[120.95178919900013,24.743954703282299],[120.95186746200014,24.743872404282062],[120.95194948499999,24.743792410282296],[120.95203502300005,24.743772079282294],[120.95210788400006,24.743778078282162],[120.95215810900001,24.743787430282243],[120.95223713699997,24.743819832282256],[120.95231982800026,24.74387747828213],[120.95238737000007,24.74395227728219],[120.95243992400007,24.744005238282313],[120.95248867200019,24.744066197282287],[120.95254874000003,24.744124912282263],[120.95261777900012,24.74414235928219],[120.95270708899999,24.744122044282108],[120.95278263800017,24.744086757282123],[120.95285952600014,24.744031978282209],[120.95291260700017,24.743961055282295],[120.95299585100007,24.74388909728221],[120.95307774800008,24.743838932282134],[120.95316839600004,24.743799106282221],[120.95328158500017,24.743777727282147],[120.95340232200012,24.743754073282233],[120.95352054900003,24.743730410282311],[120.95362013800012,24.743656215282297],[120.95367443700015,24.743594466282257],[120.95372240200004,24.743544175282278],[120.95379301700018,24.743487080282172],[120.95383461700018,24.743456260282109],[120.95389382900011,24.743420913282105],[120.95397682000024,24.743408596282059],[120.95409488400004,24.743422780282256],[120.95417650600022,24.743436845282275],[120.95425676100004,24.743476126282143],[120.95431438999999,24.743517630282287],[120.95440336900008,24.743574159282179],[120.95451230200004,24.74366744828226],[120.95459865800014,24.743750341282272],[120.95464985500021,24.743826233282064],[120.95470351500002,24.74391474928219],[120.95474469000008,24.743983714282216],[120.95481455100017,24.74410440328225],[120.9548481180001,24.74418939928217],[120.95489676700012,24.744274447282187],[120.95492795600005,24.744327328282306],[120.95499050999997,24.744392931282054],[120.95503942500012,24.744414904282181],[120.95514484200021,24.744448541282303],[120.95526412299996,24.744471916282187],[120.95539853400017,24.744483882282292],[120.95543872600004,24.744488597282235],[120.95552545300019,24.744484327282233],[120.95556945200019,24.744479888282221],[120.95563366699999,24.744450311282272],[120.95569915000017,24.744418414282112],[120.9557431180001,24.744422020282066],[120.95577828300006,24.744426734282175],[120.95583594600022,24.744460203282198],[120.95590228900002,24.744521228282178],[120.95595355400009,24.744582207282075],[120.95599094000025,24.744655755282114],[120.9560621250001,24.744760383282241],[120.95609947400007,24.744843097282153],[120.95614191200002,24.744910925282177],[120.95620441700024,24.744988003282163],[120.95625437300011,24.745060444282196],[120.95629065700007,24.745098422282055],[120.95632572999997,24.745124931282295],[120.95637838299996,24.745154930282109],[120.9564687100001,24.745190826282148],[120.95653646300019,24.745216298282202],[120.95665078200012,24.745224737282108],[120.95673995200005,24.74523652928228],[120.9568316670001,24.745241438282157],[120.95690577000008,24.745250886282054],[120.95698490500016,24.745259207282206],[120.95708289000018,24.745266430282186],[120.95716329199999,24.745272457282152],[120.95724374000008,24.745267008282145],[120.95731910800011,24.745274162282207],[120.95740582400006,24.745272172282036],[120.95747867700015,24.745280466282285],[120.9575476780002,24.745307093282165],[120.95761159300015,24.745348616282229],[120.95766661900018,24.745411896282054],[120.95769781999998,24.745462482282139],[120.95772654800005,24.745503878282285],[120.95775896400016,24.745564776282077],[120.95777504900018,24.74562447928222],[120.95779101300008,24.745711718282251],[120.9577982000002,24.745795471282158],[120.95779911700012,24.745875763282225],[120.95779129800009,24.745942257282223],[120.95779474600018,24.746017982282083],[120.95779314000016,24.746100558282166],[120.95778143500014,24.746193423282211],[120.95775962800022,24.746298873282136],[120.95774302000008,24.746363044282024],[120.95771886700004,24.746428332282196],[120.95768594099999,24.746487859282134],[120.95766064500002,24.746526765282255],[120.95763783500009,24.746571415282119],[120.95759736100003,24.746633223282178],[120.95757072400021,24.746691622282032],[120.95755287400016,24.746752342282171],[120.95753254300008,24.746805037282186],[120.95752223700013,24.746864641282141],[120.95752824900008,24.746928901282114],[120.95753170400019,24.747003459282155],[120.95754398500003,24.747071178282173],[120.957566161,24.747175630282193],[120.95759212600004,24.747275522282109],[120.95759807300017,24.747355832282082],[120.95759651400022,24.747426943282115],[120.95759752900013,24.747484301282146],[120.95759483900008,24.747525580282197],[120.95759717900012,24.747566878282239],[120.95757301000005,24.747635617282135],[120.95755133200021,24.747710088282179],[120.95752975800021,24.74776048028216],[120.95750054900009,24.747832637282279],[120.95746639400021,24.747885274282098],[120.95744486700021,24.747924190282031],[120.95742959700009,24.747968878282084],[120.95740681000005,24.748007786282113],[120.95738532300005,24.748037519282068],[120.9573448380002,24.748101620282224],[120.95730066500016,24.748146201282101],[120.95725400700022,24.748183881282198],[120.95721494500017,24.748208980282232],[120.95717259500023,24.748254445282079],[120.95716698900004,24.748291300282112],[120.95716371900019,24.7483127952822],[120.95715571200017,24.748359752282084],[120.95717388100016,24.748431002282121],[120.95717198700018,24.748496351282107],[120.95717745500009,24.748580120282202],[120.95718554000007,24.74865358028196],[120.95718476400016,24.748732699282119],[120.95718158800017,24.748800331282109],[120.95717963500019,24.748871414282135],[120.9571776840001,24.748942495282055],[120.95719076500005,24.749019433282218],[120.95719634600006,24.749091736282157],[120.957212798,24.749209990282079],[120.95722615000012,24.749259408282086],[120.95724195700011,24.749314587282012],[120.95728408600004,24.749379163282033],[120.95731000000013,24.749429840282147],[120.95734975700006,24.749479480282158],[120.95737578300007,24.749518681282119],[120.95740924400009,24.749569424282143],[120.95744407200013,24.749608699282106],[120.95746769400004,24.749636415281994],[120.95750153500001,24.749648170282079],[120.95760869099999,24.749621540282192],[120.95766542400024,24.749607110282057],[120.95772222200016,24.749585791282069],[120.957776497,24.749565599281997],[120.95784334600003,24.749545521282212],[120.95789133400001,24.749525275282121],[120.95794565100005,24.749500496282131],[120.95798972999999,24.749493981282107],[120.95807041100026,24.749474014282242],[120.95839225500006,24.749288546282173],[120.95844209400011,24.749264913281994],[120.958555561,24.749216263282051],[120.95861756000015,24.749245308282166],[120.95886605500019,24.749391316282157],[120.95916844799999,24.749532002281974],[120.95945173700007,24.749732687282055],[120.9596370830002,24.749856546282007],[120.95997309600003,24.750056514282111],[120.96003916400016,24.75010386928221],[120.96017212500026,24.750172162282087],[120.96023157600011,24.750198930282171],[120.96032067500001,24.750272411282022],[120.96036191599995,24.750337338282073],[120.96040986900013,24.750428595282067],[120.96049968700018,24.750622690282047],[120.96053705000007,24.750680772282056],[120.96061136400019,24.750771672282028],[120.96072568100024,24.75085170628217],[120.960775721,24.750884612282032],[120.96079930100009,24.750900112281979],[120.96085787500007,24.750949865282024],[120.96088500900018,24.750996605282158],[120.96090599700015,24.751051459282071],[120.96092260600008,24.751145452282024],[120.96094502200015,24.751163362281911],[120.96094805100006,24.7511657822822],[120.96110444800003,24.751208475282105],[120.96132692900015,24.751222708282025],[120.96141847600008,24.751215734282063],[120.96145375700016,24.751223290282081],[120.96149854100021,24.751274387282052],[120.9615142450002,24.751313251281964],[120.96154803300023,24.751382870281954],[120.96160538100018,24.751587728282015],[120.96167997300005,24.751925627282002],[120.96171804000019,24.75210318628212],[120.96174429800021,24.752172901282123],[120.96179509000017,24.752437601281887],[120.96181375400018,24.752503976281961],[120.96182697600013,24.752620971282056],[120.96184168600011,24.752675915281891],[120.96187915200019,24.752816728281907],[120.9619531710001,24.752966217281919],[120.96198321200009,24.753037044282099],[120.96202908800016,24.753154753281976],[120.96205645000011,24.753215271281913],[120.96211632300016,24.753344278282022],[120.96218595499998,24.753455928282115],[120.96222978500008,24.753525414281992],[120.9622827630001,24.753616599281987],[120.96231874100022,24.753666663282047],[120.96249074400009,24.753895258282043],[120.96253678500017,24.753946346282],[120.96261629600018,24.754047512282018],[120.96266248600007,24.754107772282026],[120.9628214080001,24.754304376281954],[120.96284591800026,24.754344262282043],[120.9627586560001,24.75453613628202],[120.96268722400018,24.754697937282089],[120.96267329000008,24.754767058282031],[120.96268556400004,24.754826633282068],[120.96270957400006,24.754912466281976],[120.9627606730002,24.754965765282041],[120.96281419200002,24.755013297282062],[120.96287280500016,24.755065353282102],[120.96296304899997,24.755131917282089],[120.96312413899997,24.755230837281943],[120.96319395700016,24.755276983281931],[120.96329175200016,24.755344612281927],[120.96336033400009,24.755391941281843],[120.96346721800013,24.755477801282115],[120.9634979870002,24.755516462281939],[120.96355875200007,24.755546650282032],[120.96362287300005,24.755551531281998],[120.96371938900003,24.755541037282008],[120.96384792100001,24.75549220528206],[120.96391513000005,24.75545568228187],[120.96401686800004,24.755380786281989],[120.96414413800018,24.755255003281881],[120.96420128200012,24.755217465281977],[120.96434398300002,24.75519027028195],[120.96440711100009,24.755211240281998],[120.96462018200005,24.755340465281865],[120.96468788600023,24.755410794281982],[120.96478381200018,24.755517490282113],[120.96482112100017,24.755572125281834],[120.96497975500004,24.755827321282066],[120.96501708300013,24.755883109282063],[120.96509031800005,24.755984372282008],[120.96511106600016,24.756024293281925],[120.9652680010002,24.756176138282058],[120.96531992700004,24.75620299228197],[120.96543188200006,24.756215270282109],[120.96551719300012,24.756210668281799],[120.96565856300018,24.756178891282016],[120.9657221920002,24.756153906281998],[120.96591404800007,24.75598474328195],[120.9659350300002,24.755962628281896],[120.96598434400012,24.755906825282072],[120.96608450300006,24.75581241528208],[120.96615562699999,24.755785030282027],[120.96631865900017,24.755772489281977],[120.96644984200009,24.755808624282032],[120.96652691200006,24.755837452282016],[120.96664116000009,24.755912877281954],[120.96670088000008,24.755955739282047],[120.96695259600021,24.756144188281805],[120.96710008700016,24.756255922282083],[120.96715716600026,24.756290768281858],[120.96734996800004,24.756408787282023],[120.96740489099997,24.756465492282015],[120.96744172600017,24.756644204281951],[120.96755281500022,24.756986197281925],[120.96762740900009,24.757170146282043],[120.96768685800021,24.757502495281809],[120.96756364100023,24.757722425281887],[120.96749667700013,24.757773884281786],[120.96728610400018,24.757950194281804],[120.96723549700008,24.758003723281885],[120.96721934199998,24.758167066281899],[120.9672454710002,24.758228748282033],[120.967420371,24.758480280281777],[120.96745393600013,24.75853611928196],[120.9674664850002,24.758688733281968],[120.9674727100001,24.75876217628192],[120.96748664600008,24.759075607281915],[120.96749527300008,24.759142124281908],[120.96748501500012,24.75928241028188],[120.9675022800002,24.759339629281989],[120.96749355700003,24.759649915281813],[120.96749330100018,24.759710804281873],[120.96749949800017,24.75985891128196],[120.96751413600013,24.759909268281941],[120.96750601100008,24.760179332281901],[120.9675182350002,24.760235475281842],[120.96751562500016,24.760382560281748],[120.96751919100011,24.760446835281918],[120.96754174500018,24.760597023281907],[120.96759693500006,24.760669807281896],[120.96767723500004,24.760742244281928],[120.9677370520001,24.760790830281863],[120.96784751800008,24.760865169281878],[120.96789462900009,24.76090473428178],[120.9681010070001,24.761084601281922],[120.96813240000004,24.761161145281843],[120.96815703500012,24.761284887281967],[120.96817428000021,24.761340951281717],[120.96818508400024,24.761463725281743],[120.96827075600012,24.761633733281865],[120.96829436900012,24.76169544928182],[120.96836168600019,24.761818607281892],[120.96842057000018,24.761886749281832],[120.96855475000007,24.762028537281836],[120.968618265,24.762149443281796],[120.96864459700005,24.762223764281917],[120.96866704300024,24.762367053281771],[120.96868074600012,24.762436949281863],[120.96870294200008,24.762718106281856],[120.96871168200001,24.76279151028179],[120.96873635499999,24.762917546281919],[120.96876139600012,24.762989582281829],[120.96885526600025,24.763276668281797],[120.96887374700019,24.763331557281791],[120.96890720900004,24.763457469281807],[120.96892204000009,24.763519310281694],[120.96900917900012,24.763778903281754],[120.969054063,24.763835737281664],[120.96913384400001,24.763952991281869],[120.9691850240001,24.764010885281774],[120.96935787000011,24.764213046281704],[120.96940282800009,24.76427446828162],[120.96944003800016,24.764399179281824],[120.9694674230001,24.764460841281778],[120.96959923200009,24.764687668281706],[120.96963158000017,24.764745818281821],[120.96966487400002,24.764861409281782],[120.9696982860002,24.764908059281726],[120.9697219160001,24.765046735281739],[120.96983310400014,24.765164708281819],[120.97005499200021,24.765218005281792],[120.97013688000007,24.765234127281797],[120.97037858100016,24.765346889281609],[120.97044688700022,24.765376987281886],[120.97056243600002,24.765454684281742],[120.97063081400007,24.765489376281863],[120.97074370800009,24.765574003281841],[120.97083551100005,24.765642822281766],[120.97098529800009,24.76574075728178],[120.97110029500004,24.765708185281653],[120.97114422900019,24.765630621281716],[120.97117056600005,24.765552148281895],[120.97119480800022,24.76549897528184],[120.97123089600007,24.765326173281679],[120.97127646400021,24.765118766281752],[120.9712979100002,24.765048401281607],[120.97147402700011,24.764838085281632],[120.97161214500011,24.764684569281808],[120.97198585100001,24.764577271281812],[120.97218767100011,24.764631985281632],[120.9722670110001,24.764645851281802],[120.972348278,24.764624070281783],[120.97252286100004,24.764473505281753],[120.97256851900018,24.764424641281803],[120.97270048500019,24.764355072281809],[120.97274504100004,24.764315408281632],[120.973017203,24.764218679281804],[120.97309975900008,24.764199174281799],[120.97325204800016,24.764220083281757],[120.97332265700004,24.764237513281774],[120.97351559600021,24.764439392281869],[120.97362632400004,24.764605612281752],[120.97366864300007,24.764659042281743],[120.97381604600011,24.764840842281853],[120.97387713900011,24.764890563281789],[120.97401746299997,24.764947270281773],[120.97407817500002,24.764974005281676],[120.97441517100003,24.765001600281735],[120.97446225600019,24.76496304728165],[120.97456614700016,24.764866287281659],[120.9746005830001,24.764822179281822],[120.97465476900014,24.764528494281684],[120.97467942200005,24.764347799281747],[120.974702405,24.764294641281793],[120.97488603000028,24.764083068281884],[120.974944166,24.764029439281703],[120.97507176899998,24.764000144281756],[120.97513051200015,24.763983261281879],[120.9754434240001,24.763997396281898],[120.97553666900009,24.764016807281724],[120.97565521100006,24.764047370281769],[120.97572698300004,24.76405903628174],[120.97602217800012,24.764141200281799],[120.97607541700016,24.764171491281829],[120.97619220700008,24.764248018281837],[120.97623922700012,24.764281848281801],[120.97650761900005,24.764413772281888],[120.9765578360002,24.764413085281635],[120.97667312100023,24.764321912281641],[120.97672026000005,24.764286807281767],[120.97689699700003,24.764038573281752],[120.97689983700018,24.763982245281802],[120.97683871000018,24.763854397281879],[120.97680516000005,24.763799725281707],[120.97681229700011,24.763546877281843],[120.97682006400024,24.763484742281761],[120.97688326700013,24.7633575122819],[120.97692009800015,24.763306469281762],[120.97712157700015,24.763111879281837],[120.97718412100006,24.763097243281774],[120.97736005300025,24.763105207281907],[120.97741052199999,24.763119451281749],[120.97771555400006,24.763188829281891],[120.9778039280001,24.763217507281698],[120.97793275900018,24.763262859281799],[120.97800589600001,24.763281388281818],[120.97826358100021,24.763373248281781],[120.97834193100005,24.763403197281765],[120.97847858200008,24.763465678281698],[120.97850766600007,24.763477916281637],[120.97864300000009,24.763536973281912],[120.97866691400009,24.763540093281723],[120.97868291200017,24.763520348281869],[120.97871164800007,24.763359128281767],[120.97872473800018,24.76331529528187],[120.97887366500007,24.763284547281724],[120.97893267000016,24.763283742281846],[120.97921393400023,24.763282229281803],[120.97929063000019,24.763288080281846],[120.97940877700002,24.763294508281838],[120.97948056700001,24.763307329281918],[120.97974935700014,24.763463355281772],[120.979787512,24.763492710281799],[120.97987949800017,24.763587959281782],[120.97993152100011,24.763620566281809],[120.98011708600018,24.763831729281787],[120.98017670000016,24.763867678281827],[120.98028770800016,24.763974151281836],[120.98032736700019,24.764018423281684],[120.98033366800007,24.76402354828166],[120.98046356000016,24.764129160281779],[120.98048900400022,24.764225309281741],[120.98050985000009,24.764270979281882],[120.98054849500026,24.764406017281864],[120.98057310800006,24.764451633281901],[120.9806217470002,24.764735871281786],[120.98062058300012,24.764817471281692],[120.98061865600005,24.764928920281861],[120.98061345900012,24.764994468281692],[120.98061213300012,24.76521850628183],[120.98062198200005,24.765282700281727],[120.98062157500019,24.765410230281876],[120.98062745100005,24.765461840281617],[120.98076355500001,24.765719626281619],[120.98084673600006,24.765813842281609],[120.98087627100018,24.765853644281783],[120.98091585700001,24.765893312281598],[120.98108527600019,24.766115032281746],[120.9811186200001,24.766157072281835],[120.98120217500018,24.76627427628177],[120.98124695100014,24.766324210281812],[120.98142740500005,24.766529681281845],[120.98145692600019,24.766568344281755],[120.9814911990001,24.766666671281811],[120.98154483900021,24.766721093281689],[120.98165045900014,24.766957449281708],[120.98167914000011,24.767021393281567],[120.98169544300004,24.767107404281752],[120.98169564700005,24.767108477281766],[120.98174555900017,24.767165238281656],[120.98190746400009,24.767388202281623],[120.98196091700007,24.767431122281621],[120.98208368700001,24.767489200281627],[120.98216325600011,24.767516838281701],[120.98244317600009,24.767509576281814],[120.98251601300018,24.767509737281642],[120.98267489400017,24.767473118281821],[120.98274634300013,24.767465243281691],[120.98304270300004,24.767388841281591],[120.98311179400018,24.76739020228171],[120.9831605750002,24.767396921281815],[120.98319782300007,24.767407607281815],[120.9832111220002,24.767411423281683],[120.98330548800011,24.767451952281842],[120.98335830400003,24.767484056281557],[120.98341488600012,24.767515012281716],[120.98344633300023,24.767542543281781],[120.98347399300022,24.767557446281682],[120.98351549900019,24.767591867281773],[120.98355825800016,24.767622830281674],[120.98361736100016,24.767659530281691],[120.98369283300019,24.767727235281786],[120.98374316500009,24.76778576428174],[120.98377837799997,24.7678109942817],[120.98387272199999,24.767899340281716],[120.98390668600021,24.767930321281618],[120.98398843100004,24.767987671281563],[120.98403370200006,24.768018636281813],[120.98408273200012,24.76803926228175],[120.98416569600016,24.768062149281782],[120.98422478700016,24.768089655281653],[120.98434167800005,24.76811479728169],[120.98440452700001,24.76813081028169],[120.98446360700021,24.768149118281787],[120.98453900500023,24.768149043281685],[120.98468727200006,24.768141990281713],[120.98473878900013,24.768139640281703],[120.98489962200003,24.768129128281718],[120.98496245000017,24.768129052281616],[120.98509187500004,24.768124317281679],[120.98515721700021,24.768124242281669],[120.98527410400018,24.768145949281696],[120.98531809700002,24.768156238281559],[120.98545258700005,24.768185954281531],[120.98551794700019,24.768200813281698],[120.98559587400008,24.768217965281696],[120.98578944700012,24.768267146281765],[120.98585481100019,24.768284306281767],[120.98599936499998,24.768325500281801],[120.98605717500006,24.768331175281553],[120.98614013100008,24.768348318281738],[120.98637265400004,24.768394007281703],[120.98643674000002,24.768393941281587],[120.98657875600004,24.768411017281682],[120.98665290500014,24.76841897028163],[120.98683762900008,24.768424512281815],[120.986948203,24.768420946281701],[120.98700475400013,24.768422034281791],[120.98706883000001,24.768413915281656],[120.98715299500003,24.7683920002818],[120.98719444700012,24.768378171281533],[120.98731879400017,24.768332080281542],[120.98744062500012,24.768282543281707],[120.98750343000007,24.768260644281671],[120.98764158200015,24.768198466281778],[120.9876830310001,24.768182336281679],[120.98792669900004,24.768089009281592],[120.98798071200005,24.768072878281696],[120.98813022199998,24.768050878281553],[120.9881905340001,24.768048508281712],[120.98832876900016,24.768056393281658],[120.98835390800002,24.768062118281591],[120.988372764,24.768067835281627],[120.98838286100022,24.76810689428175],[120.98837916300008,24.768166635281716],[120.98838172100001,24.768205677281745],[120.98836798800011,24.768278059281695],[120.98835548999998,24.768336662281566],[120.98834171899999,24.76838034228172],[120.98832295900012,24.768456179281596],[120.98830289200005,24.768488358281679],[120.98827403800024,24.768529742281551],[120.98819621200012,24.768597614281749],[120.98816107900015,24.768642457281551],[120.98805563600013,24.768737918281541],[120.98802552000004,24.768773569281553],[120.98798666100018,24.768852874281723],[120.98795280900006,24.768917236281716],[120.9879201900001,24.768962070281699],[120.98786999100005,24.769018424281736],[120.98782856300025,24.769050634281658],[120.98772562200008,24.769136903281598],[120.98767541400002,24.769182919281757],[120.98756870600018,24.769270334281529],[120.98750218400018,24.769338189281637],[120.98746327299996,24.769374986281736],[120.987443234,24.769430150281689],[120.98739810000006,24.769518662281634],[120.98738054700004,24.769551994281549],[120.9873567300001,24.769602561281655],[120.98730157,24.769712906281637],[120.98727773599997,24.769749696281668],[120.98724635700005,24.769780742281643],[120.98719744400007,24.769860064281634],[120.98717111700003,24.769912933281752],[120.98713475300021,24.769979599281754],[120.9871008930001,24.770039375281637],[120.98707708000008,24.770089941281562],[120.98702691800008,24.77017845528168],[120.98699057500021,24.77026235428152],[120.98697053400022,24.770316370281549],[120.98696054900019,24.77037496628169],[120.98692678200007,24.770512859281634],[120.98692181100002,24.770559961281624],[120.98691191100028,24.770690929281614],[120.98690946600006,24.770748361281758],[120.98690325499997,24.770809267281539],[120.98690961000008,24.770871294281616],[120.98690850400023,24.77099995328161],[120.98690229900009,24.771066583281609],[120.98689484100017,24.771135517281639],[120.98686354599998,24.771237790281656],[120.98683847300005,24.771290661281672],[120.98681463800004,24.771325148281505],[120.98679083400009,24.771386061281742],[120.98668161400003,24.771475787281709],[120.98665024100004,24.771512577281726],[120.98658999900019,24.77157812828165],[120.98653477300014,24.771635627281597],[120.98651472000016,24.771679306281481],[120.98649343900001,24.771748256281505],[120.98648720800018,24.771794220281667],[120.98646850300007,24.771915998281518],[120.98646102300007,24.771968840281634],[120.98638967200014,24.772204419281593],[120.98637967500009,24.772253822281669],[120.98637981500011,24.772373298281511],[120.98638366500006,24.772441070281701],[120.98630708908388,24.772665728107018],[120.98638745511334,24.772966095920669],[120.98646056588068,24.773355088953018],[120.98639310174079,24.773537242130093],[120.98606927387006,24.773820591517151],[120.98542161812884,24.775028199618102],[120.98521409400011,24.775339761281582],[120.98516482300012,24.775418839281553],[120.98508153799997,24.775526534281504],[120.98498306000009,24.775667471281515],[120.98484313800006,24.775805991281516],[120.98477005100005,24.775872408281508],[120.984751113,24.775898751281556],[120.98475227500001,24.775925160281513],[120.98478360000003,24.77594591228155],[120.98487138300001,24.775986306281517],[120.98495045100007,24.776003731281531],[120.985042077,24.776022329281464],[120.98516261600001,24.776035262281475],[120.98528196000005,24.776029838281477],[120.98543140099996,24.776038249281534],[120.98555934700006,24.776086790281564],[120.98561671000003,24.776202867281487],[120.98566012600006,24.776355663281507],[120.98568992199996,24.776453322281494],[120.98574332500003,24.776623336281528],[120.98576269900003,24.77669202028153],[120.98577929300008,24.77675085028152],[120.98582407500005,24.776872633281545],[120.98583273799997,24.776909390281489],[120.98588289800003,24.776932489281442],[120.98597960800014,24.776935026281475],[120.98608877100003,24.776967441281496],[120.98619293800002,24.776991818281456],[120.98627579700003,24.77700350928146],[120.98643265800004,24.777045235281534],[120.98652808400001,24.777054662281504],[120.98669123500004,24.777094114281496],[120.98683179900003,24.777126612281521],[120.98693346800009,24.777147531281546],[120.987102894,24.777188137281438],[120.9873501850001,24.777232390281462],[120.98752967400004,24.777268429281513],[120.98763635500008,24.777292806281487],[120.98770916800005,24.777304461281478],[120.98787982600007,24.777351974281498],[120.98803670700005,24.777387955281466],[120.98817098800006,24.777421590281488],[120.98823505000004,24.777420602281495],[120.98835321200005,24.77739564628147],[120.98845893399999,24.777336228281534],[120.98859239300003,24.777248172281535],[120.98868681999994,24.777186425281485],[120.98878756900002,24.77711321928146],[120.98887186600007,24.77707325428154],[120.98897126200004,24.777027585281481],[120.98911215400004,24.77696826028146],[120.98919393100007,24.776931728281561],[120.98933598400001,24.776898792281504],[120.98944789100004,24.776866945281526],[120.98965779999997,24.77682616228153],[120.98981859099997,24.776823110281548],[120.98992410900009,24.776821086281544],[120.99003961600006,24.776836307281485],[120.99017895900013,24.776859611281544],[120.99027681499996,24.776893149281477],[120.99041721900004,24.776971564281478],[120.99052113300002,24.777068249281477],[120.99059241799998,24.777156816281522],[120.99065722100009,24.777301620281516],[120.99073584600002,24.777445307281504],[120.99075689600008,24.777531452281515],[120.99078809300008,24.777588931281482],[120.99085054200009,24.77769010028149],[120.99091289100011,24.77781883428149],[120.99099036600003,24.777932672281484],[120.99108280600004,24.77807754328148],[120.99115892600003,24.778218927281451],[120.99124505699996,24.778371814281495],[120.99133747800006,24.77852242628142],[120.99140490199994,24.778637382281424],[120.99145362200008,24.77871327228149],[120.99153986600004,24.778834007281443],[120.99163607500009,24.778978904281519],[120.99167230999996,24.779032943281464],[120.99180743999997,24.779183666281412],[120.99190875600007,24.779305594281464],[120.99200383800004,24.779413735281434],[120.99207759700001,24.779513795281453],[120.99214012000003,24.77959316028144],[120.99221137599997,24.779690908281442],[120.99237151,24.779874974281388],[120.992434106,24.779934828281455],[120.99250286400002,24.780027989281429],[120.99259542399996,24.780139570281424],[120.99273180300005,24.780292576281472],[120.99283684900004,24.780425997281398],[120.99293564800003,24.780549081281375],[120.99300336000003,24.780583681281396],[120.99315152600005,24.780598973281418],[120.99327470700003,24.780576326281402],[120.99337530700011,24.780545588281445],[120.99357379999999,24.780538048281443],[120.99371714600012,24.780495937281419],[120.99388932800001,24.780469969281398],[120.99414822099999,24.78043273628143],[120.99426004800002,24.780423837281415],[120.994486303,24.780379623281476],[120.99469491300012,24.780353746281381],[120.99481058000001,24.780324190281423],[120.99486588900005,24.780312843281369],[120.9950293640001,24.780261602281392],[120.99522419800003,24.780223057281404],[120.99536248100003,24.780192409281444],[120.995471854,24.780166283281421],[120.99555235400008,24.780135497281456],[120.99567059500011,24.780088713281387],[120.99588440800004,24.780010053281451],[120.99597744700009,24.779986174281444],[120.99607566400006,24.779917533281438],[120.99620284900001,24.779826032281424],[120.99635899200005,24.7797162112814],[120.99653895400003,24.779620240281456],[120.99672271799993,24.779513931281464],[120.99684351900008,24.779452251281413],[120.99700965799998,24.779356235281472],[120.99712920700001,24.779294545281424],[120.99721727200001,24.779254585281411],[120.99739470200005,24.779164348281405],[120.99756329800005,24.779084402281462],[120.99769542500005,24.779017013281479],[120.99788288900002,24.778929077281479],[120.99812304100008,24.778861952281435],[120.99833554900009,24.778797038281489],[120.99855056600003,24.778733289281455],[120.99877439300006,24.778664972281483],[120.99888385599998,24.778612435281495],[120.99895049300007,24.778594234281499],[120.99915423800003,24.778521275281502],[120.9992901280001,24.778455033281439],[120.99943355499997,24.778388807281466],[120.99954301900007,24.778336261281478],[120.99969527000005,24.778260881281454],[120.999816119,24.778184265281421],[120.9999029630001,24.778135121281448],[121.00003647200003,24.778030995281451],[121.00009819899999,24.777979485281453],[121.00017252100012,24.777917676281493],[121.00027824000006,24.77785824928144],[121.00041038399996,24.777785107281446],[121.00051235300006,24.777719929281471],[121.00061176800001,24.777667372281481],[121.00075030200004,24.777562099281475],[121.00089007599995,24.777462575281504],[121.00111412300012,24.777328813281461],[121.00133561000004,24.777208830281477],[121.00144895100003,24.777124158281481],[121.00158741600004,24.777038412281499],[121.0016881480001,24.776967481281488],[121.00182784000002,24.776890907281473],[121.00195376100007,24.776800537281535],[121.00206454799998,24.776727342281525],[121.00218788700006,24.776657629281527],[121.00233259600003,24.776582212281504],[121.00248615800004,24.77648961128158],[121.00269010999997,24.776354648281522],[121.00276311000006,24.776311218281471],[121.00287769100011,24.776231140281514],[121.00308283800003,24.776113404281542],[121.00321131100009,24.776010402281553],[121.00334477400004,24.775917756281533],[121.00342788300006,24.775857117281571],[121.00354379200006,24.77575522628149],[121.0036709310001,24.775675193281529],[121.00376036500006,24.775601941281518],[121.00386355500007,24.775545943281497],[121.00396171599999,24.775491074281486],[121.00410142500003,24.775408772281519],[121.00425617000002,24.775336828281525],[121.00435809900004,24.775281977281512],[121.00448012700009,24.775227170281514],[121.00459210400004,24.775172361281498],[121.00477571700003,24.775106213281539],[121.00497572700004,24.775020605281561],[121.00518207600008,24.774916642281497],[121.00527517300006,24.774873257281552],[121.00543876099999,24.774786404281564],[121.00564249200008,24.774714582281568],[121.00582864900001,24.774638121281541],[121.00618215000007,24.77447827328157],[121.00632554900002,24.774417782281528],[121.00643621900011,24.774377872281516],[121.006608496,24.774320894281601],[121.00673044500003,24.774287898281528],[121.00682963799999,24.774298466281511],[121.00691120400006,24.774321629281566],[121.00702414300007,24.774352889281573],[121.00708299100008,24.774408134281533],[121.00716576300007,24.774446212281571],[121.00728120700003,24.774479784281507],[121.00744435900005,24.77452035228157],[121.00757750199993,24.7745195152816],[121.00771313800006,24.774525591281563],[121.0079141680001,24.774508860281596],[121.00801848200004,24.774490743281522],[121.00810648400001,24.774467996281508],[121.00820330500002,24.774446034281553],[121.00826447600004,24.774404688281511],[121.00833981499996,24.774349573281579],[121.00844152600003,24.774280642281546],[121.0085055760001,24.774249617281555],[121.00862490000009,24.774207065281594],[121.00870780200002,24.774184048281555],[121.00879573500002,24.774166771281543],[121.00900800200012,24.77408857028156],[121.00908336100009,24.77406098228159],[121.00920142100003,24.774011551281589],[121.00929435200007,24.77396099428158],[121.00940611100008,24.773889771281539],[121.00951537000005,24.773833460281509],[121.00961208800007,24.773804698281527],[121.00970002599998,24.773793153281638],[121.00980048300002,24.773727672281549],[121.00987582600004,24.773677131281548],[121.00998754200006,24.773554289281602],[121.01005147900001,24.773484850281541],[121.01012812800005,24.773401606281578],[121.01016577499995,24.773347659281566],[121.01024026,24.773247949281579],[121.01029020600005,24.77318108828155],[121.01031934900007,24.773152804281615],[121.01041323700011,24.773061676281532],[121.01047475400004,24.773005415281581],[121.01054506700008,24.772945694281614],[121.01061287900001,24.772902045281551],[121.01073719200008,24.772810161281601],[121.01083513100002,24.772732065281623],[121.01089039000006,24.77269990928162],[121.01099838300003,24.772624097281572],[121.01105363600007,24.772585043281531],[121.01118926400001,24.772498891281614],[121.01130983600004,24.772441442281565],[121.01138644500007,24.772396636281584],[121.01148190000006,24.77235067428159],[121.01153590200008,24.772317352281608],[121.01167278000004,24.772226622281558],[121.01176820300005,24.772146233281568],[121.01182345599997,24.772109473281631],[121.01193270999997,24.772037109281605],[121.01199172300004,24.771992312281622],[121.01211978900008,24.771887814281595],[121.01218760499999,24.771846456281548],[121.01224788000002,24.771803955281584],[121.01233954100005,24.771736186281572],[121.01240106800002,24.77169025228169],[121.01253796500005,24.771617859281655],[121.0126459510001,24.771538624281664],[121.01270874300003,24.771501854281649],[121.01284310600008,24.771408818281582],[121.01300258300004,24.771300849281626],[121.01312064500003,24.771242244281666],[121.01314826000009,24.771213538281689],[121.01322611700004,24.771161843281675],[121.01330773100007,24.771098689281683],[121.01342828799999,24.771024012281643],[121.01355259999997,24.770936721281611],[121.01358774800003,24.77089997128159],[121.01363418499996,24.770842571281634],[121.01364715799998,24.770823882281601],[121.01369315899997,24.770757624281625],[121.01380735000009,24.770598049281659],[121.01388636300007,24.770446524281656],[121.01396537800009,24.770297299281655],[121.01408078799999,24.770101006281671],[121.01412970700002,24.770011463281641],[121.01423885299999,24.769835837281672],[121.01433295500004,24.769695775281637],[121.01438312100004,24.769598207281657],[121.01442325800006,24.769528186281629],[121.01448847900005,24.769404216281682],[121.01452611400005,24.769344524281721],[121.01465408500007,24.769144779281721],[121.01471807200004,24.769046054281624],[121.01476072700001,24.768979472281721],[121.01480337800001,24.768907148281677],[121.01486607700001,24.768780886281629],[121.01492504400004,24.768687902281659],[121.01496517799997,24.768613295281721],[121.01500781900003,24.768529495281722],[121.0150354040001,24.768469813281655],[121.01510064899999,24.768376821281706],[121.01513577400004,24.768317127281637],[121.01519100599999,24.768264305281701],[121.01524245599998,24.768193127281688],[121.01530644400006,24.768097840281719],[121.01534281700003,24.768034690281727],[121.01547579400003,24.767816599281712],[121.01551718200008,24.767739689281655],[121.01558242100006,24.767638669281745],[121.01561503800009,24.767587004281726],[121.01571792399997,24.767435464281721],[121.01575429099996,24.767365443281701],[121.01579193100005,24.767309200281652],[121.01584714500002,24.767235728281712],[121.01588855400006,24.767180612281678],[121.01596009199997,24.767099094281686],[121.016068041,24.766986568281709],[121.01610067100005,24.766947523281679],[121.01620237800002,24.766875175281722],[121.01650360699998,24.766543329281735],[121.016558804,24.766456088281785],[121.01668307500009,24.766334378281769],[121.01674955899999,24.766225312281705],[121.01682610100011,24.766118549281767],[121.01692770999999,24.765954388281774],[121.01701050000008,24.76581319728173],[121.01705439200009,24.765730552281731],[121.01707567800008,24.765655946281775],[121.01709443200002,24.765565288281735],[121.017101858,24.765451687281761],[121.01710678000005,24.765348408281742],[121.0170890950001,24.76525432328177],[121.01705760199999,24.765175172281701],[121.01701858200012,24.765105213281778],[121.01694681700006,24.764961829281738],[121.01693797200004,24.764912497281745],[121.01694169800007,24.764866595281767],[121.01701701200001,24.764791955281812],[121.01705340099998,24.764743737281719],[121.01715758600001,24.764642686281711],[121.01722660800013,24.764557708281796],[121.01728309799998,24.764504895281775],[121.01733956799995,24.764433715281736],[121.01740108600006,24.76438432928175],[121.01757438600013,24.764292398281786],[121.01761710800011,24.764293512281785],[121.01764852700003,24.764300380281732],[121.01773147100006,24.764314093281723],[121.01781189200004,24.764322064281753],[121.017880999,24.764322011281749],[121.01796637700012,24.764261130281771],[121.01809443400006,24.764156615281752],[121.01815841800013,24.764063623281778],[121.01820609500007,24.763993590281839],[121.01824374300007,24.763947667281776],[121.01833029200004,24.7638018772818],[121.01835908800003,24.763699734281797],[121.01837786899998,24.763634309281795],[121.01841922700011,24.763529861281761],[121.01845685300012,24.763463286281773],[121.0184856310001,24.763343916281745],[121.01851941800004,24.763208491281745],[121.01855200100009,24.763125856281835],[121.01859462399999,24.763028287281749],[121.0186046030001,24.762959432281832],[121.01863840100005,24.762830898281766],[121.01869104800005,24.762712669281765],[121.01870480900003,24.762650695281785],[121.01873989000002,24.762553126281801],[121.01874234200002,24.762492308281825],[121.01875853600002,24.762354603281803],[121.01874963800003,24.762252489281799],[121.01873069300004,24.762159559281841],[121.01872806000009,24.762042520281831],[121.01873049100003,24.761961054281851],[121.01874159000005,24.761754495281821],[121.01875784600006,24.761677605281765],[121.01877658100004,24.7615685822818],[121.01878029100006,24.761510058281843],[121.01881154100008,24.761351682281806],[121.01881270700009,24.761261026281858],[121.01882519900005,24.761193317281844],[121.0188288920001,24.761117583281884],[121.018837636,24.761068242281894],[121.0188538110001,24.760913325281784],[121.01887130600004,24.760816923281801],[121.01892636300006,24.760593124281854],[121.01894635400005,24.760485247281899],[121.01898894200009,24.760356700281839],[121.019003957,24.760294725281856],[121.01902148500004,24.7602338962818],[121.0190188940001,24.760158165281847],[121.01903393400001,24.760121433281821],[121.01908529999999,24.759975677281847],[121.01912667500004,24.759889575281914],[121.019137914,24.759823014281817],[121.01915292500006,24.759757599281834],[121.01915538400009,24.759707111281841],[121.01916537400004,24.75964628328186],[121.01919165600007,24.75954299128184],[121.019207873,24.759430538281862],[121.01921408599998,24.759362830281866],[121.01923913500001,24.759282482281879],[121.01926040300009,24.759194125281851],[121.0192854300001,24.759094264281849],[121.01932050399999,24.758993266281859],[121.01939825000014,24.75884289228194],[121.01942080100005,24.758780907281867],[121.01945966399997,24.758694822281853],[121.01952110199997,24.758570850281895],[121.01954740400002,24.758491648281932],[121.01955932300005,24.758473749281862],[121.01959632999998,24.758418174281889],[121.01960258000008,24.758387187281897],[121.0196289050001,24.758327495281939],[121.01965898000002,24.758250594281883],[121.01973676800007,24.758147269281853],[121.01979691000007,24.757981991281859],[121.01980942200012,24.757931493281863],[121.01982939600009,24.757805249281898],[121.01985696400006,24.757735229281881],[121.01988198000001,24.757623911281911],[121.01990447700008,24.757510292281925],[121.01992321800003,24.7574058642819],[121.01996207099995,24.757314037281951],[121.01997708000005,24.757248620281953],[121.02001969100003,24.757145310281931],[121.02007989200003,24.757039702281983],[121.02012252600001,24.756959342281917],[121.02020659700004,24.756853713281892],[121.02027563600006,24.756791704281902],[121.02038863000008,24.756712435281926],[121.02051420300009,24.756646933281914],[121.02058327000013,24.756611314281894],[121.02069506899994,24.756591715281971],[121.0208696760001,24.756559450281969],[121.02110841000004,24.756574186281945],[121.02132202900006,24.756603852281909],[121.02158717100005,24.75664266528192],[121.0218498270001,24.756707867281904],[121.02201950100003,24.756763956282015],[121.02215397400005,24.756802869281941],[121.02230229400006,24.756858976281876],[121.02243175100003,24.75690706328194],[121.02256747300005,24.756933350281884],[121.02263655799999,24.756918371281987],[121.02274081400002,24.756893048281942],[121.02284381299999,24.756867725281882],[121.02299831200003,24.75683088328195],[121.0231239320001,24.756811281281923],[121.02328723800011,24.756785902281873],[121.02339779000012,24.756774348281983],[121.023551075,24.75677652728189],[121.02364909500001,24.756795948281898],[121.02374586000005,24.756816528281927],[121.02382503000003,24.756832533281912],[121.02403997500005,24.756926450281952],[121.02410408600011,24.756959675281944],[121.02424864699999,24.757027258281941],[121.02434922200004,24.757086859281994],[121.02443725999996,24.757169402281985],[121.02452780100006,24.757242763281919],[121.024645939,24.757274795281894],[121.02473138200004,24.757282764281943],[121.02485954000008,24.757286100281949],[121.02495127400005,24.757300945281933],[121.02525290500002,24.757386767281929],[121.02533208700002,24.75741310128187],[121.025433902,24.75745432628193],[121.02552941899999,24.75748293028197],[121.02569659900007,24.757553939281891],[121.02581851800002,24.757597437281937],[121.025891403,24.757608855281902],[121.02601832900004,24.757636306281867],[121.02612008600012,24.75762474228188],[121.02622688599999,24.757628099281991],[121.02628971200009,24.757633785281932],[121.02630793300003,24.757656850281879],[121.02631493400007,24.757718678281933],[121.02632755700004,24.757772595281867],[121.02635902300007,24.757825353281969],[121.02641686700008,24.75787005228193],[121.02646967100007,24.757900994281918],[121.02652874100006,24.757919312281921],[121.02662172000005,24.757921524281919],[121.02679256799998,24.75789844328196],[121.02686542299995,24.757882316281883],[121.02696340200008,24.757862731281854],[121.02704756500012,24.757846600281855],[121.02715058100001,24.757837328281887],[121.02728378500002,24.757860173281905],[121.02746099500006,24.757910520281904],[121.02756155600002,24.757952892281857],[121.02766715500005,24.758007884281874],[121.02776772400001,24.758058291281877],[121.02789595900006,24.758130478281888],[121.02803927900003,24.758211828281866],[121.02812855500011,24.758274867281937],[121.02821404000007,24.758320699281906],[121.02826433499997,24.758353933281899],[121.02841651200004,24.75849034528191],[121.02851462200009,24.758587810281881],[121.02854986500007,24.758645152281918],[121.02862282899997,24.758728852281827],[121.02865304799998,24.758787353281871],[121.02869457500005,24.758845832281921],[121.02873363400009,24.758946783281914],[121.02878027100004,24.75907984828191],[121.02881299999999,24.759137191281944],[121.02885333700011,24.759255360281859],[121.02888104400003,24.759313842281902],[121.02894775600012,24.759425099281867],[121.02899559300009,24.759508822281862],[121.02907110000001,24.759616628281897],[121.02910382399998,24.759669367281912],[121.02920569700008,24.759759941281857],[121.02928114300001,24.759816112281886],[121.02938928400005,24.759892907281831],[121.02952635400004,24.759998350281858],[121.02957916300007,24.760032733281857],[121.02967348100005,24.760110676281819],[121.02972126100011,24.760141626281897],[121.02982816200006,24.760233336281839],[121.02995767900001,24.760327317281888],[121.03000420600007,24.760361698281805],[121.03008219100002,24.760438517281845],[121.03013878600008,24.760487810281848],[121.03024446599993,24.760611653281863],[121.03030989400003,24.760694215281866],[121.03035898600001,24.760776792281849],[121.03040056900007,24.760884603281887],[121.03044589700001,24.760969491281891],[121.03048625300006,24.761103710281898],[121.03051646499998,24.761154175281803],[121.03059065000001,24.761203448281794],[121.0307917140001,24.761228524281837],[121.03104555299997,24.761261597281905],[121.0312390830001,24.761292400281786],[121.03137482600003,24.761333605281816],[121.03153946899999,24.761378218281855],[121.0317405720001,24.761438858281824],[121.03189893900007,24.761484627281874],[121.03200954999997,24.761522397281794],[121.03215536100005,24.761577350281819],[121.032277292,24.761625446281897],[121.03233387200007,24.761660969281809],[121.03239798700005,24.761693045281788],[121.03247976200007,24.761783622281826],[121.03254011600009,24.761821438281846],[121.03262438900005,24.761901685281828],[121.03270616500006,24.761994562281874],[121.0327602550001,24.762048451281792],[121.03282317199996,24.762133307281804],[121.03289746200008,24.762270934281808],[121.03295294100005,24.762440723281831],[121.03296561700002,24.762539386281816],[121.03297700900009,24.762612815281852],[121.03299848800009,24.762719518281791],[121.03300109700004,24.762802131281795],[121.03301634199997,24.762950144281774],[121.03303527800004,24.763027001281827],[121.03308585100004,24.763090897281785],[121.0331585360001,24.76314760628177],[121.03319624100001,24.763177448281837],[121.03323261300001,24.763206235281825],[121.03331319400002,24.763271264281776],[121.03336473800003,24.763332022281833],[121.033399936,24.763369865281778],[121.03344268500008,24.763431792281818],[121.03346155900012,24.763484540281837],[121.03348421500004,24.763568269281834],[121.03351819100008,24.763669193281743],[121.03353582800004,24.763764386281803],[121.03353589200006,24.763888278281751],[121.03352086200006,24.76397431528186],[121.03349831700005,24.764111972281778],[121.03343430900009,24.764245050281772],[121.03338785900007,24.764312766281783],[121.03335774500007,24.764389634281731],[121.03333013200007,24.764444707281768],[121.03326989500007,24.764578939281773],[121.03319664900003,24.764696437281721],[121.03312652500003,24.764814683281742],[121.03305876000002,24.764891622281706],[121.03301481700011,24.764919206281764],[121.03288040700011,24.764951441281774],[121.03279752600008,24.764993974281733],[121.03272341099998,24.765010099281731],[121.03262168099999,24.765049197281773],[121.03238803400004,24.765105630281731],[121.03215062700011,24.765164351281793],[121.03197728799996,24.765217286281736],[121.0318102670001,24.765300043281737],[121.03172615100004,24.765362079281722],[121.03162073000011,24.765471177281768],[121.03154039800006,24.765545824281727],[121.03141612700009,24.765654934281713],[121.03125287700009,24.765738836281795],[121.03118881800003,24.765758405281829],[121.03101795899998,24.765781490281682],[121.03086844599997,24.765790804281743],[121.03063731300001,24.76584721628171],[121.03050418200003,24.76590126228173],[121.03033467800003,24.766011564281712],[121.03016017299998,24.766144807281712],[121.03002212700002,24.766296389281731],[121.02992550700002,24.766411210281728],[121.02988536300006,24.766470914281779],[121.02985153700001,24.76655929428172],[121.02982776200012,24.766647671281738],[121.02978275000011,24.766847359281737],[121.02974894699997,24.766958688281711],[121.02974659599995,24.767100981281672],[121.02975811400002,24.767287999281695],[121.02973454000004,24.767558818281707],[121.0297008900001,24.767805549281693],[121.02967471100006,24.767988017281677],[121.02960828700007,24.768142962281708],[121.02951548800003,24.768309441281712],[121.02940254700002,24.768439197281701],[121.02930090400002,24.768563207281655],[121.02920679799996,24.76868147428166],[121.02917924400001,24.768764109281662],[121.02915674400001,24.768869686281704],[121.02915933900015,24.768943125281645],[121.02922237000004,24.76912551928163],[121.02927528100005,24.769248253281649],[121.02935208100011,24.769383586281648],[121.02945413400003,24.76962789928163],[121.02945424500001,24.769728876281704],[121.029451825,24.769813790281631],[121.02942428100003,24.76990102228164],[121.02940802400011,24.769969878281664],[121.02935545700004,24.770158100281598],[121.02933676000008,24.770293515281615],[121.02935446500011,24.770395635281616],[121.02939354400006,24.770506905281589],[121.0293961540001,24.770594104281596],[121.02939118200005,24.770643456281601],[121.02932969600012,24.770720382281667],[121.02925944400009,24.770821410281581],[121.02926456100015,24.770904030281567],[121.02932503699998,24.771048557281624],[121.02943195700004,24.771149439281622],[121.02956020799999,24.771222772281661],[121.02966703300004,24.771239889281649],[121.02980022300007,24.771232892281592],[121.02993092300002,24.771247700281588],[121.03001766900003,24.771285494281681],[121.03009691800001,24.771362303281563],[121.030156042,24.771421926281604],[121.03020390599997,24.771521710281604],[121.03024173000009,24.771634128281651],[121.03027829599998,24.771747710281645],[121.03033372100003,24.771868139281562],[121.03036775300001,24.771961057281608],[121.03036909600004,24.772037935281581],[121.03034025899997,24.772095327281615],[121.03031392400011,24.772143545281608],[121.03019091500005,24.772264130281542],[121.02999381199999,24.772422640281604],[121.02987830100001,24.772506505281601],[121.02971383000008,24.772632857281579],[121.02959452800009,24.772699513281594],[121.02946517500004,24.772766170281599],[121.02931570900003,24.772825958281569],[121.02920517400001,24.772866195281608],[121.02907952400003,24.77287205028156],[121.02896270400005,24.772911149281608],[121.02883830900004,24.772916997281634],[121.02866239500005,24.772924027281601],[121.02851540300006,24.772948244281576],[121.02838851000004,24.772967860281586],[121.02828679399997,24.773029907281572],[121.02819262700008,24.773099978281589],[121.02814872000008,24.773165416281582],[121.02815568000005,24.773245960281574],[121.02816608500002,24.773448507281564],[121.02820263700004,24.77356546528155],[121.02825427300003,24.773693889281596],[121.028308391,24.773786748281548],[121.02836626899997,24.77387273428155],[121.0284052630001,24.773918574281534],[121.02843672100005,24.773967874281528],[121.02850718700007,24.774074481281556],[121.02858395500003,24.774206311281532],[121.02864435199999,24.774296874281564],[121.02870098000004,24.7743885852815],[121.02875258200007,24.77447915128154],[121.02880923600003,24.774596097281531],[121.02887344500003,24.774726803281602],[121.02890245100002,24.774836892281563],[121.02895659999999,24.774959572281492],[121.028995623,24.775034087281526],[121.02904222400004,24.775148761281599],[121.02912532400001,24.775326474281552],[121.029183201,24.775408992281545],[121.02924613700003,24.775522497281514],[121.02929394400009,24.775585536281486],[121.02935689900004,24.775720826281475],[121.02943871400007,24.775867571281555],[121.02947271499997,24.775947839281532],[121.02951679800005,24.776055613281564],[121.02955332999997,24.776148493281514],[121.029665452,24.77644891728151],[121.02968311300003,24.776522317281536],[121.02970083000001,24.776647332281563],[121.02971974900005,24.776720722281507],[121.02971866800004,24.776893929281538],[121.02969491400006,24.777012119281462],[121.02966357000003,24.777078675281544],[121.02964600200009,24.777100484281476],[121.02960834300008,24.777133786281475],[121.02958698600001,24.777136112281497],[121.029505306,24.777124726281535],[121.02943367,24.777103007281514],[121.02936576800008,24.7770491572815],[121.02928023300001,24.776951745281529],[121.02920983500006,24.776910525281494],[121.02915827900004,24.77686928328146],[121.02908536300006,24.776828063281503],[121.02890938800005,24.776752537281482],[121.02881513200006,24.776728548281454],[121.02873093200004,24.776707988281526],[121.02863668899998,24.776698904281485],[121.02853996100005,24.776715067281479],[121.02848091400004,24.776718571281513],[121.02829375500001,24.776765790281516],[121.02821587499997,24.776787673281454],[121.028136762,24.776827891281496],[121.02804508500004,24.776870434281452],[121.02796595900008,24.776900343281543],[121.02782026800001,24.776955553281486],[121.02765200100012,24.777050936281473],[121.02756537299997,24.777118703281563],[121.02749008200011,24.777215135281462],[121.02749274599999,24.777367691281466],[121.02752421000002,24.777421577281491],[121.02752682800008,24.777527103281507],[121.02755202300001,24.777595906281512],[121.027563448,24.777712898281521],[121.02759753899997,24.777882638281433],[121.0276302740001,24.777950283281438],[121.02766426299996,24.778016773281426],[121.02769826500003,24.778097041281494],[121.02772975600007,24.778179603281487],[121.02779146100009,24.778320628281513],[121.02785184399995,24.778395131281449],[121.02788583200001,24.778458179281522],[121.02793741300002,24.778526958281535],[121.02798527900009,24.778650797281468],[121.02798536899999,24.778740271281499],[121.02793895199999,24.77881258128145],[121.02785984999998,24.778865422281463],[121.02779329699999,24.778906794281504],[121.02771542400002,24.778934401281482],[121.02755086500009,24.778970130281419],[121.02741012799999,24.778955366281448],[121.02725176800004,24.778905033281447],[121.02712356700007,24.778861585281494],[121.02691744999998,24.778799857281452],[121.02675535400009,24.778786261281478],[121.02661338100006,24.77879214628144],[121.02650659300002,24.778801409281495],[121.02631564500004,24.778834877281422],[121.02625911200008,24.778842967281467],[121.02613601900009,24.778879798281409],[121.02600039099997,24.778949911281522],[121.02593887700003,24.779005034281468],[121.02588742200004,24.779065887281433],[121.02582717300002,24.779127888281408],[121.02576946600006,24.779220856281459],[121.02571799699996,24.779267941281457],[121.02561383300005,24.779394234281412],[121.02553725900012,24.779466566281457],[121.025469473,24.779528577281425],[121.02538787100002,24.779598636281445],[121.02529874,24.779679024281435],[121.0251819660001,24.779759442281435],[121.02504010400003,24.779880026281454],[121.02498613200009,24.779937431281411],[121.02494723100004,24.779990246281418],[121.02490710500003,24.780074021281425],[121.02486577800006,24.780217456281388],[121.02487217600007,24.780336733281406],[121.02487853700008,24.780419326281386],[121.02490749400005,24.780477790281434],[121.02494773000002,24.780507579281402],[121.02505077100001,24.780521249281385],[121.02517640700002,24.780509644281409],[121.02530073199999,24.780439549281372],[121.02541752199998,24.780378633281405],[121.02559460599997,24.780298158281408],[121.02574284300007,24.780271624281426],[121.02584086100001,24.780286441281504],[121.02591502300002,24.780317334281477],[121.02600174300001,24.780341335281431],[121.02612622700008,24.780441016281408],[121.02624695600002,24.780551019281443],[121.0262884560001,24.780588814281373],[121.02631865400011,24.780632380281425],[121.02636769600008,24.780672487281461],[121.02645192100013,24.780717136281414],[121.0265977490001,24.780797285281388],[121.02661621000004,24.780811423281396],[121.02673983800007,24.780906109281425],[121.02679392299999,24.780963413281356],[121.02683795200001,24.781017280281372],[121.02688828100008,24.781091794281412],[121.02695120300002,24.781190375281398],[121.02702928200003,24.781369245281372],[121.02704693000007,24.781426582281401],[121.0270708850001,24.781513732281407],[121.02709859199997,24.781580240281396],[121.02716281399996,24.781723559281367],[121.0271955960001,24.781839391281348],[121.02722834400008,24.781920797281416],[121.02724098400003,24.781995342281384],[121.02736819399999,24.782306076281404],[121.02742864700009,24.782449405281351],[121.02746642600005,24.782534248281365],[121.02750548399997,24.782645484281328],[121.02751560100003,24.782710857281401],[121.02749428200003,24.782753314281361],[121.02743277200001,24.782811877281414],[121.02736371099998,24.782858982281397],[121.02716529100007,24.782965865281369],[121.02700075400006,24.783030278281359],[121.02686761499997,24.783080880281368],[121.02666038100004,24.783168268281308],[121.02648832700004,24.783257918281368],[121.02633387800003,24.783360168281376],[121.02622337000004,24.783423369281365],[121.02608401200007,24.783540512281384],[121.02590947600001,24.783662277281316],[121.02578015100005,24.783758770281398],[121.025629491,24.783882803281351],[121.02538336900001,24.784040205281322],[121.02514225000003,24.784172345281327],[121.02492497500009,24.784276968281365],[121.02476044199997,24.784351690281326],[121.02453561600011,24.784442538281287],[121.02437861300007,24.784504635281387],[121.0242391930001,24.784562134281323],[121.02406083700009,24.784635719281283],[121.02378953200001,24.784739231281325],[121.02357976300006,24.784811702281367],[121.02334489300009,24.78491288528139],[121.023264506,24.784942791281289],[121.02316906300008,24.785000238281324],[121.023107524,24.785031278281327],[121.02304727800006,24.78510245128135],[121.0230059,24.785193115281292],[121.02297960700005,24.785294086281301],[121.02299728700009,24.785386979281345],[121.02304510200007,24.785456908281358],[121.02312559000006,24.785531390281303],[121.02332048400002,24.785671142281313],[121.023398422,24.785704327281316],[121.02349142700004,24.785730613281267],[121.02358821499996,24.785768374281368],[121.02374658800011,24.785820977281265],[121.02397157800007,24.785896476281309],[121.0241500310001,24.785924968281353],[121.02438502200009,24.78594881928128],[121.02451572100006,24.785968191281281],[121.02463260500005,24.785997904281245],[121.02480730500011,24.786041321281296],[121.02494683600004,24.786099676281324],[121.02503737900005,24.786175295281264],[121.02508142400006,24.786244076281275],[121.02508526800003,24.786320927281334],[121.02508031199999,24.786393202281275],[121.02504646899999,24.786480416281286],[121.02496739500003,24.786571105281322],[121.02490462600008,24.786630821281303],[121.02484434699998,24.786668733281321],[121.02475394400004,24.786735361281327],[121.02465729000005,24.786838692281268],[121.02458199400003,24.78694085528128],[121.02451422000003,24.787021220281353],[121.02448665300004,24.787100405281237],[121.02440135499999,24.787253050281254],[121.02434872500011,24.787405659281269],[121.02431620399999,24.787562844281297],[121.02429749200003,24.787702819281254],[121.02431267799996,24.787814067281293],[121.02433172400002,24.788021678281236],[121.02434186900007,24.788120312281229],[121.02436331900007,24.788209758281258],[121.02437090700005,24.78826022728126],[121.02440995000001,24.788354244281219],[121.02448428800004,24.788564093281256],[121.02453847600006,24.788725779281215],[121.02456996700002,24.788806046281191],[121.02459397000007,24.788941382281305],[121.02458027799999,24.789073302281274],[121.02455397200002,24.78916165928122],[121.02451134600005,24.789260351281204],[121.02448248499998,24.789305119281266],[121.02438585199998,24.789431391281237],[121.02427163800003,24.789569159281267],[121.024217669,24.789633451281247],[121.02413861100003,24.78974479828122],[121.02409342000011,24.789793018281216],[121.02391143999996,24.790023774281202],[121.02386625000007,24.790074269281206],[121.02379094400013,24.790166129281165],[121.02372943100011,24.790228130281228],[121.02356127200005,24.790460021281223],[121.02350729600003,24.790520855281198],[121.0234244180001,24.790581738281169],[121.02334279999999,24.790642623281229],[121.02319708,24.790687499281216],[121.02307270200004,24.790711715281262],[121.02296463800005,24.790712977281199],[121.02289677999994,24.790711886281191],[121.02281510400003,24.79071426528121],[121.02272837600006,24.790684520281246],[121.02261900599997,24.790636450281255],[121.02227078500002,24.790480795281177],[121.02213753500001,24.790421279281212],[121.02200935100007,24.790408784281258],[121.02188369300006,24.790408902281268],[121.02180205400008,24.790447989281212],[121.02178325200011,24.790498480281212],[121.02179465000009,24.790591383281178],[121.02182111100004,24.790669360281228],[121.02188528500001,24.790766797281204],[121.02192808800008,24.790847055281173],[121.02193065200005,24.790902111281206],[121.02190809800003,24.79097326028123],[121.02188679900004,24.79103980528123],[121.02183537599997,24.791141944281136],[121.02180529200007,24.791222276281225],[121.02171002600009,24.791472437281222],[121.02161599700003,24.7917019402812],[121.02160097400004,24.791760457281164],[121.02155959600007,24.79185914728124],[121.02149692000003,24.79202095928121],[121.02143298300008,24.792182760281186],[121.0213740400001,24.792307849281134],[121.02130508500007,24.792477680281145],[121.02121982600012,24.792679663281167],[121.02112957500003,24.792920641281206],[121.02106309700002,24.793051475281192],[121.02098156500003,24.79321099628115],[121.02094269500002,24.793300510281103],[121.02082857499998,24.793549546281177],[121.02078843200002,24.793626430281133],[121.02074201600011,24.793709075281132],[121.02070439300012,24.793791692281136],[121.02064549900003,24.79397184928111],[121.02061295000009,24.794102651281104],[121.02061301000001,24.794165744281074],[121.02062189100002,24.794257500281127],[121.0206584340001,24.794368737281172],[121.020706268,24.794458158281117],[121.02080062399997,24.794576222281105],[121.02093897500008,24.794706857281078],[121.02104209800007,24.794793933281078],[121.02123198800005,24.794945163281163],[121.02130995100001,24.795000143281172],[121.02140299599998,24.795058555281127],[121.02146963300001,24.795097485281143],[121.0215513520001,24.795139855281093],[121.02179142200008,24.795198117281121],[121.02189701500001,24.795234714281126],[121.02199631200006,24.79525870728116],[121.02210440900005,24.795289577281132],[121.02226027100006,24.795333008281077],[121.02245886299995,24.795379846281151],[121.0225657230001,24.795427917281121],[121.02268137599998,24.795472538281075],[121.02273544900002,24.795514927281133],[121.0228750330001,24.795618031281123],[121.02300206200005,24.795730319281084],[121.02304355400011,24.795757805281056],[121.02311150900006,24.79585638728113],[121.02312916000008,24.795919458281102],[121.023144363,24.796050218281081],[121.02313188000005,24.796137408281108],[121.023098018,24.796209689281131],[121.02305158200006,24.796271703281111],[121.02295613300006,24.796330287281069],[121.0228908050001,24.796347560281077],[121.02278904900002,24.796380928281074],[121.0227224680001,24.796402796281022],[121.02259181000012,24.796438479281051],[121.02250639799999,24.796480998281115],[121.022412214,24.796547626281111],[121.02234942200005,24.796592426281091],[121.02225400500006,24.796686590281141],[121.02216867200001,24.796811704281108],[121.02210591100007,24.796887481281065],[121.02205320499996,24.796966678281049],[121.022005515,24.797033254281132],[121.02189886399999,24.797207712281089],[121.02185997400007,24.797277726281095],[121.02182108300003,24.797348887281039],[121.0217734380001,24.797461354281019],[121.02173452999999,24.797514159281036],[121.02168558700012,24.797586475281054],[121.02154751500005,24.797755215281082],[121.02149353800004,24.797819515281066],[121.02143956300007,24.797884953281066],[121.02138307300004,24.797949244281057],[121.02129642899997,24.798018163281057],[121.02117589800004,24.798132989281065],[121.02108970299999,24.798229472281047],[121.02105578700004,24.798273661281069],[121.02099923800007,24.798288560281062],[121.02093139200005,24.79833442528103],[121.02087736400004,24.798368821281027],[121.02080198300011,24.798441071281047],[121.02071529400003,24.798530520281087],[121.02066755899999,24.798608526281054],[121.020638671,24.798673905281039],[121.02060979100007,24.798762237281064],[121.0206000110001,24.79880691028103],[121.02059974799998,24.79880811328103],[121.02062362700006,24.798812714281066],[121.02076939000007,24.798778348281068],[121.020918919,24.798719894281025],[121.02097546800006,24.798707292281051],[121.02107851000005,24.798699296281008],[121.02121422200001,24.798664932281014],[121.02143286999998,24.798613384281015],[121.021501982,24.798595046281001],[121.02164146300001,24.798568715281046],[121.02171560500001,24.798558421280983],[121.02188524400002,24.798526354281012],[121.02205238000008,24.798511495281019],[121.02213029400005,24.79851726328106],[121.022266016,24.798532221281047],[121.02243818200012,24.798546053281033],[121.02260909900005,24.79857594928102],[121.02266188100008,24.798588581280999],[121.02278503800004,24.798608128281025],[121.02286421200003,24.798631102281053],[121.02305649200002,24.798666735281063],[121.02320478600005,24.798689727281019],[121.023252543,24.798706955281013],[121.02335182500003,24.798724193281036],[121.023443571,24.798759788281036],[121.02361072100004,24.798805736281022],[121.02374519500006,24.798841351281038],[121.02384070600009,24.798866616281],[121.02393621999998,24.798885009281008],[121.02398020300006,24.798887314281018],[121.02407571600007,24.798909148281055],[121.02426547700004,24.798926416281063],[121.02433459300008,24.798934476281019],[121.02445900699999,24.798935665281029],[121.02463117400009,24.798943753280984],[121.02482218600002,24.798951848281035],[121.02486366100007,24.79895989428098],[121.02503079699994,24.798951923281031],[121.02517154500005,24.798963437281007],[121.02533365300006,24.798955455281067],[121.02539146200004,24.798963508281112],[121.02551084800005,24.798968138281044],[121.02556740000001,24.798975043281086],[121.0256252060001,24.798979657281023],[121.02569810000001,24.799002621281055],[121.02573329800009,24.799046234281025],[121.02573707700004,24.799076055281006],[121.02569938700003,24.799108166280988],[121.02563153,24.799125342281084],[121.02553728500003,24.799134494281031],[121.02542168500004,24.799186087281043],[121.02535006000008,24.799209003281074],[121.02530357400005,24.799234228281023],[121.02514400599999,24.799346608280999],[121.02497438900001,24.79945898028096],[121.02484999999999,24.79954383228106],[121.024739431,24.799610336280971],[121.02458613800002,24.799684859281001],[121.02447179899998,24.799743329281039],[121.02436374000001,24.799805246281011],[121.02429589399999,24.799853407280992],[121.02420920100009,24.799919917280985],[121.02413381900008,24.799987580280991],[121.02405215300007,24.800058675281019],[121.02402325700007,24.800087346280993],[121.02395415200012,24.800124042281002],[121.02387122800002,24.800183670281047],[121.02380840200007,24.800220363280975],[121.023729248,24.800277708281012],[121.02361113599999,24.800343039281],[121.02348673600001,24.800385448281034],[121.02341008800008,24.800431318281024],[121.02331333700012,24.800472583281056],[121.02323417199999,24.800497795281011],[121.02317260599993,24.800539074281062],[121.02311606200006,24.800564300281007],[121.02289114400003,24.80066863228102],[121.02263230000003,24.800792429280953],[121.02253303100004,24.800838280280928],[121.02232822200007,24.800949500280979],[121.02226665200013,24.800989631280931],[121.02214728600002,24.801052687281],[121.02205178900012,24.801101980280976],[121.02197514300008,24.80114898528096],[121.02187965299998,24.801222384280994],[121.02177285200005,24.801293472280925],[121.02171128200008,24.801324432280996],[121.02156050000005,24.801409267281006],[121.02150521700001,24.80145284828097],[121.02140092700009,24.801526239280992],[121.02130795300003,24.801609948280998],[121.02129790999999,24.801647796280914],[121.02127278900004,24.801700563280942],[121.02124265899997,24.801829046281],[121.02122005300004,24.801882959280924],[121.02118364500005,24.802036676280942],[121.02118108800001,24.802045433280956],[121.02114346500001,24.802174331280955],[121.02112588400009,24.802229399280982],[121.02107187600004,24.802359013280959],[121.02104173500005,24.802437025280934],[121.02098899000011,24.802574674280933],[121.02092493700005,24.802736412280918],[121.02090483700007,24.802774263280938],[121.02083826100009,24.802890110280924],[121.02081564999997,24.802937134280899],[121.02067496900007,24.80322045328089],[121.0206247150001,24.803286983280987],[121.02055687599996,24.803394803280923],[121.02051416100008,24.803442968280919],[121.02046390900001,24.803508342280999],[121.02029429800011,24.80370446728087],[121.02026665800004,24.803744612280916],[121.02019127500002,24.803827179280908],[121.020124684,24.803890261280888],[121.02005683900006,24.803961362280901],[121.01990480200003,24.804081770280913],[121.01979046799998,24.804196457280895],[121.01972262500003,24.804277878280878],[121.01968242100008,24.804324904280865],[121.01963970500002,24.804379948280886],[121.01959196800007,24.804463687280897],[121.01952036400009,24.804589862280924],[121.01939098000005,24.804851384280887],[121.0192992740001,24.804998201280874],[121.01920756800007,24.805154191280888],[121.01914978400008,24.805262019280839],[121.01911208899999,24.80531133828093],[121.01903797600006,24.805443238280905],[121.01899777400003,24.805509764280909],[121.0189148620001,24.805650846280844],[121.01883069200005,24.805799948280935],[121.01880933700008,24.805838962280873],[121.01873522399997,24.805989217280867],[121.01872392100003,24.806035102280841],[121.01871764200001,24.806058045280881],[121.01860962099997,24.806309253280862],[121.01859957600004,24.80635398928084],[121.01856315500002,24.806464117280878],[121.01853929300003,24.80653294628091],[121.01849909599997,24.806621268280832],[121.01843127700013,24.806823157280832],[121.01840867100003,24.806900011280881],[121.01837224500007,24.80698260128089],[121.01835340400009,24.80703422828088],[121.01829938700007,24.807137459280817],[121.01824913800007,24.807237247280817],[121.01820013800003,24.807299183280858],[121.01815113799996,24.807350787280868],[121.01806569199998,24.80741386328085],[121.01800286100003,24.807445958280841],[121.01790484400009,24.807499834280854],[121.01783322500003,24.807551441280861],[121.01774024100007,24.807628267280897],[121.01767238800005,24.807681011280824],[121.01759699300013,24.807738342280867],[121.01753290600004,24.80776815528084],[121.01743614700004,24.807811711280799],[121.01732681700007,24.807843793280888],[121.01724513700005,24.807879329280809],[121.01715591200004,24.80791600428082],[121.01709182300007,24.807937772280837],[121.01703024400003,24.807948071280805],[121.01690583200005,24.807982439280817],[121.01675754100003,24.808006482280842],[121.01665449300002,24.80803168328088],[121.01657531900007,24.808047707280881],[121.01649112300001,24.808071770280829],[121.016386818,24.808104997280903],[121.01629885,24.808123308280823],[121.01619203200005,24.808158847280829],[121.01611914400007,24.808178312280837],[121.01600604300002,24.808211540280841],[121.01592059100007,24.80824822428086],[121.01585775700001,24.808268843280878],[121.01572706500004,24.808321564280888],[121.01563029900002,24.808351361280859],[121.01553856500006,24.808390329280801],[121.01547321699999,24.808415544280837],[121.01537268600009,24.808460237280805],[121.01531111000008,24.808477423280799],[121.01517413500002,24.808543907280797],[121.01512763800008,24.80856454228082],[121.01500324400001,24.80869184028079],[121.01490900600002,24.808797348280883],[121.01484995000013,24.808848953280805],[121.01462503700007,24.809084045280812],[121.01456221000002,24.809158590280841],[121.01449059000004,24.809242319280841],[121.01442776300009,24.809300796280791],[121.01435614100002,24.809369600280792],[121.01424054499995,24.8095037852808],[121.01419405600002,24.809565717280769],[121.01413374200001,24.809627650280831],[121.01406462999999,24.809688419280789],[121.01401939500012,24.809738884280787],[121.01398169800005,24.809770994280779],[121.01381961000004,24.809965964280831],[121.01378066200003,24.810026757280802],[121.01370401499997,24.81011161428081],[121.01366380800003,24.810167794280744],[121.01353941100002,24.810295101280797],[121.01341627000006,24.810422395280749],[121.01335469900003,24.810494649280784],[121.01328936100006,24.810565755280809],[121.01323783899994,24.810611624280767],[121.01321522600003,24.810644879280783],[121.01312977899998,24.810738921280738],[121.01302297000001,24.810846722280772],[121.01297396700008,24.810899480280785],[121.01289982600004,24.810971724280808],[121.01283699800001,24.811038235280805],[121.01276160800001,24.811124248280731],[121.01262841399996,24.811283668280765],[121.01257689500005,24.811337564280791],[121.01253417300009,24.811378847280732],[121.01244118500003,24.811474034280792],[121.012416054,24.811513031280743],[121.01219113300013,24.811768776280758],[121.01213709700001,24.811812352280704],[121.01204536700006,24.811910969280689],[121.01199511000007,24.811994706280789],[121.01185059900001,24.812120838280737],[121.01175761300004,24.812227500280763],[121.01171488799996,24.812264196280694],[121.01163446699998,24.812351356280804],[121.01158545900003,24.812397224280694],[121.01149498499998,24.81249584128075],[121.01142984900002,24.812576853280707],[121.01142979600002,24.812576920280723],[121.01138063800012,24.812638059280697],[121.01133665900014,24.812690818280721],[121.0112549820001,24.812789442280703],[121.01121853900004,24.812824992280721],[121.01110544700009,24.812930489280749],[121.01099989000006,24.813048620280746],[121.01094711500006,24.813107102280696],[121.01085412699997,24.813201140280754],[121.01081140400001,24.813256191280683],[121.01061788600006,24.813463765280719],[121.01057893400005,24.81350963328077],[121.01053118500008,24.813565830280719],[121.01047840300008,24.81360940628068],[121.01041808700005,24.813680509280704],[121.01027860200008,24.813831884280702],[121.01023085700002,24.8139144732807],[121.01017808200001,24.813980990280683],[121.01009891300011,24.814070442280713],[121.01001848900003,24.814162185280754],[121.00991042500007,24.814289487280714],[121.00985136200008,24.814351410280686],[121.009816179,24.814399579280675],[121.00974078300007,24.814487885280702],[121.00969302800002,24.814532606280654],[121.00962391399999,24.814608297280717],[121.00949197200008,24.814763120280723],[121.00944673600007,24.814827362280703],[121.00935122799997,24.81490991528069],[121.00931855700003,24.814960370280701],[121.00921802800006,24.815075057280687],[121.00919415300004,24.815118649280659],[121.00912630000002,24.815201210280637],[121.009087343,24.815256268280745],[121.00900440699996,24.815359489280677],[121.00896922299998,24.815405375280644],[121.00892901200005,24.815456966280653],[121.00881340099997,24.815592304280656],[121.00876690500004,24.815642758280653],[121.00874177600009,24.815687497280624],[121.00863496100007,24.815797578280666],[121.00860480100006,24.81583428228069],[121.00856082000003,24.815879004280653],[121.00853065900003,24.815913414280654],[121.00837734700004,24.816080839280655],[121.00836352700007,24.816112955280648],[121.0082705340001,24.816216175280662],[121.00818671400008,24.816270496280627],[121.00815423100005,24.816283003280674],[121.00809766700002,24.816303635280605],[121.00804363000007,24.816313931280661],[121.00796317000008,24.816355205280701],[121.00788899500007,24.816395350280658],[121.00781483199997,24.816426304280633],[121.00775827000008,24.816443488280633],[121.00762500599998,24.816515743280661],[121.00750558300004,24.816569631280675],[121.0074163070001,24.816628122280626],[121.00731319400001,24.816700393280659],[121.00722518700002,24.81674971128065],[121.00713715400002,24.816817393280655],[121.00696485000006,24.816960804280612],[121.00688813500003,24.817022752280682],[121.00680134800004,24.817100772280636],[121.00669443700008,24.817194856280615],[121.006571169,24.817309577280596],[121.00644540200007,24.817411688280608],[121.00637746800005,24.817483974280641],[121.00631331700006,24.81754478528061],[121.0062579610001,24.817602163280636],[121.00617369799996,24.817670991280657],[121.00609067100002,24.817757055280669],[121.00600385000003,24.817859182280589],[121.00590572100009,24.817965894280622],[121.00583023700008,24.818043924280595],[121.00573337400013,24.818141454280582],[121.00567801699999,24.81820111728063],[121.00558115900006,24.818294061280593],[121.0054956370001,24.818364036280606],[121.00541388000008,24.818436321280622],[121.00534594300005,24.818507461280657],[121.00523149500007,24.818600387280615],[121.00510067700012,24.818719704280625],[121.00500256899997,24.818808053280556],[121.004915801,24.818869991280618],[121.00483905700004,24.818950312280617],[121.00475855300013,24.819024892280652],[121.00466425099995,24.819083390280603],[121.00456363799999,24.819161402280571],[121.004372526,24.819270346280614],[121.00426317100006,24.819308170280543],[121.00418649000004,24.819337957280613],[121.00406204800005,24.819386102280593],[121.00393004800006,24.819444574280642],[121.00377291200002,24.819512212280554],[121.00360321000002,24.819579840280635],[121.00354285600007,24.819616542280553],[121.003409627,24.81965319328058],[121.00326760300004,24.819694438280603],[121.00316327100002,24.819731115280629],[121.0030451260001,24.819762013280595],[121.00292192000002,24.819825099280578],[121.00284901799998,24.819846849280605],[121.00271199300008,24.819906468280564],[121.00261645600008,24.819944299280575],[121.00251964599995,24.819995899280581],[121.00243287999999,24.820053250280534],[121.00226060000001,24.820171393280543],[121.00212473899998,24.82030218328061],[121.00202911300005,24.820408902280555],[121.00192718499999,24.820533995280595],[121.00185919500004,24.820645318280565],[121.00177358900007,24.820775007280552],[121.00166535299999,24.820919601280519],[121.00149924400002,24.821122710280541],[121.00138348900013,24.821250068280595],[121.00131426399999,24.82134189028055],[121.0011557590001,24.821494483280567],[121.00096205899996,24.821656240280621],[121.00085014700002,24.821727351280551],[121.0007533050001,24.821800763280493],[121.00060993500004,24.821905152280507],[121.00038357499997,24.82206115028054],[121.00027170000007,24.82210123728057],[121.00010452099998,24.822156248280489],[121.00001024300002,24.822191776280512],[120.99988204400005,24.822223837280589],[120.99958040300007,24.822297112280513],[120.99945721499996,24.822340666280574],[120.99932648899998,24.822380760280595],[120.99910905700004,24.822432277280502],[120.99899118000006,24.822452543280505],[120.99888284699996,24.822471171280526],[120.99873327800003,24.82251010028056],[120.99858244299999,24.82255821228053],[120.99842657600007,24.82261091928055],[120.99819528700002,24.822688834280509],[120.998104785,24.822719774280483],[120.99797408000002,24.82274494528053],[120.99782451699998,24.822780433280517],[120.99762846100012,24.822821619280564],[120.99749273699997,24.822843340280489],[120.99738715800004,24.822873123280544],[120.99728535300005,24.822898311280515],[120.99710184199996,24.822952145280528],[120.99697618000003,24.822965840280496],[120.99680021700006,24.823011637280562],[120.996685841,24.823043704280547],[120.99662299600004,24.823058581280542],[120.99662086800006,24.823059096280488],[120.99649982700006,24.823088346280507],[120.996384194,24.823118121280491],[120.99622332400011,24.823151315280569],[120.99615419599999,24.823171917280497],[120.99605112900008,24.823200552280468],[120.99591747900003,24.823242016280521],[120.99583798800003,24.823297089280462],[120.99573077500003,24.823331918280502],[120.99563753000002,24.823351914280465],[120.99554943100006,24.823359315280541],[120.99545395500006,24.823348287280524],[120.99526912900001,24.823343487280571],[120.99519497700012,24.823338358280488],[120.99509063499998,24.823334155280502],[120.99500376300001,24.823345005280508],[120.99470066900007,24.823346241280522],[120.99457987300002,24.823353404280578],[120.99444012000002,24.823370770280498],[120.9942136520001,24.823381768280534],[120.99403362700005,24.823402264280542],[120.99386115700004,24.823421688280462],[120.99373913700001,24.823425392280495],[120.99348247500008,24.823437300280503],[120.99331147600004,24.823433761280491],[120.99311267400003,24.823444940280513],[120.99291256800009,24.823460712280585],[120.99273901900001,24.823460596280476],[120.99258914499997,24.823484775280516],[120.9924757790001,24.823504624280478],[120.99237620300003,24.82352915828055],[120.9922677740001,24.823559381280479],[120.99215421900004,24.823599904280456],[120.99200546200009,24.823639027280493],[120.991869146,24.823693165280538],[120.99171139699999,24.823752888280509],[120.99160407800001,24.823799199280518],[120.99147405000008,24.823853371280553],[120.99128482000006,24.823917465280537],[120.99114464600009,24.823980764280524],[120.99106389100007,24.824010040280545],[120.99103873000003,24.82401999728048],[120.99097553800006,24.824045002280506],[120.990864415,24.824094733280528],[120.9907861930001,24.824121734280467],[120.99065489300006,24.824180489280522],[120.99063243100008,24.824190540280462],[120.99059677800005,24.824206490280449],[120.99051211100007,24.82425067128047],[120.99040348000004,24.824302714280513],[120.99034660800005,24.824333309280473],[120.99025286300004,24.824407284280451],[120.990102252,24.824511861280499],[120.99004532600009,24.824548198280475],[120.989968081,24.824606210280471],[120.98990604900003,24.824650554280499],[120.9897694560001,24.824734546280428],[120.98966574000005,24.824799266280458],[120.98958857900003,24.824848095280508],[120.98951269400007,24.824894633280532],[120.98936868200005,24.824964792280468],[120.98920430800004,24.825061216280464],[120.98904374600008,24.825153087280416],[120.98891114500012,24.82521297428049],[120.98880767200001,24.825251283280455],[120.98870930900003,24.825280420280468],[120.98867272400004,24.825292795280426],[120.98860846300011,24.825306108280458],[120.98852040500003,24.825308909280427],[120.98844603000011,24.825327890280487],[120.98832777900009,24.825331619280444],[120.98819682899999,24.825349044280458],[120.98809984099998,24.825365557280495],[120.98801294400006,24.825378705280428],[120.98790316900013,24.825418097280501],[120.98779442100009,24.825482778280509],[120.98768424500004,24.825565815280459],[120.98761563200004,24.825642271280465],[120.98754718699998,24.825700348280478],[120.98747863600008,24.825769917280464],[120.98741242200002,24.825859014280457],[120.98730299700003,24.825997196280426],[120.98723682500005,24.826081707280494],[120.98714619900009,24.826226923280508],[120.98702107000004,24.826431609280394],[120.98693529700006,24.826596372280424],[120.98688913899997,24.8266925252804],[120.98684254800001,24.826835759280421],[120.98679885200005,24.826937670280422],[120.98673721100012,24.827076198280427],[120.98669211000002,24.827194172280414],[120.98660462200004,24.827408312280365],[120.98653663100004,24.827553702280394],[120.98648267499999,24.827677354280411],[120.98624427100002,24.828164913280414],[120.98615622000001,24.828303248280402],[120.98606820300007,24.828438138280458],[120.98592396400014,24.828669102280372],[120.985879262,24.828743439280409],[120.98579007200007,24.828869127280402],[120.98569830200005,24.829001694280358],[120.98559383700002,24.829146792280362],[120.98542428900008,24.82939480928037],[120.98524402100011,24.829577259280356],[120.98506660699999,24.829722980280426],[120.98491208100009,24.829841303280354],[120.98474877600007,24.829957267280349],[120.98474112599999,24.829968696280407],[120.98461323100005,24.830063096280401],[120.98444614299999,24.830180179280404],[120.98430174000013,24.830291667280395],[120.98420674699997,24.83036448228038],[120.98406249300002,24.830459916280368],[120.98388786699998,24.830575797280364],[120.98372486600007,24.830658445280353],[120.98360611100013,24.830716144280331],[120.98352272999998,24.830756889280408],[120.98340157000007,24.830803085280326],[120.983242752,24.830869999280356],[120.98316608200005,24.830902028280342],[120.98308302300011,24.83093114228036],[120.98305949900011,24.830933867280315],[120.98298853000009,24.830942087280381],[120.98291810200013,24.830930658280312],[120.98284892600009,24.830914634280322],[120.98272191999997,24.830925047280299],[120.9826150450001,24.830952670280361],[120.98249435099997,24.831004426280291],[120.98236988200006,24.831049292280358],[120.98230198999995,24.83107574828033],[120.98217122499999,24.831111441280342],[120.98204924500007,24.831113819280368],[120.98189581700001,24.831104727280323],[120.98170973299996,24.831157674280355],[120.98160662799995,24.831183004280316],[120.98145072200002,24.831232489280321],[120.981366459,24.831221057280359],[120.98129098500007,24.831186657280355],[120.98124192,24.831157986280299],[120.98116139899999,24.831090298280287],[120.98106578799997,24.831024920280385],[120.98085570900001,24.830915971280355],[120.98076260200004,24.830835659280361],[120.98069844900006,24.830804692280378],[120.98062171400012,24.830761111280331],[120.98052610800001,24.830709507280318],[120.98035376200004,24.830603987280377],[120.9802845720001,24.830562699280431],[120.98021286700012,24.830517952280367],[120.98012606500005,24.830469793280386],[120.97987069899996,24.830320686280313],[120.97980025199998,24.830277105280341],[120.97971219100008,24.830226633280343],[120.97957759800015,24.830162421280363],[120.979385132,24.830058060280344],[120.97922664500005,24.829995010280363],[120.97911847700007,24.829960641280362],[120.97902666300003,24.829940024280347],[120.97886566900003,24.829888466280348],[120.97875373100007,24.829858675280366],[120.97863172900011,24.82982086428035],[120.97851979400001,24.829797977280311],[120.97838648099997,24.829775089280375],[120.97826699700012,24.829744167280413],[120.9781173450001,24.829732788280346],[120.97796516800005,24.829708767280401],[120.97775389400006,24.829696275280352],[120.97757406500001,24.829691788280325],[120.97746969800008,24.829709090280335],[120.97729867600003,24.829712648280371],[120.97713016600005,24.829716199280391],[120.97690508499997,24.829748495280317],[120.97669885299999,24.829755514280365],[120.97653915600009,24.829770549280362],[120.97639076800007,24.829776386280315],[120.97615437500005,24.829816715280362],[120.97591670800001,24.829829507280362],[120.9756890980001,24.829839978280337],[120.97543131699999,24.829873442280352],[120.97520875600004,24.829911460280389],[120.97502641499997,24.829917326280423],[120.97481517000007,24.829953053280352],[120.97463785900008,24.829957762280397],[120.974456797,24.830003804280384],[120.97417639500006,24.83006024028035],[120.97405945999998,24.830086728280417],[120.97385074899995,24.830162639280381],[120.97369483900003,24.830213254280402],[120.97350750200005,24.830279978280405],[120.97337799799999,24.83032253428037],[120.97325981100001,24.830366238280348],[120.97316552100003,24.830412222280327],[120.97303855499997,24.830496128280348],[120.97292792900008,24.830567379280374],[120.972818553,24.830630606280369],[120.97269785900005,24.830689243280336],[120.97251556600006,24.830782356280395],[120.97236092400006,24.830854792280345],[120.97222137100006,24.830920332280346],[120.97212456300004,24.830962874280402],[120.97189951499998,24.831062905280323],[120.97173984200001,24.831131899280347],[120.97160530800006,24.831183651280373],[120.97143683300008,24.831252651280316],[120.97131488400009,24.831318177280302],[120.97116939400006,24.831374384280341],[120.9711690370001,24.831374521280349],[120.97106719600004,24.831411332280375],[120.97087860400008,24.8314952702803],[120.97067241500007,24.831594129280322],[120.97046747400007,24.831675779280317],[120.97032791199999,24.831721787280291],[120.97016446300006,24.831788495280311],[120.97002239300001,24.831859764280349],[120.96987025700004,24.831919567280313],[120.96971308799998,24.831967883280313],[120.96957226599999,24.832012754280292],[120.96946162499997,24.832062189280304],[120.96932457600009,24.832112802280307],[120.9691787280001,24.832173743280293],[120.96887318400005,24.832262340280344],[120.96874242300008,24.832312936280346],[120.96857519,24.832360129280339],[120.96844693500005,24.83239118928034],[120.96830862500005,24.83243834128033],[120.96812126500001,24.83247405428035],[120.967987978,24.832501691280338],[120.96786475700002,24.832541950280284],[120.96769877300004,24.832575346280294],[120.96759691899997,24.832591487280293],[120.96742967799997,24.832626021280298],[120.9673668070001,24.832642131280309],[120.96722974200004,24.832661729280332],[120.96717944200005,24.832666350280277],[120.96703734100004,24.832672178280308],[120.96685751200006,24.832686051280294],[120.96679086399998,24.832684944280295],[120.96667894700013,24.832699941280385],[120.96660600800013,24.832699982280303],[120.96653809000011,24.83268854528033],[120.966338135,24.83267602228036],[120.9661696080001,24.832655454280356],[120.96606648100008,24.832641733280273],[120.96588160000006,24.832601641280334],[120.96566402699999,24.832571904280361],[120.965510591,24.832547890280324],[120.96542507100004,24.83253530228027],[120.96524900600002,24.832521628280283],[120.96506917000009,24.832515979280263],[120.96493712499998,24.832511469280337],[120.96476734899997,24.832498935280281],[120.96451834700008,24.832495626280359],[120.96439761500002,24.832484212280303],[120.96428821000003,24.832487716280333],[120.96413855600007,24.832482073280303],[120.96392980100005,24.832485616280326],[120.9637587740001,24.832489160280364],[120.96359026300001,24.832496143280324],[120.96328216000011,24.832495165280317],[120.9631664650001,24.83250326128028],[120.96304197900001,24.832526299280325],[120.96293177900007,24.832533993280332],[120.96276029300007,24.832545966280268],[120.9626357970001,24.832554078280314],[120.96253771400006,24.832570207280309],[120.96235663800007,24.832600172280308],[120.96213909200003,24.832632421280309],[120.961829756,24.832688862280264],[120.96162353999998,24.83274983228025],[120.9615216880001,24.832771701280283],[120.961419834,24.832794724280319],[120.96133559000006,24.83282233028029],[120.96127900699999,24.832839578280304],[120.96108662100006,24.832891344280323],[120.96100740000008,24.832908613280335],[120.96092567000008,24.832936217280302],[120.96088039900005,24.832935097280291],[120.96083638200007,24.832935120280304],[120.96076470199999,24.832934009280297],[120.96066409700003,24.832937503280316],[120.96051318700005,24.832935298280322],[120.96042515899995,24.832938786280341],[120.96030569200002,24.832941139280358],[120.96022647500006,24.832965296280307],[120.96014725200006,24.832979115280292],[120.95991336799999,24.833028619280309],[120.95981151600009,24.83306082528031],[120.959702118,24.833084991280359],[120.95964176399998,24.833109117280298],[120.95956757799999,24.833135587280275],[120.95943932000002,24.833168949280282],[120.95917274899998,24.8332529062803],[120.95886594300008,24.833351821280306],[120.95861446299998,24.833438073280341],[120.95836549400006,24.833516282280321],[120.95818671300005,24.833575740280278],[120.95804911500011,24.833637059280274],[120.95790952300001,24.833649794280269],[120.95774725600008,24.833624659280307],[120.95759505400011,24.833606415280318],[120.95743656700004,24.833588177280312],[120.95731454300007,24.833563007280283],[120.95722272500002,24.833556191280337],[120.95703409300003,24.833577002280286],[120.95689077200008,24.833636802280264],[120.95669339300001,24.833717306280342],[120.95646837200005,24.833826524280319],[120.95631753400001,24.833912730280247],[120.95617296000003,24.833978270280266],[120.95602084200007,24.834043809280349],[120.95578701699998,24.834155344280241],[120.95568895200005,24.83419214128028],[120.95552928399998,24.83425195428034],[120.95528413700004,24.834363483280239],[120.95516849099997,24.834427866280226],[120.95501513500005,24.834514054280255],[120.95481906200011,24.834648511280278],[120.95471349500008,24.834732382280286],[120.95455512100001,24.834832370280292],[120.95436910500008,24.834963363280291],[120.95422708600006,24.835070228280255],[120.95391037800005,24.835312665280238],[120.95382241200005,24.835393074280237],[120.95366782699996,24.835512581280259],[120.95352957799997,24.835617135280291],[120.95338756900006,24.835735473280216],[120.95322920700002,24.835852669280225],[120.95309222900003,24.835972147280255],[120.95297991499999,24.836050580280251],[120.95293260399998,24.836083617280231],[120.95277928000009,24.836207694280198],[120.95260708400004,24.836323757280212],[120.95245123600003,24.83644209928023],[120.95231046100001,24.836538632280309],[120.95217095000012,24.836638596280221],[120.95204402899999,24.836755773280238],[120.95190324799998,24.836845418280188],[120.95171722300005,24.836972968280175],[120.95160032700005,24.837052256280163],[120.95145705500011,24.837165997280238],[120.95123708300002,24.837309641280207],[120.95109881100004,24.837392389280229],[120.95096179900005,24.837479733280169],[120.95074308900008,24.83762567028025],[120.95062115800013,24.837699222280222],[120.95049421800003,24.837799180280214],[120.95026545500001,24.837955453280181],[120.950162369,24.838008344280201],[120.95002914200008,24.838110594280213],[120.94984060600002,24.838246175280155],[120.94974005200005,24.838316266280174],[120.94951003300001,24.838478279280164],[120.9493378210001,24.838586311280224],[120.94919454300005,24.838701196280219],[120.94908643400008,24.838763258280199],[120.94896577400003,24.838852879280154],[120.94884385899996,24.838947087280136],[120.94865028900004,24.839084978280162],[120.94846677700004,24.839215964280161],[120.94832850700004,24.839305597280216],[120.94825309100004,24.83936074528016],[120.94812487899999,24.839448070280177],[120.94800546100006,24.83952391228015],[120.947933816,24.839576769280168],[120.94786217400011,24.839634220280121],[120.94777042100007,24.839702010280146],[120.94770631300001,24.839744521280192],[120.94758940900012,24.839818073280149],[120.94748758900002,24.839882418280141],[120.94734802100004,24.839933029280161],[120.94719463600003,24.840002008280162],[120.94705507400012,24.84005835128022],[120.94688283700008,24.840141118280137],[120.946721891,24.840196333280161],[120.94653077799998,24.840273369280155],[120.94634973300002,24.840354995280148],[120.94615611299999,24.840438927280161],[120.94598387200003,24.840520546280171],[120.94580660300002,24.840605604280181],[120.94560041500002,24.840704464280119],[120.94539045100005,24.840799882280095],[120.94526723500009,24.840851624280209],[120.94510505199997,24.840928652280084],[120.94496423400007,24.840989589280166],[120.94489634400011,24.841024061280169],[120.94484849700005,24.841049852280172],[120.94484731600005,24.841050488280136],[120.94480959799996,24.841068902280135],[120.94481715800005,24.841084958280138],[120.94476821099998,24.841206662280083],[120.94472184900006,24.841400686280139],[120.94469305100009,24.841551074280154],[120.94465041700003,24.841700328280151],[120.94460026500005,24.841877134280125],[120.94455893500002,24.84207689428013],[120.94451128800004,24.842246811280059],[120.9444925,24.84233635928009],[120.94444863800003,24.842517755280081],[120.94438724600001,24.842787541280106],[120.94433837100003,24.842990746280044],[120.94429574900009,24.843153770280114],[120.94425817200008,24.843328278280076],[120.94419423400002,24.843569371280037],[120.94415036500006,24.843745023280078],[120.94408517400005,24.843987271280056],[120.94404003600006,24.844147998280107],[120.943968539,24.844373027280074],[120.94385557899999,24.844652039280074],[120.94378660000005,24.844875923280018],[120.94351297800006,24.84554186628004],[120.94333856200002,24.846022941280047],[120.94324193900002,24.846285871280035],[120.94315030900006,24.846507477279982],[120.94304353200003,24.846668244280039],[120.94291164900004,24.846882983280047],[120.94280110600003,24.847050647279968],[120.94268426800006,24.847212566279953],[120.94255989200008,24.847384837279986],[120.94244430500011,24.84754102328003],[120.94226336500004,24.847756943280043],[120.94212266300003,24.847964798280003],[120.94198820300002,24.848114107280001],[120.94188483900007,24.848255297280044],[120.94177723499998,24.848378975279982],[120.9416714920001,24.848530426279982],[120.94157584600009,24.848629115279973],[120.94152297700009,24.848696808279975],[120.94141977700006,24.848809238279959],[120.94137193900011,24.848878088279957],[120.94128507200003,24.849007767279936],[120.94110005600005,24.849220020280011],[120.94102075400008,24.84932213727992],[120.94090243200004,24.84947016027991],[120.94078159700011,24.849618170279978],[120.94069726600006,24.849716838279978],[120.94059658700006,24.849815498279973],[120.94044179600006,24.849964643279957],[120.94029459099995,24.850056386279906],[120.94010963700009,24.850175652279912],[120.93999388500004,24.85024675027994],[120.93979762600004,24.85034993227994],[120.93961018000007,24.850435907279955],[120.93951330299996,24.850493244279892],[120.93940888300003,24.850547129279914],[120.93930823800007,24.850598723279919],[120.93924785500002,24.850623933279959],[120.93902015900002,24.850717917279923],[120.93884907700007,24.850784389279916],[120.93865659800004,24.850872654279925],[120.93849935400011,24.850932241279878],[120.93829177600007,24.851029681279947],[120.93805905000006,24.851121361279887],[120.93788293100009,24.851197010279943],[120.93768164500003,24.851284115279952],[120.93747784000004,24.851380409279923],[120.93730171200004,24.851465239279921],[120.93708407000004,24.851566116279912],[120.93684377300006,24.85168878527994],[120.9366563100001,24.851790827279942],[120.93651288800005,24.85186534227989],[120.93626253800002,24.851978841279863],[120.93602728100002,24.852082000279868],[120.93587631800004,24.852148468279854],[120.93565742799997,24.85223211427985],[120.935469998,24.852291676279894],[120.93530395300004,24.852342073279882],[120.93515048600001,24.852392475279974],[120.93502343900001,24.852424526279865],[120.93488758400004,24.852468058279911],[120.93474166300004,24.852517316279915],[120.93459071200007,24.852564280279889],[120.934379389,24.852620382279905],[120.93419197299995,24.852658136279913],[120.93394417900005,24.852711919279834],[120.93376179900007,24.852741625279894],[120.93363895000002,24.852752516279899],[120.93358194900011,24.852757570279895],[120.93342097200002,24.85276090227989],[120.93328514499999,24.852761951279891],[120.93320701900009,24.852758143279924],[120.93320701000009,24.852774322279846],[120.93309441000009,24.852755412279883],[120.93292620800003,24.852735778279868],[120.93279684399998,24.852727911279906],[120.93263366800005,24.852708319279895],[120.93243905100005,24.852690778279872],[120.93227208200008,24.852673432279857],[120.93210751500007,24.852667596279904],[120.9318966320001,24.852643043279908],[120.931769827,24.852630597279951],[120.93159899899997,24.852622420279896],[120.93141059100002,24.852612954279905],[120.93126725099999,24.852621031279874],[120.93110851400002,24.852662263279907],[120.93091948700007,24.852717035279905],[120.93077576200008,24.852765262279892],[120.93064582400008,24.852817034279834],[120.93052853200004,24.852860876279902],[120.93036830400005,24.852926187279891],[120.93023470800009,24.852966464279937],[120.93010729600003,24.853017117279947],[120.92989793900003,24.853094674279884],[120.92973911200009,24.853145079279876],[120.92958139700012,24.85321040627986],[120.92942760800011,24.853259703279853],[120.92928636000012,24.85331139727986],[120.92911228600003,24.853378892279849],[120.92897732100006,24.853430634279871],[120.92881464600009,24.853489025279906],[120.92864314000002,24.853550817279871],[120.928510734,24.85359797327985],[120.92840478100001,24.853638469279918],[120.92827109599997,24.853687918279824],[120.92812486700004,24.853734976279828],[120.92800246600004,24.85378681327985],[120.92784731900008,24.853846418279794],[120.92769718599999,24.853907216279854],[120.92755722700007,24.853955478279854],[120.92739825400007,24.854020786279918],[120.92712342900003,24.854110459279887],[120.92700738900014,24.854154307279867],[120.926845969,24.854212724279908],[120.92661266800006,24.854296974279865],[120.92646512300004,24.85434975427988],[120.92633899799998,24.854396966279857],[120.92610944400008,24.854483534279833],[120.925994604,24.854533136279851],[120.92583570500007,24.854590423279785],[120.92556962100001,24.854685885279874],[120.92545353600006,24.854734319279888],[120.92532243600006,24.854775750279849]]]},"properties":{"COUNTYID":"O","COUNTYCODE":"10018","COUNTYNAME":"新竹市","COUNTYENG":"Hsinchu City"}},{"type":"Feature","geometry":{"type":"Polygon","coordinates":[[[121.03813259800008,24.946381622277872],[121.03800668500004,24.946389103277866],[121.03793359600004,24.946382567277858],[121.03782135599998,24.946357867277957],[121.03775699199997,24.946335230277949],[121.03760311800015,24.94629809927789],[121.03751979,24.946262936277915],[121.037447907,24.946247228277848],[121.03735076400002,24.946219003277918],[121.03729527499999,24.946206647277872],[121.03725366100001,24.946197674277929],[121.03707076500005,24.946151503277928],[121.03702034000004,24.946143715277906],[121.03694084900005,24.946118861277892],[121.03682850699998,24.946075796277881],[121.03674015800007,24.946044100277927],[121.03663911700005,24.945994099277879],[121.03651783200004,24.945928139277925],[121.03641680500002,24.945881588277892],[121.03631318799999,24.945822421277896],[121.03623738200012,24.94578034027786],[121.03614508900003,24.945718826277929],[121.03602116800008,24.945632236277881],[121.03591887700003,24.945584537277924],[121.03582913400007,24.945528753277934],[121.03576595300001,24.945492339277941],[121.03553476999997,24.945369543277906],[121.03547286199999,24.94533541327792],[121.03536421700008,24.945277431277926],[121.03530737199999,24.945247876277879],[121.03515585099997,24.945180912277934],[121.03501562900009,24.94510700127795],[121.03491590700003,24.945068483277876],[121.03482503200004,24.945034495277898],[121.03469122200008,24.944981213277934],[121.03453338799997,24.944910837277884],[121.03444253000011,24.94488029627793],[121.03433534000011,24.944856701277935],[121.03412356300011,24.944825602277952],[121.03395216600002,24.944806909277897],[121.03393756500006,24.944805859277999],[121.03381733800008,24.944797224277902],[121.03374417400005,24.944776918277906],[121.03361435100008,24.944760326277866],[121.033244254,24.944684114277976],[121.03297279100001,24.944618487277953],[121.03282414200005,24.944591525277936],[121.03264403800007,24.944551821277944],[121.03254580000009,24.944529650277882],[121.03243620700003,24.944509703277923],[121.0323719270001,24.944506016277892],[121.03220057200006,24.944482407277974],[121.03204051500005,24.944469170277944],[121.031919621,24.944438860277927],[121.03177858400012,24.944402760277956],[121.03160359199995,24.944348146277967],[121.03145144200006,24.944261507277915],[121.03135209400003,24.944207186277957],[121.03125651200003,24.944156339277903],[121.03111831600003,24.944051393277938],[121.03092849700008,24.943931328277944],[121.03087178899997,24.943925372277988],[121.03075717500009,24.943900830277919],[121.03067899700001,24.943903969278001],[121.03057548099997,24.943932249277939],[121.0304491210001,24.943993724277959],[121.03033031100004,24.944057515277912],[121.03026944100006,24.944134153277943],[121.03019835600004,24.944238292277944],[121.03017921700005,24.944287556277935],[121.03015223999994,24.944395305277965],[121.03012393000002,24.944519109277902],[121.03007559600012,24.944610722277936],[121.03002466699996,24.944717232277952],[121.0299801120001,24.944809999277982],[121.02990410000002,24.944888869277932],[121.02981159600002,24.944989483277912],[121.02974695899999,24.945062661277923],[121.02966231900011,24.945099054277907],[121.02942741300001,24.945185341277949],[121.02933020800006,24.945212499277964],[121.02926329800002,24.945231752277969],[121.02913342900004,24.945233539277933],[121.02898229100003,24.945200839277884],[121.02890168800003,24.945182148277951],[121.02883878500006,24.945153225277956],[121.028779781,24.945099065277919],[121.02875606000009,24.945048493277898],[121.02864104500006,24.944839216277895],[121.02857747300003,24.944682928277953],[121.02845864600008,24.944479387277898],[121.02837608099999,24.944341366277932],[121.02831728100001,24.94424360827794],[121.0282734540001,24.944179189277932],[121.02817708300006,24.944027367277904],[121.02805799500005,24.943880019277973],[121.02799273299998,24.943816660277975],[121.02790618500001,24.94372224927799],[121.02785223700008,24.943665803278027],[121.0277205440001,24.943519577278007],[121.027621512,24.94339871127795],[121.02744719200004,24.943201833277911],[121.02736558800005,24.943128086277941],[121.02725256200002,24.943034707278045],[121.02718345199997,24.942986247277954],[121.027101837,24.942914802277972],[121.02706542799999,24.942882521277962],[121.02697760900003,24.942790394277992],[121.02682704600008,24.942636062278019],[121.0267843380001,24.942602619277999],[121.02670148399997,24.942527733278027],[121.02665760000001,24.942475909277999],[121.02653467700003,24.942342345278057],[121.02643305500008,24.942236389277991],[121.02638794100007,24.942178830277932],[121.02633718500014,24.941978985277927],[121.02627263400004,24.941764165278013],[121.02626558599999,24.941654002277957],[121.02624326500008,24.941574753277969],[121.02623230399998,24.941492090277979],[121.02618763700004,24.941338164278037],[121.026150775,24.941133784278005],[121.02609988700013,24.940962631277962],[121.02601632399997,24.940769546277988],[121.02598262900003,24.940695979278026],[121.02593532100001,24.94056844227805],[121.0258762750001,24.940524600277971],[121.02579073900004,24.940484115278],[121.02561054800005,24.940466206278021],[121.02551969200009,24.940484207278004],[121.02542246300003,24.940518251278078],[121.02534541999998,24.940548933278031],[121.02525824500005,24.940588746278046],[121.02508770900013,24.940662664278026],[121.02497278600003,24.940705821278041],[121.02488560300002,24.940747934277969],[121.02477073100009,24.940779618278007],[121.02460531200002,24.940837488278003],[121.02441964,24.940912492278002],[121.02433380800002,24.940935104278005],[121.02424421500007,24.940953114278063],[121.02416848700001,24.940972321277965],[121.02408517900007,24.940993803278047],[121.023972852,24.94102089727809],[121.02384163200006,24.941044482277992],[121.02376846200006,24.941055654278028],[121.02367632499998,24.941078258278036],[121.0235639900001,24.941106508278065],[121.02344532300005,24.941141610278034],[121.02331279800002,24.941174368277988],[121.02318027700007,24.941205980278028],[121.02310463800002,24.941205685278007],[121.02297343300008,24.941225820277975],[121.022859892,24.941242595278037],[121.02268447700008,24.941280920278007],[121.02246741700004,24.941328262278017],[121.02233617000002,24.941357579277959],[121.02221379900001,24.941375456278021],[121.02211798200008,24.941376228277974],[121.02198434099995,24.941377999277965],[121.02176366299999,24.941390906278052],[121.02166780399995,24.941400860278065],[121.02153162300007,24.941406063278052],[121.02137159700007,24.941389365278013],[121.02118759100003,24.941378322277973],[121.02099621500007,24.941325939278002],[121.02091811900002,24.941311867277996],[121.02081621100002,24.941267858277985],[121.020734378,24.941244594278018],[121.02054313200009,24.941164673277981],[121.02038591300006,24.941087176277968],[121.02030925700002,24.94103524727802],[121.02022122900007,24.940989006278031],[121.02013576100002,24.940934738277974],[121.01998621000008,24.940835482278015],[121.01988946099999,24.940767401277984],[121.01981666900009,24.940698272278031],[121.01978662600003,24.940653413278064],[121.01969615200008,24.94059110127796],[121.01963084800001,24.94053806927802],[121.01954533700003,24.940492974278015],[121.019462331,24.940451344278038],[121.01936163000002,24.940418819278012],[121.01926828800002,24.94042992827805],[121.01920767400007,24.940451494278047],[121.01915972400003,24.940460485277995],[121.01905872700002,24.940491059278035],[121.01897038500006,24.940511366278027],[121.01889581500002,24.940551235278043],[121.01884387699999,24.940603807278045],[121.01879199700014,24.940644910277978],[121.01874128200002,24.940705525278013],[121.01870443400001,24.940766193277977],[121.01867136600004,24.940826867278023],[121.01855930799998,24.941062794277997],[121.01848939900006,24.941182991277994],[121.01841967699998,24.941264182277958],[121.01837394900009,24.94133628827797],[121.01834227599997,24.941369436277949],[121.01830935799998,24.941399134278015],[121.01825612100004,24.94145974227796],[121.01819158200011,24.94151112127804],[121.01812200000003,24.941562483278034],[121.01802959700004,24.941641285277974],[121.01793477099999,24.941699422277988],[121.01787533500006,24.941738198277992],[121.01780459699998,24.941767756277955],[121.01772758,24.941792701277972],[121.01763668300012,24.941819879277997],[121.017554686,24.941831030277946],[121.01747023000003,24.941829550278005],[121.01737699500002,24.941817707278002],[121.01719180799998,24.941790589277986],[121.01711001300008,24.94175928727805],[121.01696013500009,24.941730017277941],[121.0168870450001,24.941723992277971],[121.01669683100008,24.941693408278017],[121.01652051200006,24.94165714227795],[121.01642983999999,24.941637281277991],[121.01629756500009,24.941617253278022],[121.01623581000003,24.94161356627799],[121.016126189,24.941601644277977],[121.01596107300003,24.94159528627798],[121.01577810900008,24.94163126627803],[121.01569857800008,24.941653901277956],[121.01556854500006,24.941692393278021],[121.01536781800007,24.941751261277993],[121.01525409100009,24.941807042278011],[121.01520863400002,24.941822928277986],[121.01516947700009,24.941838840277974],[121.01509862400007,24.941892485278053],[121.01504666700005,24.94194849327798],[121.01501370600006,24.941987364277995],[121.01489206500004,24.942116555278027],[121.01481607299998,24.94218968527796],[121.01474013900008,24.942251339277988],[121.01468196900007,24.942288975277997],[121.0146061710001,24.942321955277954],[121.01451655499997,24.942344543277969],[121.0143700560001,24.942399035277944],[121.01427158300004,24.942428478277982],[121.014152864,24.942473903278007],[121.01407959700006,24.942504596277971],[121.013946945,24.942563737277979],[121.01386235400001,24.942589791277907],[121.01371960600001,24.942651180278023],[121.01352508600012,24.942729584277931],[121.01326352500004,24.942854759277989],[121.01308413800002,24.942932085277988],[121.01293504600004,24.943001472277949],[121.01286807700001,24.943033330277931],[121.01277576300001,24.943092628278027],[121.012675918,24.943145002277927],[121.0126201730001,24.943202156278033],[121.01255049500001,24.943273019277946],[121.01249966799998,24.943356572278013],[121.01246522799997,24.943440205277923],[121.01246744700008,24.94350331427799],[121.01244287000009,24.943632865277952],[121.012418451,24.943730303277931],[121.012364635,24.943910226277982],[121.01235037299996,24.943992775277966],[121.01232212900004,24.944098229277994],[121.01230668199999,24.944164706277984],[121.01227593000013,24.944267850277992],[121.01224914900004,24.944332008277964],[121.01221323,24.944460360277933],[121.01219895900005,24.944544055277923],[121.0121607880001,24.944617350277941],[121.01214420699998,24.944657438277975],[121.01210495500001,24.944692852277885],[121.01205182999996,24.944729358277982],[121.0119772410001,24.944772664277917],[121.01193047700005,24.944797721277943],[121.01177781800001,24.944821199277932],[121.01159627000004,24.944822784277878],[121.01151308100006,24.944819006277942],[121.01138453800002,24.944809312277922],[121.01125855899998,24.944790453277879],[121.01111240400003,24.944772660277909],[121.01098524300001,24.944737737277958],[121.01094368900011,24.944727248277896],[121.01087947200003,24.944710930277967],[121.01081151300001,24.94468655827789],[121.01073232300003,24.944638054277881],[121.01065433799998,24.94460103527793],[121.01055511600013,24.944523767277932],[121.01047225900001,24.944451148277963],[121.01039321600005,24.944372805277972],[121.01035437100003,24.944323312277955],[121.01025889100003,24.944254098278002],[121.01018470500004,24.944213638277951],[121.01011423200006,24.944188118277971],[121.00998569999997,24.944176130277956],[121.00985454999997,24.944183641277949],[121.00973975899997,24.944198094277905],[121.00961723600005,24.94424694727795],[121.00955667200002,24.944257035277989],[121.00951874500001,24.944279825277917],[121.009384669,24.944371075277914],[121.00932392400004,24.944419036277875],[121.00928594299998,24.944452157277954],[121.00923150800011,24.944498981277924],[121.00918470300007,24.94453206427799],[121.00913659099999,24.94457432127793],[121.00908349300003,24.944605094277904],[121.00896581700007,24.944694111277901],[121.00886453300004,24.944783211277898],[121.00879877200012,24.944825405277921],[121.00875315499997,24.9448734112779],[121.00869863500007,24.944937434277957],[121.00861653900003,24.944968091277911],[121.008486252,24.945058221277911],[121.00840147000009,24.945123276277869],[121.00824961500004,24.945240843277915],[121.00812997500009,24.945304275277927],[121.00806618700007,24.945339391277898],[121.0080202820001,24.945392669277862],[121.00798362300007,24.945477991277901],[121.00793799400005,24.945551917277893],[121.00787465000003,24.94562030327787],[121.00778056400006,24.945745234277894],[121.00766338700005,24.945839461277878],[121.0075825160001,24.945916071277903],[121.00751765300006,24.945964973277864],[121.00743795100004,24.946034686277951],[121.00735303700002,24.94609184027788],[121.00727179999996,24.94614091327794],[121.00721922800007,24.946166729277941],[121.00715776000004,24.94618690027793],[121.00709271399998,24.946222034277902],[121.00706240600006,24.946216635277892],[121.00704232100009,24.946206040277922],[121.0070091140001,24.946188523277876],[121.00695570200001,24.946151247277911],[121.00690500800009,24.946128850277923],[121.00687447000004,24.94610623627792],[121.00683016500001,24.946090664277872],[121.006729854,24.946032092277914],[121.00669041900001,24.946003844277893],[121.00660644199999,24.945941651277888],[121.006535644,24.945828834277872],[121.00650742399995,24.945791268277883],[121.00647401500004,24.945742300277917],[121.00643824000012,24.945704832277936],[121.00639221900003,24.945654843277879],[121.00635604800006,24.945587547277903],[121.00629245000003,24.945542344277893],[121.00624517100005,24.945492383277941],[121.00620687500007,24.945454935277951],[121.00614421700003,24.945385636277912],[121.00611985600005,24.945353766277936],[121.00608377300001,24.945293348277914],[121.0060539750001,24.945231713277874],[121.00597373100004,24.945166044277943],[121.00591623400008,24.945105861277945],[121.00586772500006,24.945058202277984],[121.00576887899996,24.944920449277884],[121.00570141400009,24.944868395277936],[121.00564272100009,24.944812818277949],[121.00558320200005,24.944695287277899],[121.00554359899998,24.944654417277981],[121.00548217600014,24.944582807277936],[121.0054450170001,24.944536167277981],[121.00540494499997,24.944459715277969],[121.00537173400006,24.944425669277891],[121.005300229,24.944354158277939],[121.0052273890001,24.944276941277948],[121.0051877730001,24.944234914277946],[121.00515559600002,24.944183634277948],[121.00502799400013,24.944062259277953],[121.00498050100011,24.943996235278],[121.00488609300011,24.943907751277958],[121.00479408500004,24.943810095277971],[121.00475302700011,24.943754318277971],[121.00469694600008,24.943705593277926],[121.00462422700002,24.943637548277984],[121.00458301600008,24.94357030427792],[121.00453314200006,24.943514628277942],[121.00447417400004,24.94343839327794],[121.00443287400002,24.943364261277949],[121.00437889799998,24.943284533277911],[121.00434153099998,24.943221832277978],[121.00425081100003,24.943126448277997],[121.00423471800005,24.943053184277971],[121.00419373900002,24.943003148278002],[121.00416276100012,24.942947264278001],[121.00412638900004,24.942865052277956],[121.00407986600011,24.942777214277964],[121.00405275800009,24.942728172277999],[121.00402018400004,24.942647062277945],[121.00397589000011,24.94253739527803],[121.00391250600002,24.94241302127795],[121.00386048599998,24.942290820278064],[121.00379965200001,24.942168705277989],[121.00377062800008,24.942070350277941],[121.00371082399992,24.941931023277959],[121.00366401200007,24.94182140227803],[121.00362181000006,24.941679576278027],[121.00359946800006,24.941609831277948],[121.00358568099996,24.941520485278009],[121.00354394100007,24.941413083278025],[121.003508571,24.941311353278035],[121.00347045600004,24.941192439278066],[121.00343367700012,24.941079259278013],[121.00341590200006,24.940973889278009],[121.00336480600001,24.940826437277973],[121.00331928600005,24.940719081277983],[121.00329023499998,24.940618422277993],[121.00324837000005,24.940501848278039],[121.00320028400009,24.940391079278033],[121.00312799200002,24.940259906278008],[121.00304841500012,24.940149480278023],[121.00292191300002,24.940015475278052],[121.00273601200004,24.939962427278008],[121.00261118800009,24.939954602277972],[121.00251536300006,24.939948770278033],[121.00221817600006,24.939958886277971],[121.00208628100008,24.939987862278066],[121.00193809900009,24.940023896278035],[121.00167048099996,24.940078441278011],[121.00145808600008,24.94011747227805],[121.00126471100006,24.940165470278028],[121.00100091400009,24.94022341727802],[121.00079735500003,24.940263494278046],[121.00058738900006,24.940295610278046],[121.00038757700003,24.940333359278057],[121.00012488700007,24.940379811277992],[120.99996303200011,24.940429764278022],[120.99974221300012,24.940498706278046],[120.99960008900008,24.94061155127806],[120.99949193000009,24.940720580278018],[120.9992984310001,24.940854634278001],[120.99905744200012,24.94092266127803],[120.99879968300003,24.940865789278043],[120.99854952800003,24.940812284277968],[120.99843600900013,24.940802045278005],[120.99829475700008,24.940790956277972],[120.99815185600005,24.94075006427806],[120.99803806400007,24.940719177277995],[120.99785196700002,24.940651209278055],[120.997716244,24.940581543277968],[120.99756548100007,24.940517781278029],[120.99747789700008,24.94046824927802],[120.99743343100012,24.940440044277992],[120.99728319800013,24.940321200278021],[120.99715545800005,24.940188353278042],[120.99700516599997,24.940064921278054],[120.99694358100012,24.939980683278094],[120.99685393199998,24.939870355278028],[120.99674536300004,24.939757939278064],[120.99652094899994,24.93965023427803],[120.99633499300002,24.93959259227805],[120.99613525700011,24.939540835278052],[120.99603805399998,24.939525820278035],[120.9956810000001,24.939486092278049],[120.99559252200004,24.939464115278092],[120.99550676200006,24.939457007278047],[120.99538340800007,24.939465228278099],[120.99512495499999,24.939450838278063],[120.99493050099998,24.939417363278036],[120.994794082,24.93939016527802],[120.99464846600003,24.939334373278019],[120.99434825100003,24.939210264278053],[120.99419236200001,24.939139684278071],[120.99403990300003,24.939042667278049],[120.99394329300002,24.938977152278049],[120.99380323400008,24.93886507727801],[120.99364528400007,24.938733698278064],[120.99350223700003,24.938586085278022],[120.99340342700013,24.938449471278098],[120.99328021699995,24.938277562278092],[120.99324797000004,24.93822053827807],[120.99321135400011,24.938118821278014],[120.99317728499996,24.938019364278041],[120.99312628200001,24.937877641278039],[120.99302462200004,24.937715818278065],[120.9929783230001,24.937644041278084],[120.99294704700003,24.937565211278045],[120.99287763599996,24.937460397278073],[120.99279840599996,24.937279968278162],[120.99274092600002,24.9371245582781],[120.99271069800001,24.93702964027807],[120.99265722500002,24.936891394278174],[120.99265086800001,24.936791648278096],[120.992644345,24.936679280278121],[120.9926465960001,24.93656337327813],[120.992668897,24.936439214278071],[120.99266871900008,24.936330222278119],[120.99270148600013,24.936235778278121],[120.99275222399997,24.936071154278089],[120.99278822800001,24.935935378278138],[120.99282168100002,24.935797334278178],[120.99285039600011,24.935682285278165],[120.99287914600006,24.93556953127807],[120.99287533900002,24.935472049278093],[120.99287892599997,24.935361866278136],[120.99284446300007,24.935232588278179],[120.99279165600004,24.935144810278114],[120.99273541500007,24.935083466278201],[120.99256362800007,24.935048610278148],[120.99240461699996,24.93502736627817],[120.99226468200003,24.93501972127817],[120.99217258100006,24.935009244278181],[120.99201769500004,24.935014363278153],[120.99177854200003,24.935029572278168],[120.991626737,24.935077106278108],[120.99148106300002,24.935111958278153],[120.991255106,24.935172924278135],[120.99111967500006,24.935220279278138],[120.99104830100011,24.935253182278107],[120.99087172699998,24.935333109278162],[120.99065130900013,24.935431876278155],[120.99055756600001,24.935487964278082],[120.99046888899997,24.935546283278104],[120.99031167700001,24.935661575278139],[120.990149534,24.935805311278127],[120.99013609600004,24.935817224278139],[120.99001664100003,24.935929800278121],[120.98990586700008,24.93603197827813],[120.9898317550001,24.936144069278079],[120.98973392499997,24.936272475278127],[120.98962839700005,24.936390650278149],[120.989555727,24.936516500278159],[120.98942437100004,24.936681984278085],[120.98935784500006,24.936796307278122],[120.98924031200011,24.936959343278108],[120.98918885900001,24.937070045278116],[120.98910732400012,24.937192557278124],[120.98902583500002,24.937318489278066],[120.98893322400009,24.937460627278103],[120.98883520800005,24.937575279278075],[120.98871503600004,24.937729170278104],[120.9886433950001,24.937837804278121],[120.98848322600007,24.938016230278055],[120.98838119299997,24.938112556278114],[120.98831056900008,24.938202816278025],[120.98811912200004,24.938397645278073],[120.98799580700006,24.938504533278021],[120.98781402800003,24.938668285278069],[120.98769590100002,24.938786584278095],[120.987561399,24.93890507127804],[120.9874853780001,24.938967848278065],[120.98737741900005,24.939049067278045],[120.98636780099999,24.939159451278023],[120.98597321400004,24.939209789278017],[120.98587268299998,24.939222614278087],[120.98537755900006,24.939303839278068],[120.98488243900013,24.939385056278038],[120.98438731300008,24.93947529827804],[120.98389218799998,24.939574577278091],[120.98320716300006,24.939724408278035],[120.9831812035001,24.939729945778094],[120.98313200800006,24.939751828278002],[120.9829712960001,24.939774720278024],[120.98202546099999,24.939976472278012],[120.98193576300002,24.939888449278012],[120.98192099000005,24.939873950277974],[120.98188048100008,24.939856974278005],[120.98179750200006,24.939827260278022],[120.98173959900005,24.939799707278038],[120.98171365600005,24.939786195278],[120.98166919900007,24.939763042278042],[120.9816112980001,24.939727462278025],[120.98156858300003,24.939709120278017],[120.98148936700012,24.939660988278042],[120.98147346200005,24.939648211278044],[120.98142517799997,24.939609419278028],[120.98134595899998,24.939562461278047],[120.98130945400007,24.939529221278054],[120.981259151,24.939491389278036],[120.98117364400002,24.939429432278057],[120.98115636800001,24.939416837278092],[120.98106674400006,24.939351495278093],[120.98097111700007,24.939266606278],[120.98091583100002,24.939213871278],[120.98085164500004,24.939145148278087],[120.98084963400004,24.93914232927802],[120.9807975890001,24.939069384278035],[120.98079075000005,24.939055558278039],[120.98075733900005,24.93898802327805],[120.98073594700007,24.938926533278032],[120.98072460500009,24.938893935278077],[120.98069815700003,24.938813659278008],[120.980671788,24.93875289327806],[120.98061643400001,24.938627914278026],[120.98058875600005,24.938576259278005],[120.98056361200011,24.938509797278016],[120.98051960700001,24.938427171278015],[120.98045248800004,24.938323147278027],[120.98044110500008,24.938314436278112],[120.97968974800007,24.937739480278065],[120.978575744,24.936690379278161],[120.97744909499998,24.935629902278095],[120.97665194300008,24.934908244278169],[120.97567800900006,24.934051486278182],[120.97472956300011,24.933228663278161],[120.97406109200004,24.932779454278204],[120.97330211000002,24.932102916278197],[120.97279248900006,24.931389593278176],[120.97184335600004,24.930521249278289],[120.97088054300005,24.929561700278221],[120.96966590600002,24.928467821278339],[120.969026083,24.927368093278318],[120.96808974899997,24.925609693278354],[120.9674965710001,24.924269775278358],[120.9669961420001,24.923316798278393],[120.96626370500006,24.921841500278397],[120.96579327100004,24.920340526278494],[120.96526975399998,24.918611983278502],[120.9649772140001,24.917325943278524],[120.96449366700006,24.9157794592786],[120.96368257200002,24.914042454278615],[120.96302398100013,24.912486439278592],[120.962085278,24.910556698278665],[120.96130845900004,24.908579684278738],[120.96034066500007,24.90635359927872],[120.95973252100011,24.904831160278814],[120.95908906400008,24.903468720278823],[120.958880808,24.90286621827882],[120.95792202300008,24.901290313278832],[120.95683028900007,24.900046643278902],[120.95561253500001,24.898724368278852],[120.95471228500006,24.897775274278956],[120.95416350800004,24.896936720278951],[120.95322890100007,24.896216235278953],[120.95260510700004,24.895378373279016],[120.95199781699999,24.893924155279073],[120.95185020500003,24.892271158279026],[120.95172821200006,24.890663603279098],[120.95129008199996,24.889698203279092],[120.95053871700004,24.888667684279117],[120.94935378099997,24.887002682279146],[120.9485361080001,24.885698902279195],[120.94766928200013,24.884452692279243],[120.94734837600004,24.8838284552792],[120.94714731700003,24.882837747279233],[120.94695772400006,24.881767042279304],[120.94674994100001,24.880285667279338],[120.94673572899997,24.880175269279263],[120.94654010899997,24.878656014279358],[120.94553089200004,24.87704603527941],[120.94470375700008,24.875959093279384],[120.94430904800001,24.875426833279413],[120.94381236399994,24.874747249279416],[120.94333150999995,24.873394251279493],[120.94295271300005,24.872199839279464],[120.94259327000006,24.871530245279494],[120.94258795200007,24.87152525927953],[120.94235199100001,24.871303951279518],[120.94226020300003,24.871194833279457],[120.94210943500001,24.871008769279527],[120.94192717500005,24.870790532279496],[120.94186312999997,24.870710053279506],[120.94158036400003,24.870350562279519],[120.94147479999999,24.870212727279494],[120.94124739600011,24.869829150279557],[120.94116950400006,24.869686805279503],[120.941025048,24.86945703327951],[120.94089184399999,24.86925038027956],[120.940737343,24.869025211279496],[120.94069965299998,24.868976975279494],[120.94063683800003,24.868891981279486],[120.94040809400012,24.868587591279539],[120.940356612,24.868532480279509],[120.94018316900006,24.868322289279526],[120.94010170500007,24.868246732279481],[120.94010018599992,24.868245324279552],[120.94009390200003,24.868237234279508],[120.93977093600006,24.867821446279567],[120.93964529500003,24.867681327279527],[120.93954976500004,24.86755839327958],[120.93944420800003,24.867417126279612],[120.93933994600003,24.867294284279581],[120.93924816800006,24.867182809279594],[120.9391489540001,24.867089765279534],[120.93901065700004,24.866957694279627],[120.93894024100005,24.866895629279558],[120.93891886499999,24.866873770279607],[120.93883343400005,24.866804840279588],[120.93871022600003,24.866702568279571],[120.93857951800005,24.866579627279609],[120.9383256010001,24.866357925279569],[120.93821121400006,24.866240762279649],[120.93810319000009,24.866133900279596],[120.9379649010001,24.865991436279629],[120.93783672599997,24.865867412279588],[120.93767077300004,24.865714551279545],[120.9375388310001,24.865611200279616],[120.93744328300011,24.86553304627963],[120.93735157500008,24.865452644279657],[120.93718561700003,24.865305580279653],[120.93706518000009,24.865199803279609],[120.937057436,24.865193004279572],[120.93704555999999,24.865178899279652],[120.93704553500007,24.865178872279653],[120.93694811999998,24.865063200279593],[120.93688522800002,24.864982811279592],[120.93681360100005,24.86489781127958],[120.93672190100001,24.864803589279603],[120.936640234,24.864722017279611],[120.93662261400006,24.864694472279634],[120.93648816200005,24.864562299279626],[120.93640013200003,24.864473864279592],[120.93629080000005,24.864377376279609],[120.93615258200006,24.864267068279638],[120.93603941200004,24.864175091279662],[120.93594688800012,24.864108245279642],[120.93590110400005,24.864075166279658],[120.93587927300003,24.86405443527962],[120.93567241700005,24.863857995279634],[120.93554416200003,24.863739639279615],[120.93543736900004,24.863628263279637],[120.93538206300001,24.863560516279634],[120.9352866080001,24.863460511279708],[120.935197364,24.863357176279685],[120.935021385,24.863187154279661],[120.93484294499999,24.86304007527966],[120.934731485,24.862966974279647],[120.93460280000009,24.862882575279695],[120.93450249800006,24.862819503279709],[120.93450247100007,24.862819488279705],[120.93440549700003,24.86275850927964],[120.93432249500007,24.862717262279688],[120.93424579700006,24.862679149279725],[120.93409116100004,24.862589499279693],[120.93404720400004,24.862560898279735],[120.93396925400009,24.862510175279702],[120.93394536000007,24.862465375279641],[120.93389262100004,24.862331079279631],[120.93385374600001,24.862217375279638],[120.933817026,24.862143780279677],[120.93381615000011,24.862142024279716],[120.93379471500012,24.862099065279711],[120.93371681300007,24.862003760279645],[120.93361125700005,24.861875139279668],[120.93357359100003,24.861792402279651],[120.93351914299998,24.861677545279761],[120.93351227900004,24.861663068279711],[120.93303184500006,24.861335251279677],[120.93212565300006,24.860865376279712],[120.93090497400011,24.860238866279758],[120.92903927100002,24.859961557279735],[120.92780894700002,24.859540724279739],[120.92736393400004,24.858986065279776],[120.92748636700004,24.857889012279802],[120.92750896200006,24.85680446927979],[120.92693998900006,24.855406472279885],[120.92583483000008,24.855007074279797],[120.92522125600004,24.854813764279882],[120.92532243600006,24.854775750279849],[120.92545353600006,24.854734319279888],[120.92556962100001,24.854685885279874],[120.92583570500007,24.854590423279785],[120.925994604,24.854533136279851],[120.92610944400008,24.854483534279833],[120.92633899799998,24.854396966279857],[120.92646512300004,24.85434975427988],[120.92661266800006,24.854296974279865],[120.926845969,24.854212724279908],[120.92700738900014,24.854154307279867],[120.92712342900003,24.854110459279887],[120.92739825400007,24.854020786279918],[120.92755722700007,24.853955478279854],[120.92769718599999,24.853907216279854],[120.92784731900008,24.853846418279794],[120.92800246600004,24.85378681327985],[120.92812486700004,24.853734976279828],[120.92827109599997,24.853687918279824],[120.92840478100001,24.853638469279918],[120.928510734,24.85359797327985],[120.92864314000002,24.853550817279871],[120.92881464600009,24.853489025279906],[120.92897732100006,24.853430634279871],[120.92911228600003,24.853378892279849],[120.92928636000012,24.85331139727986],[120.92942760800011,24.853259703279853],[120.92958139700012,24.85321040627986],[120.92973911200009,24.853145079279876],[120.92989793900003,24.853094674279884],[120.93010729600003,24.853017117279947],[120.93023470800009,24.852966464279937],[120.93036830400005,24.852926187279891],[120.93052853200004,24.852860876279902],[120.93064582400008,24.852817034279834],[120.93077576200008,24.852765262279892],[120.93091948700007,24.852717035279905],[120.93110851400002,24.852662263279907],[120.93126725099999,24.852621031279874],[120.93141059100002,24.852612954279905],[120.93159899899997,24.852622420279896],[120.931769827,24.852630597279951],[120.9318966320001,24.852643043279908],[120.93210751500007,24.852667596279904],[120.93227208200008,24.852673432279857],[120.93243905100005,24.852690778279872],[120.93263366800005,24.852708319279895],[120.93279684399998,24.852727911279906],[120.93292620800003,24.852735778279868],[120.93309441000009,24.852755412279883],[120.93320701000009,24.852774322279846],[120.93320701900009,24.852758143279924],[120.93328514499999,24.852761951279891],[120.93342097200002,24.85276090227989],[120.93358194900011,24.852757570279895],[120.93363895000002,24.852752516279899],[120.93376179900007,24.852741625279894],[120.93394417900005,24.852711919279834],[120.93419197299995,24.852658136279913],[120.934379389,24.852620382279905],[120.93459071200007,24.852564280279889],[120.93474166300004,24.852517316279915],[120.93488758400004,24.852468058279911],[120.93502343900001,24.852424526279865],[120.93515048600001,24.852392475279974],[120.93530395300004,24.852342073279882],[120.935469998,24.852291676279894],[120.93565742799997,24.85223211427985],[120.93587631800004,24.852148468279854],[120.93602728100002,24.852082000279868],[120.93626253800002,24.851978841279863],[120.93651288800005,24.85186534227989],[120.9366563100001,24.851790827279942],[120.93684377300006,24.85168878527994],[120.93708407000004,24.851566116279912],[120.93730171200004,24.851465239279921],[120.93747784000004,24.851380409279923],[120.93768164500003,24.851284115279952],[120.93788293100009,24.851197010279943],[120.93805905000006,24.851121361279887],[120.93829177600007,24.851029681279947],[120.93849935400011,24.850932241279878],[120.93865659800004,24.850872654279925],[120.93884907700007,24.850784389279916],[120.93902015900002,24.850717917279923],[120.93924785500002,24.850623933279959],[120.93930823800007,24.850598723279919],[120.93940888300003,24.850547129279914],[120.93951330299996,24.850493244279892],[120.93961018000007,24.850435907279955],[120.93979762600004,24.85034993227994],[120.93999388500004,24.85024675027994],[120.94010963700009,24.850175652279912],[120.94029459099995,24.850056386279906],[120.94044179600006,24.849964643279957],[120.94059658700006,24.849815498279973],[120.94069726600006,24.849716838279978],[120.94078159700011,24.849618170279978],[120.94090243200004,24.84947016027991],[120.94102075400008,24.84932213727992],[120.94110005600005,24.849220020280011],[120.94128507200003,24.849007767279936],[120.94137193900011,24.848878088279957],[120.94141977700006,24.848809238279959],[120.94152297700009,24.848696808279975],[120.94157584600009,24.848629115279973],[120.9416714920001,24.848530426279982],[120.94177723499998,24.848378975279982],[120.94188483900007,24.848255297280044],[120.94198820300002,24.848114107280001],[120.94212266300003,24.847964798280003],[120.94226336500004,24.847756943280043],[120.94244430500011,24.84754102328003],[120.94255989200008,24.847384837279986],[120.94268426800006,24.847212566279953],[120.94280110600003,24.847050647279968],[120.94291164900004,24.846882983280047],[120.94304353200003,24.846668244280039],[120.94315030900006,24.846507477279982],[120.94324193900002,24.846285871280035],[120.94333856200002,24.846022941280047],[120.94351297800006,24.84554186628004],[120.94378660000005,24.844875923280018],[120.94385557899999,24.844652039280074],[120.943968539,24.844373027280074],[120.94404003600006,24.844147998280107],[120.94408517400005,24.843987271280056],[120.94415036500006,24.843745023280078],[120.94419423400002,24.843569371280037],[120.94425817200008,24.843328278280076],[120.94429574900009,24.843153770280114],[120.94433837100003,24.842990746280044],[120.94438724600001,24.842787541280106],[120.94444863800003,24.842517755280081],[120.9444925,24.84233635928009],[120.94451128800004,24.842246811280059],[120.94455893500002,24.84207689428013],[120.94460026500005,24.841877134280125],[120.94465041700003,24.841700328280151],[120.94469305100009,24.841551074280154],[120.94472184900006,24.841400686280139],[120.94476821099998,24.841206662280083],[120.94481715800005,24.841084958280138],[120.94480959799996,24.841068902280135],[120.94484731600005,24.841050488280136],[120.94484849700005,24.841049852280172],[120.94489634400011,24.841024061280169],[120.94496423400007,24.840989589280166],[120.94510505199997,24.840928652280084],[120.94526723500009,24.840851624280209],[120.94539045100005,24.840799882280095],[120.94560041500002,24.840704464280119],[120.94580660300002,24.840605604280181],[120.94598387200003,24.840520546280171],[120.94615611299999,24.840438927280161],[120.94634973300002,24.840354995280148],[120.94653077799998,24.840273369280155],[120.946721891,24.840196333280161],[120.94688283700008,24.840141118280137],[120.94705507400012,24.84005835128022],[120.94719463600003,24.840002008280162],[120.94734802100004,24.839933029280161],[120.94748758900002,24.839882418280141],[120.94758940900012,24.839818073280149],[120.94770631300001,24.839744521280192],[120.94777042100007,24.839702010280146],[120.94786217400011,24.839634220280121],[120.947933816,24.839576769280168],[120.94800546100006,24.83952391228015],[120.94812487899999,24.839448070280177],[120.94825309100004,24.83936074528016],[120.94832850700004,24.839305597280216],[120.94846677700004,24.839215964280161],[120.94865028900004,24.839084978280162],[120.94884385899996,24.838947087280136],[120.94896577400003,24.838852879280154],[120.94908643400008,24.838763258280199],[120.94919454300005,24.838701196280219],[120.9493378210001,24.838586311280224],[120.94951003300001,24.838478279280164],[120.94974005200005,24.838316266280174],[120.94984060600002,24.838246175280155],[120.95002914200008,24.838110594280213],[120.950162369,24.838008344280201],[120.95026545500001,24.837955453280181],[120.95049421800003,24.837799180280214],[120.95062115800013,24.837699222280222],[120.95074308900008,24.83762567028025],[120.95096179900005,24.837479733280169],[120.95109881100004,24.837392389280229],[120.95123708300002,24.837309641280207],[120.95145705500011,24.837165997280238],[120.95160032700005,24.837052256280163],[120.95171722300005,24.836972968280175],[120.95190324799998,24.836845418280188],[120.95204402899999,24.836755773280238],[120.95217095000012,24.836638596280221],[120.95231046100001,24.836538632280309],[120.95245123600003,24.83644209928023],[120.95260708400004,24.836323757280212],[120.95277928000009,24.836207694280198],[120.95293260399998,24.836083617280231],[120.95297991499999,24.836050580280251],[120.95309222900003,24.835972147280255],[120.95322920700002,24.835852669280225],[120.95338756900006,24.835735473280216],[120.95352957799997,24.835617135280291],[120.95366782699996,24.835512581280259],[120.95382241200005,24.835393074280237],[120.95391037800005,24.835312665280238],[120.95422708600006,24.835070228280255],[120.95436910500008,24.834963363280291],[120.95455512100001,24.834832370280292],[120.95471349500008,24.834732382280286],[120.95481906200011,24.834648511280278],[120.95501513500005,24.834514054280255],[120.95516849099997,24.834427866280226],[120.95528413700004,24.834363483280239],[120.95552928399998,24.83425195428034],[120.95568895200005,24.83419214128028],[120.95578701699998,24.834155344280241],[120.95602084200007,24.834043809280349],[120.95617296000003,24.833978270280266],[120.95631753400001,24.833912730280247],[120.95646837200005,24.833826524280319],[120.95669339300001,24.833717306280342],[120.95689077200008,24.833636802280264],[120.95703409300003,24.833577002280286],[120.95722272500002,24.833556191280337],[120.95731454300007,24.833563007280283],[120.95743656700004,24.833588177280312],[120.95759505400011,24.833606415280318],[120.95774725600008,24.833624659280307],[120.95790952300001,24.833649794280269],[120.95804911500011,24.833637059280274],[120.95818671300005,24.833575740280278],[120.95836549400006,24.833516282280321],[120.95861446299998,24.833438073280341],[120.95886594300008,24.833351821280306],[120.95917274899998,24.8332529062803],[120.95943932000002,24.833168949280282],[120.95956757799999,24.833135587280275],[120.95964176399998,24.833109117280298],[120.959702118,24.833084991280359],[120.95981151600009,24.83306082528031],[120.95991336799999,24.833028619280309],[120.96014725200006,24.832979115280292],[120.96022647500006,24.832965296280307],[120.96030569200002,24.832941139280358],[120.96042515899995,24.832938786280341],[120.96051318700005,24.832935298280322],[120.96066409700003,24.832937503280316],[120.96076470199999,24.832934009280297],[120.96083638200007,24.832935120280304],[120.96088039900005,24.832935097280291],[120.96092567000008,24.832936217280302],[120.96100740000008,24.832908613280335],[120.96108662100006,24.832891344280323],[120.96127900699999,24.832839578280304],[120.96133559000006,24.83282233028029],[120.961419834,24.832794724280319],[120.9615216880001,24.832771701280283],[120.96162353999998,24.83274983228025],[120.961829756,24.832688862280264],[120.96213909200003,24.832632421280309],[120.96235663800007,24.832600172280308],[120.96253771400006,24.832570207280309],[120.9626357970001,24.832554078280314],[120.96276029300007,24.832545966280268],[120.96293177900007,24.832533993280332],[120.96304197900001,24.832526299280325],[120.9631664650001,24.83250326128028],[120.96328216000011,24.832495165280317],[120.96359026300001,24.832496143280324],[120.9637587740001,24.832489160280364],[120.96392980100005,24.832485616280326],[120.96413855600007,24.832482073280303],[120.96428821000003,24.832487716280333],[120.96439761500002,24.832484212280303],[120.96451834700008,24.832495626280359],[120.96476734899997,24.832498935280281],[120.96493712499998,24.832511469280337],[120.96506917000009,24.832515979280263],[120.96524900600002,24.832521628280283],[120.96542507100004,24.83253530228027],[120.965510591,24.832547890280324],[120.96566402699999,24.832571904280361],[120.96588160000006,24.832601641280334],[120.96606648100008,24.832641733280273],[120.9661696080001,24.832655454280356],[120.966338135,24.83267602228036],[120.96653809000011,24.83268854528033],[120.96660600800013,24.832699982280303],[120.96667894700013,24.832699941280385],[120.96679086399998,24.832684944280295],[120.96685751200006,24.832686051280294],[120.96703734100004,24.832672178280308],[120.96717944200005,24.832666350280277],[120.96722974200004,24.832661729280332],[120.9673668070001,24.832642131280309],[120.96742967799997,24.832626021280298],[120.96759691899997,24.832591487280293],[120.96769877300004,24.832575346280294],[120.96786475700002,24.832541950280284],[120.967987978,24.832501691280338],[120.96812126500001,24.83247405428035],[120.96830862500005,24.83243834128033],[120.96844693500005,24.83239118928034],[120.96857519,24.832360129280339],[120.96874242300008,24.832312936280346],[120.96887318400005,24.832262340280344],[120.9691787280001,24.832173743280293],[120.96932457600009,24.832112802280307],[120.96946162499997,24.832062189280304],[120.96957226599999,24.832012754280292],[120.96971308799998,24.831967883280313],[120.96987025700004,24.831919567280313],[120.97002239300001,24.831859764280349],[120.97016446300006,24.831788495280311],[120.97032791199999,24.831721787280291],[120.97046747400007,24.831675779280317],[120.97067241500007,24.831594129280322],[120.97087860400008,24.8314952702803],[120.97106719600004,24.831411332280375],[120.9711690370001,24.831374521280349],[120.97116939400006,24.831374384280341],[120.97131488400009,24.831318177280302],[120.97143683300008,24.831252651280316],[120.97160530800006,24.831183651280373],[120.97173984200001,24.831131899280347],[120.97189951499998,24.831062905280323],[120.97212456300004,24.830962874280402],[120.97222137100006,24.830920332280346],[120.97236092400006,24.830854792280345],[120.97251556600006,24.830782356280395],[120.97269785900005,24.830689243280336],[120.972818553,24.830630606280369],[120.97292792900008,24.830567379280374],[120.97303855499997,24.830496128280348],[120.97316552100003,24.830412222280327],[120.97325981100001,24.830366238280348],[120.97337799799999,24.83032253428037],[120.97350750200005,24.830279978280405],[120.97369483900003,24.830213254280402],[120.97385074899995,24.830162639280381],[120.97405945999998,24.830086728280417],[120.97417639500006,24.83006024028035],[120.974456797,24.830003804280384],[120.97463785900008,24.829957762280397],[120.97481517000007,24.829953053280352],[120.97502641499997,24.829917326280423],[120.97520875600004,24.829911460280389],[120.97543131699999,24.829873442280352],[120.9756890980001,24.829839978280337],[120.97591670800001,24.829829507280362],[120.97615437500005,24.829816715280362],[120.97639076800007,24.829776386280315],[120.97653915600009,24.829770549280362],[120.97669885299999,24.829755514280365],[120.97690508499997,24.829748495280317],[120.97713016600005,24.829716199280391],[120.97729867600003,24.829712648280371],[120.97746969800008,24.829709090280335],[120.97757406500001,24.829691788280325],[120.97775389400006,24.829696275280352],[120.97796516800005,24.829708767280401],[120.9781173450001,24.829732788280346],[120.97826699700012,24.829744167280413],[120.97838648099997,24.829775089280375],[120.97851979400001,24.829797977280311],[120.97863172900011,24.82982086428035],[120.97875373100007,24.829858675280366],[120.97886566900003,24.829888466280348],[120.97902666300003,24.829940024280347],[120.97911847700007,24.829960641280362],[120.97922664500005,24.829995010280363],[120.979385132,24.830058060280344],[120.97957759800015,24.830162421280363],[120.97971219100008,24.830226633280343],[120.97980025199998,24.830277105280341],[120.97987069899996,24.830320686280313],[120.98012606500005,24.830469793280386],[120.98021286700012,24.830517952280367],[120.9802845720001,24.830562699280431],[120.98035376200004,24.830603987280377],[120.98052610800001,24.830709507280318],[120.98062171400012,24.830761111280331],[120.98069844900006,24.830804692280378],[120.98076260200004,24.830835659280361],[120.98085570900001,24.830915971280355],[120.98106578799997,24.831024920280385],[120.98116139899999,24.831090298280287],[120.98124192,24.831157986280299],[120.98129098500007,24.831186657280355],[120.981366459,24.831221057280359],[120.98145072200002,24.831232489280321],[120.98160662799995,24.831183004280316],[120.98170973299996,24.831157674280355],[120.98189581700001,24.831104727280323],[120.98204924500007,24.831113819280368],[120.98217122499999,24.831111441280342],[120.98230198999995,24.83107574828033],[120.98236988200006,24.831049292280358],[120.98249435099997,24.831004426280291],[120.9826150450001,24.830952670280361],[120.98272191999997,24.830925047280299],[120.98284892600009,24.830914634280322],[120.98291810200013,24.830930658280312],[120.98298853000009,24.830942087280381],[120.98305949900011,24.830933867280315],[120.98308302300011,24.83093114228036],[120.98316608200005,24.830902028280342],[120.983242752,24.830869999280356],[120.98340157000007,24.830803085280326],[120.98352272999998,24.830756889280408],[120.98360611100013,24.830716144280331],[120.98372486600007,24.830658445280353],[120.98388786699998,24.830575797280364],[120.98406249300002,24.830459916280368],[120.98420674699997,24.83036448228038],[120.98430174000013,24.830291667280395],[120.98444614299999,24.830180179280404],[120.98461323100005,24.830063096280401],[120.98474112599999,24.829968696280407],[120.98474877600007,24.829957267280349],[120.98491208100009,24.829841303280354],[120.98506660699999,24.829722980280426],[120.98524402100011,24.829577259280356],[120.98542428900008,24.82939480928037],[120.98559383700002,24.829146792280362],[120.98569830200005,24.829001694280358],[120.98579007200007,24.828869127280402],[120.985879262,24.828743439280409],[120.98592396400014,24.828669102280372],[120.98606820300007,24.828438138280458],[120.98615622000001,24.828303248280402],[120.98624427100002,24.828164913280414],[120.98648267499999,24.827677354280411],[120.98653663100004,24.827553702280394],[120.98660462200004,24.827408312280365],[120.98669211000002,24.827194172280414],[120.98673721100012,24.827076198280427],[120.98679885200005,24.826937670280422],[120.98684254800001,24.826835759280421],[120.98688913899997,24.8266925252804],[120.98693529700006,24.826596372280424],[120.98702107000004,24.826431609280394],[120.98714619900009,24.826226923280508],[120.98723682500005,24.826081707280494],[120.98730299700003,24.825997196280426],[120.98741242200002,24.825859014280457],[120.98747863600008,24.825769917280464],[120.98754718699998,24.825700348280478],[120.98761563200004,24.825642271280465],[120.98768424500004,24.825565815280459],[120.98779442100009,24.825482778280509],[120.98790316900013,24.825418097280501],[120.98801294400006,24.825378705280428],[120.98809984099998,24.825365557280495],[120.98819682899999,24.825349044280458],[120.98832777900009,24.825331619280444],[120.98844603000011,24.825327890280487],[120.98852040500003,24.825308909280427],[120.98860846300011,24.825306108280458],[120.98867272400004,24.825292795280426],[120.98870930900003,24.825280420280468],[120.98880767200001,24.825251283280455],[120.98891114500012,24.82521297428049],[120.98904374600008,24.825153087280416],[120.98920430800004,24.825061216280464],[120.98936868200005,24.824964792280468],[120.98951269400007,24.824894633280532],[120.98958857900003,24.824848095280508],[120.98966574000005,24.824799266280458],[120.9897694560001,24.824734546280428],[120.98990604900003,24.824650554280499],[120.989968081,24.824606210280471],[120.99004532600009,24.824548198280475],[120.990102252,24.824511861280499],[120.99025286300004,24.824407284280451],[120.99034660800005,24.824333309280473],[120.99040348000004,24.824302714280513],[120.99051211100007,24.82425067128047],[120.99059677800005,24.824206490280449],[120.99063243100008,24.824190540280462],[120.99065489300006,24.824180489280522],[120.9907861930001,24.824121734280467],[120.990864415,24.824094733280528],[120.99097553800006,24.824045002280506],[120.99103873000003,24.82401999728048],[120.99106389100007,24.824010040280545],[120.99114464600009,24.823980764280524],[120.99128482000006,24.823917465280537],[120.99147405000008,24.823853371280553],[120.99160407800001,24.823799199280518],[120.99171139699999,24.823752888280509],[120.991869146,24.823693165280538],[120.99200546200009,24.823639027280493],[120.99215421900004,24.823599904280456],[120.9922677740001,24.823559381280479],[120.99237620300003,24.82352915828055],[120.9924757790001,24.823504624280478],[120.99258914499997,24.823484775280516],[120.99273901900001,24.823460596280476],[120.99291256800009,24.823460712280585],[120.99311267400003,24.823444940280513],[120.99331147600004,24.823433761280491],[120.99348247500008,24.823437300280503],[120.99373913700001,24.823425392280495],[120.99386115700004,24.823421688280462],[120.99403362700005,24.823402264280542],[120.9942136520001,24.823381768280534],[120.99444012000002,24.823370770280498],[120.99457987300002,24.823353404280578],[120.99470066900007,24.823346241280522],[120.99500376300001,24.823345005280508],[120.99509063499998,24.823334155280502],[120.99519497700012,24.823338358280488],[120.99526912900001,24.823343487280571],[120.99545395500006,24.823348287280524],[120.99554943100006,24.823359315280541],[120.99563753000002,24.823351914280465],[120.99573077500003,24.823331918280502],[120.99583798800003,24.823297089280462],[120.99591747900003,24.823242016280521],[120.99605112900008,24.823200552280468],[120.99615419599999,24.823171917280497],[120.99622332400011,24.823151315280569],[120.996384194,24.823118121280491],[120.99649982700006,24.823088346280507],[120.99662086800006,24.823059096280488],[120.99662299600004,24.823058581280542],[120.996685841,24.823043704280547],[120.99680021700006,24.823011637280562],[120.99697618000003,24.822965840280496],[120.99710184199996,24.822952145280528],[120.99728535300005,24.822898311280515],[120.99738715800004,24.822873123280544],[120.99749273699997,24.822843340280489],[120.99762846100012,24.822821619280564],[120.99782451699998,24.822780433280517],[120.99797408000002,24.82274494528053],[120.998104785,24.822719774280483],[120.99819528700002,24.822688834280509],[120.99842657600007,24.82261091928055],[120.99858244299999,24.82255821228053],[120.99873327800003,24.82251010028056],[120.99888284699996,24.822471171280526],[120.99899118000006,24.822452543280505],[120.99910905700004,24.822432277280502],[120.99932648899998,24.822380760280595],[120.99945721499996,24.822340666280574],[120.99958040300007,24.822297112280513],[120.99988204400005,24.822223837280589],[121.00001024300002,24.822191776280512],[121.00010452099998,24.822156248280489],[121.00027170000007,24.82210123728057],[121.00038357499997,24.82206115028054],[121.00060993500004,24.821905152280507],[121.0007533050001,24.821800763280493],[121.00085014700002,24.821727351280551],[121.00096205899996,24.821656240280621],[121.0011557590001,24.821494483280567],[121.00131426399999,24.82134189028055],[121.00138348900013,24.821250068280595],[121.00149924400002,24.821122710280541],[121.00166535299999,24.820919601280519],[121.00177358900007,24.820775007280552],[121.00185919500004,24.820645318280565],[121.00192718499999,24.820533995280595],[121.00202911300005,24.820408902280555],[121.00212473899998,24.82030218328061],[121.00226060000001,24.820171393280543],[121.00243287999999,24.820053250280534],[121.00251964599995,24.819995899280581],[121.00261645600008,24.819944299280575],[121.00271199300008,24.819906468280564],[121.00284901799998,24.819846849280605],[121.00292192000002,24.819825099280578],[121.0030451260001,24.819762013280595],[121.00316327100002,24.819731115280629],[121.00326760300004,24.819694438280603],[121.003409627,24.81965319328058],[121.00354285600007,24.819616542280553],[121.00360321000002,24.819579840280635],[121.00377291200002,24.819512212280554],[121.00393004800006,24.819444574280642],[121.00406204800005,24.819386102280593],[121.00418649000004,24.819337957280613],[121.00426317100006,24.819308170280543],[121.004372526,24.819270346280614],[121.00456363799999,24.819161402280571],[121.00466425099995,24.819083390280603],[121.00475855300013,24.819024892280652],[121.00483905700004,24.818950312280617],[121.004915801,24.818869991280618],[121.00500256899997,24.818808053280556],[121.00510067700012,24.818719704280625],[121.00523149500007,24.818600387280615],[121.00534594300005,24.818507461280657],[121.00541388000008,24.818436321280622],[121.0054956370001,24.818364036280606],[121.00558115900006,24.818294061280593],[121.00567801699999,24.81820111728063],[121.00573337400013,24.818141454280582],[121.00583023700008,24.818043924280595],[121.00590572100009,24.817965894280622],[121.00600385000003,24.817859182280589],[121.00609067100002,24.817757055280669],[121.00617369799996,24.817670991280657],[121.0062579610001,24.817602163280636],[121.00631331700006,24.81754478528061],[121.00637746800005,24.817483974280641],[121.00644540200007,24.817411688280608],[121.006571169,24.817309577280596],[121.00669443700008,24.817194856280615],[121.00680134800004,24.817100772280636],[121.00688813500003,24.817022752280682],[121.00696485000006,24.816960804280612],[121.00713715400002,24.816817393280655],[121.00722518700002,24.81674971128065],[121.00731319400001,24.816700393280659],[121.0074163070001,24.816628122280626],[121.00750558300004,24.816569631280675],[121.00762500599998,24.816515743280661],[121.00775827000008,24.816443488280633],[121.00781483199997,24.816426304280633],[121.00788899500007,24.816395350280658],[121.00796317000008,24.816355205280701],[121.00804363000007,24.816313931280661],[121.00809766700002,24.816303635280605],[121.00815423100005,24.816283003280674],[121.00818671400008,24.816270496280627],[121.0082705340001,24.816216175280662],[121.00836352700007,24.816112955280648],[121.00837734700004,24.816080839280655],[121.00853065900003,24.815913414280654],[121.00856082000003,24.815879004280653],[121.00860480100006,24.81583428228069],[121.00863496100007,24.815797578280666],[121.00874177600009,24.815687497280624],[121.00876690500004,24.815642758280653],[121.00881340099997,24.815592304280656],[121.00892901200005,24.815456966280653],[121.00896922299998,24.815405375280644],[121.00900440699996,24.815359489280677],[121.009087343,24.815256268280745],[121.00912630000002,24.815201210280637],[121.00919415300004,24.815118649280659],[121.00921802800006,24.815075057280687],[121.00931855700003,24.814960370280701],[121.00935122799997,24.81490991528069],[121.00944673600007,24.814827362280703],[121.00949197200008,24.814763120280723],[121.00962391399999,24.814608297280717],[121.00969302800002,24.814532606280654],[121.00974078300007,24.814487885280702],[121.009816179,24.814399579280675],[121.00985136200008,24.814351410280686],[121.00991042500007,24.814289487280714],[121.01001848900003,24.814162185280754],[121.01009891300011,24.814070442280713],[121.01017808200001,24.813980990280683],[121.01023085700002,24.8139144732807],[121.01027860200008,24.813831884280702],[121.01041808700005,24.813680509280704],[121.01047840300008,24.81360940628068],[121.01053118500008,24.813565830280719],[121.01057893400005,24.81350963328077],[121.01061788600006,24.813463765280719],[121.01081140400001,24.813256191280683],[121.01085412699997,24.813201140280754],[121.01094711500006,24.813107102280696],[121.01099989000006,24.813048620280746],[121.01110544700009,24.812930489280749],[121.01121853900004,24.812824992280721],[121.0112549820001,24.812789442280703],[121.01133665900014,24.812690818280721],[121.01138063800012,24.812638059280697],[121.01142979600002,24.812576920280723],[121.01142984900002,24.812576853280707],[121.01149498499998,24.81249584128075],[121.01158545900003,24.812397224280694],[121.01163446699998,24.812351356280804],[121.01171488799996,24.812264196280694],[121.01175761300004,24.812227500280763],[121.01185059900001,24.812120838280737],[121.01199511000007,24.811994706280789],[121.01204536700006,24.811910969280689],[121.01213709700001,24.811812352280704],[121.01219113300013,24.811768776280758],[121.012416054,24.811513031280743],[121.01244118500003,24.811474034280792],[121.01253417300009,24.811378847280732],[121.01257689500005,24.811337564280791],[121.01262841399996,24.811283668280765],[121.01276160800001,24.811124248280731],[121.01283699800001,24.811038235280805],[121.01289982600004,24.810971724280808],[121.01297396700008,24.810899480280785],[121.01302297000001,24.810846722280772],[121.01312977899998,24.810738921280738],[121.01321522600003,24.810644879280783],[121.01323783899994,24.810611624280767],[121.01328936100006,24.810565755280809],[121.01335469900003,24.810494649280784],[121.01341627000006,24.810422395280749],[121.01353941100002,24.810295101280797],[121.01366380800003,24.810167794280744],[121.01370401499997,24.81011161428081],[121.01378066200003,24.810026757280802],[121.01381961000004,24.809965964280831],[121.01398169800005,24.809770994280779],[121.01401939500012,24.809738884280787],[121.01406462999999,24.809688419280789],[121.01413374200001,24.809627650280831],[121.01419405600002,24.809565717280769],[121.01424054499995,24.8095037852808],[121.01435614100002,24.809369600280792],[121.01442776300009,24.809300796280791],[121.01449059000004,24.809242319280841],[121.01456221000002,24.809158590280841],[121.01462503700007,24.809084045280812],[121.01484995000013,24.808848953280805],[121.01490900600002,24.808797348280883],[121.01500324400001,24.80869184028079],[121.01512763800008,24.80856454228082],[121.01517413500002,24.808543907280797],[121.01531111000008,24.808477423280799],[121.01537268600009,24.808460237280805],[121.01547321699999,24.808415544280837],[121.01553856500006,24.808390329280801],[121.01563029900002,24.808351361280859],[121.01572706500004,24.808321564280888],[121.01585775700001,24.808268843280878],[121.01592059100007,24.80824822428086],[121.01600604300002,24.808211540280841],[121.01611914400007,24.808178312280837],[121.01619203200005,24.808158847280829],[121.01629885,24.808123308280823],[121.016386818,24.808104997280903],[121.01649112300001,24.808071770280829],[121.01657531900007,24.808047707280881],[121.01665449300002,24.80803168328088],[121.01675754100003,24.808006482280842],[121.01690583200005,24.807982439280817],[121.01703024400003,24.807948071280805],[121.01709182300007,24.807937772280837],[121.01715591200004,24.80791600428082],[121.01724513700005,24.807879329280809],[121.01732681700007,24.807843793280888],[121.01743614700004,24.807811711280799],[121.01753290600004,24.80776815528084],[121.01759699300013,24.807738342280867],[121.01767238800005,24.807681011280824],[121.01774024100007,24.807628267280897],[121.01783322500003,24.807551441280861],[121.01790484400009,24.807499834280854],[121.01800286100003,24.807445958280841],[121.01806569199998,24.80741386328085],[121.01815113799996,24.807350787280868],[121.01820013800003,24.807299183280858],[121.01824913800007,24.807237247280817],[121.01829938700007,24.807137459280817],[121.01835340400009,24.80703422828088],[121.01837224500007,24.80698260128089],[121.01840867100003,24.806900011280881],[121.01843127700013,24.806823157280832],[121.01849909599997,24.806621268280832],[121.01853929300003,24.80653294628091],[121.01856315500002,24.806464117280878],[121.01859957600004,24.80635398928084],[121.01860962099997,24.806309253280862],[121.01871764200001,24.806058045280881],[121.01872392100003,24.806035102280841],[121.01873522399997,24.805989217280867],[121.01880933700008,24.805838962280873],[121.01883069200005,24.805799948280935],[121.0189148620001,24.805650846280844],[121.01899777400003,24.805509764280909],[121.01903797600006,24.805443238280905],[121.01911208899999,24.80531133828093],[121.01914978400008,24.805262019280839],[121.01920756800007,24.805154191280888],[121.0192992740001,24.804998201280874],[121.01939098000005,24.804851384280887],[121.01952036400009,24.804589862280924],[121.01959196800007,24.804463687280897],[121.01963970500002,24.804379948280886],[121.01968242100008,24.804324904280865],[121.01972262500003,24.804277878280878],[121.01979046799998,24.804196457280895],[121.01990480200003,24.804081770280913],[121.02005683900006,24.803961362280901],[121.020124684,24.803890261280888],[121.02019127500002,24.803827179280908],[121.02026665800004,24.803744612280916],[121.02029429800011,24.80370446728087],[121.02046390900001,24.803508342280999],[121.02051416100008,24.803442968280919],[121.02055687599996,24.803394803280923],[121.0206247150001,24.803286983280987],[121.02067496900007,24.80322045328089],[121.02081564999997,24.802937134280899],[121.02083826100009,24.802890110280924],[121.02090483700007,24.802774263280938],[121.02092493700005,24.802736412280918],[121.02098899000011,24.802574674280933],[121.02104173500005,24.802437025280934],[121.02107187600004,24.802359013280959],[121.02112588400009,24.802229399280982],[121.02114346500001,24.802174331280955],[121.02118108800001,24.802045433280956],[121.02118364500005,24.802036676280942],[121.02122005300004,24.801882959280924],[121.02124265899997,24.801829046281],[121.02127278900004,24.801700563280942],[121.02129790999999,24.801647796280914],[121.02130795300003,24.801609948280998],[121.02140092700009,24.801526239280992],[121.02150521700001,24.80145284828097],[121.02156050000005,24.801409267281006],[121.02171128200008,24.801324432280996],[121.02177285200005,24.801293472280925],[121.02187965299998,24.801222384280994],[121.02197514300008,24.80114898528096],[121.02205178900012,24.801101980280976],[121.02214728600002,24.801052687281],[121.02226665200013,24.800989631280931],[121.02232822200007,24.800949500280979],[121.02253303100004,24.800838280280928],[121.02263230000003,24.800792429280953],[121.02289114400003,24.80066863228102],[121.02311606200006,24.800564300281007],[121.02317260599993,24.800539074281062],[121.02323417199999,24.800497795281011],[121.02331333700012,24.800472583281056],[121.02341008800008,24.800431318281024],[121.02348673600001,24.800385448281034],[121.02361113599999,24.800343039281],[121.023729248,24.800277708281012],[121.02380840200007,24.800220363280975],[121.02387122800002,24.800183670281047],[121.02395415200012,24.800124042281002],[121.02402325700007,24.800087346280993],[121.02405215300007,24.800058675281019],[121.02413381900008,24.799987580280991],[121.02420920100009,24.799919917280985],[121.02429589399999,24.799853407280992],[121.02436374000001,24.799805246281011],[121.02447179899998,24.799743329281039],[121.02458613800002,24.799684859281001],[121.024739431,24.799610336280971],[121.02484999999999,24.79954383228106],[121.02497438900001,24.79945898028096],[121.02514400599999,24.799346608280999],[121.02530357400005,24.799234228281023],[121.02535006000008,24.799209003281074],[121.02542168500004,24.799186087281043],[121.02553728500003,24.799134494281031],[121.02563153,24.799125342281084],[121.02569938700003,24.799108166280988],[121.02573707700004,24.799076055281006],[121.02573329800009,24.799046234281025],[121.02569810000001,24.799002621281055],[121.0256252060001,24.798979657281023],[121.02556740000001,24.798975043281086],[121.02551084800005,24.798968138281044],[121.02539146200004,24.798963508281112],[121.02533365300006,24.798955455281067],[121.02517154500005,24.798963437281007],[121.02503079699994,24.798951923281031],[121.02486366100007,24.79895989428098],[121.02482218600002,24.798951848281035],[121.02463117400009,24.798943753280984],[121.02445900699999,24.798935665281029],[121.02433459300008,24.798934476281019],[121.02426547700004,24.798926416281063],[121.02407571600007,24.798909148281055],[121.02398020300006,24.798887314281018],[121.02393621999998,24.798885009281008],[121.02384070600009,24.798866616281],[121.02374519500006,24.798841351281038],[121.02361072100004,24.798805736281022],[121.023443571,24.798759788281036],[121.02335182500003,24.798724193281036],[121.023252543,24.798706955281013],[121.02320478600005,24.798689727281019],[121.02305649200002,24.798666735281063],[121.02286421200003,24.798631102281053],[121.02278503800004,24.798608128281025],[121.02266188100008,24.798588581280999],[121.02260909900005,24.79857594928102],[121.02243818200012,24.798546053281033],[121.022266016,24.798532221281047],[121.02213029400005,24.79851726328106],[121.02205238000008,24.798511495281019],[121.02188524400002,24.798526354281012],[121.02171560500001,24.798558421280983],[121.02164146300001,24.798568715281046],[121.021501982,24.798595046281001],[121.02143286999998,24.798613384281015],[121.02121422200001,24.798664932281014],[121.02107851000005,24.798699296281008],[121.02097546800006,24.798707292281051],[121.020918919,24.798719894281025],[121.02076939000007,24.798778348281068],[121.02062362700006,24.798812714281066],[121.02059974799998,24.79880811328103],[121.0206000110001,24.79880691028103],[121.02060979100007,24.798762237281064],[121.020638671,24.798673905281039],[121.02066755899999,24.798608526281054],[121.02071529400003,24.798530520281087],[121.02080198300011,24.798441071281047],[121.02087736400004,24.798368821281027],[121.02093139200005,24.79833442528103],[121.02099923800007,24.798288560281062],[121.02105578700004,24.798273661281069],[121.02108970299999,24.798229472281047],[121.02117589800004,24.798132989281065],[121.02129642899997,24.798018163281057],[121.02138307300004,24.797949244281057],[121.02143956300007,24.797884953281066],[121.02149353800004,24.797819515281066],[121.02154751500005,24.797755215281082],[121.02168558700012,24.797586475281054],[121.02173452999999,24.797514159281036],[121.0217734380001,24.797461354281019],[121.02182108300003,24.797348887281039],[121.02185997400007,24.797277726281095],[121.02189886399999,24.797207712281089],[121.022005515,24.797033254281132],[121.02205320499996,24.796966678281049],[121.02210591100007,24.796887481281065],[121.02216867200001,24.796811704281108],[121.02225400500006,24.796686590281141],[121.02234942200005,24.796592426281091],[121.022412214,24.796547626281111],[121.02250639799999,24.796480998281115],[121.02259181000012,24.796438479281051],[121.0227224680001,24.796402796281022],[121.02278904900002,24.796380928281074],[121.0228908050001,24.796347560281077],[121.02295613300006,24.796330287281069],[121.02305158200006,24.796271703281111],[121.023098018,24.796209689281131],[121.02313188000005,24.796137408281108],[121.023144363,24.796050218281081],[121.02312916000008,24.795919458281102],[121.02311150900006,24.79585638728113],[121.02304355400011,24.795757805281056],[121.02300206200005,24.795730319281084],[121.0228750330001,24.795618031281123],[121.02273544900002,24.795514927281133],[121.02268137599998,24.795472538281075],[121.0225657230001,24.795427917281121],[121.02245886299995,24.795379846281151],[121.02226027100006,24.795333008281077],[121.02210440900005,24.795289577281132],[121.02199631200006,24.79525870728116],[121.02189701500001,24.795234714281126],[121.02179142200008,24.795198117281121],[121.0215513520001,24.795139855281093],[121.02146963300001,24.795097485281143],[121.02140299599998,24.795058555281127],[121.02130995100001,24.795000143281172],[121.02123198800005,24.794945163281163],[121.02104209800007,24.794793933281078],[121.02093897500008,24.794706857281078],[121.02080062399997,24.794576222281105],[121.020706268,24.794458158281117],[121.0206584340001,24.794368737281172],[121.02062189100002,24.794257500281127],[121.02061301000001,24.794165744281074],[121.02061295000009,24.794102651281104],[121.02064549900003,24.79397184928111],[121.02070439300012,24.793791692281136],[121.02074201600011,24.793709075281132],[121.02078843200002,24.793626430281133],[121.02082857499998,24.793549546281177],[121.02094269500002,24.793300510281103],[121.02098156500003,24.79321099628115],[121.02106309700002,24.793051475281192],[121.02112957500003,24.792920641281206],[121.02121982600012,24.792679663281167],[121.02130508500007,24.792477680281145],[121.0213740400001,24.792307849281134],[121.02143298300008,24.792182760281186],[121.02149692000003,24.79202095928121],[121.02155959600007,24.79185914728124],[121.02160097400004,24.791760457281164],[121.02161599700003,24.7917019402812],[121.02171002600009,24.791472437281222],[121.02180529200007,24.791222276281225],[121.02183537599997,24.791141944281136],[121.02188679900004,24.79103980528123],[121.02190809800003,24.79097326028123],[121.02193065200005,24.790902111281206],[121.02192808800008,24.790847055281173],[121.02188528500001,24.790766797281204],[121.02182111100004,24.790669360281228],[121.02179465000009,24.790591383281178],[121.02178325200011,24.790498480281212],[121.02180205400008,24.790447989281212],[121.02188369300006,24.790408902281268],[121.02200935100007,24.790408784281258],[121.02213753500001,24.790421279281212],[121.02227078500002,24.790480795281177],[121.02261900599997,24.790636450281255],[121.02272837600006,24.790684520281246],[121.02281510400003,24.79071426528121],[121.02289677999994,24.790711886281191],[121.02296463800005,24.790712977281199],[121.02307270200004,24.790711715281262],[121.02319708,24.790687499281216],[121.02334279999999,24.790642623281229],[121.0234244180001,24.790581738281169],[121.02350729600003,24.790520855281198],[121.02356127200005,24.790460021281223],[121.02372943100011,24.790228130281228],[121.02379094400013,24.790166129281165],[121.02386625000007,24.790074269281206],[121.02391143999996,24.790023774281202],[121.02409342000011,24.789793018281216],[121.02413861100003,24.78974479828122],[121.024217669,24.789633451281247],[121.02427163800003,24.789569159281267],[121.02438585199998,24.789431391281237],[121.02448248499998,24.789305119281266],[121.02451134600005,24.789260351281204],[121.02455397200002,24.78916165928122],[121.02458027799999,24.789073302281274],[121.02459397000007,24.788941382281305],[121.02456996700002,24.788806046281191],[121.02453847600006,24.788725779281215],[121.02448428800004,24.788564093281256],[121.02440995000001,24.788354244281219],[121.02437090700005,24.78826022728126],[121.02436331900007,24.788209758281258],[121.02434186900007,24.788120312281229],[121.02433172400002,24.788021678281236],[121.02431267799996,24.787814067281293],[121.02429749200003,24.787702819281254],[121.02431620399999,24.787562844281297],[121.02434872500011,24.787405659281269],[121.02440135499999,24.787253050281254],[121.02448665300004,24.787100405281237],[121.02451422000003,24.787021220281353],[121.02458199400003,24.78694085528128],[121.02465729000005,24.786838692281268],[121.02475394400004,24.786735361281327],[121.02484434699998,24.786668733281321],[121.02490462600008,24.786630821281303],[121.02496739500003,24.786571105281322],[121.02504646899999,24.786480416281286],[121.02508031199999,24.786393202281275],[121.02508526800003,24.786320927281334],[121.02508142400006,24.786244076281275],[121.02503737900005,24.786175295281264],[121.02494683600004,24.786099676281324],[121.02480730500011,24.786041321281296],[121.02463260500005,24.785997904281245],[121.02451572100006,24.785968191281281],[121.02438502200009,24.78594881928128],[121.0241500310001,24.785924968281353],[121.02397157800007,24.785896476281309],[121.02374658800011,24.785820977281265],[121.02358821499996,24.785768374281368],[121.02349142700004,24.785730613281267],[121.023398422,24.785704327281316],[121.02332048400002,24.785671142281313],[121.02312559000006,24.785531390281303],[121.02304510200007,24.785456908281358],[121.02299728700009,24.785386979281345],[121.02297960700005,24.785294086281301],[121.0230059,24.785193115281292],[121.02304727800006,24.78510245128135],[121.023107524,24.785031278281327],[121.02316906300008,24.785000238281324],[121.023264506,24.784942791281289],[121.02334489300009,24.78491288528139],[121.02357976300006,24.784811702281367],[121.02378953200001,24.784739231281325],[121.02406083700009,24.784635719281283],[121.0242391930001,24.784562134281323],[121.02437861300007,24.784504635281387],[121.02453561600011,24.784442538281287],[121.02476044199997,24.784351690281326],[121.02492497500009,24.784276968281365],[121.02514225000003,24.784172345281327],[121.02538336900001,24.784040205281322],[121.025629491,24.783882803281351],[121.02578015100005,24.783758770281398],[121.02590947600001,24.783662277281316],[121.02608401200007,24.783540512281384],[121.02622337000004,24.783423369281365],[121.02633387800003,24.783360168281376],[121.02648832700004,24.783257918281368],[121.02666038100004,24.783168268281308],[121.02686761499997,24.783080880281368],[121.02700075400006,24.783030278281359],[121.02716529100007,24.782965865281369],[121.02736371099998,24.782858982281397],[121.02743277200001,24.782811877281414],[121.02749428200003,24.782753314281361],[121.02751560100003,24.782710857281401],[121.02750548399997,24.782645484281328],[121.02746642600005,24.782534248281365],[121.02742864700009,24.782449405281351],[121.02736819399999,24.782306076281404],[121.02724098400003,24.781995342281384],[121.02722834400008,24.781920797281416],[121.0271955960001,24.781839391281348],[121.02716281399996,24.781723559281367],[121.02709859199997,24.781580240281396],[121.0270708850001,24.781513732281407],[121.02704693000007,24.781426582281401],[121.02702928200003,24.781369245281372],[121.02695120300002,24.781190375281398],[121.02688828100008,24.781091794281412],[121.02683795200001,24.781017280281372],[121.02679392299999,24.780963413281356],[121.02673983800007,24.780906109281425],[121.02661621000004,24.780811423281396],[121.0265977490001,24.780797285281388],[121.02645192100013,24.780717136281414],[121.02636769600008,24.780672487281461],[121.02631865400011,24.780632380281425],[121.0262884560001,24.780588814281373],[121.02624695600002,24.780551019281443],[121.02612622700008,24.780441016281408],[121.02600174300001,24.780341335281431],[121.02591502300002,24.780317334281477],[121.02584086100001,24.780286441281504],[121.02574284300007,24.780271624281426],[121.02559460599997,24.780298158281408],[121.02541752199998,24.780378633281405],[121.02530073199999,24.780439549281372],[121.02517640700002,24.780509644281409],[121.02505077100001,24.780521249281385],[121.02494773000002,24.780507579281402],[121.02490749400005,24.780477790281434],[121.02487853700008,24.780419326281386],[121.02487217600007,24.780336733281406],[121.02486577800006,24.780217456281388],[121.02490710500003,24.780074021281425],[121.02494723100004,24.779990246281418],[121.02498613200009,24.779937431281411],[121.02504010400003,24.779880026281454],[121.0251819660001,24.779759442281435],[121.02529874,24.779679024281435],[121.02538787100002,24.779598636281445],[121.025469473,24.779528577281425],[121.02553725900012,24.779466566281457],[121.02561383300005,24.779394234281412],[121.02571799699996,24.779267941281457],[121.02576946600006,24.779220856281459],[121.02582717300002,24.779127888281408],[121.02588742200004,24.779065887281433],[121.02593887700003,24.779005034281468],[121.02600039099997,24.778949911281522],[121.02613601900009,24.778879798281409],[121.02625911200008,24.778842967281467],[121.02631564500004,24.778834877281422],[121.02650659300002,24.778801409281495],[121.02661338100006,24.77879214628144],[121.02675535400009,24.778786261281478],[121.02691744999998,24.778799857281452],[121.02712356700007,24.778861585281494],[121.02725176800004,24.778905033281447],[121.02741012799999,24.778955366281448],[121.02755086500009,24.778970130281419],[121.02771542400002,24.778934401281482],[121.02779329699999,24.778906794281504],[121.02785984999998,24.778865422281463],[121.02793895199999,24.77881258128145],[121.02798536899999,24.778740271281499],[121.02798527900009,24.778650797281468],[121.02793741300002,24.778526958281535],[121.02788583200001,24.778458179281522],[121.02785184399995,24.778395131281449],[121.02779146100009,24.778320628281513],[121.02772975600007,24.778179603281487],[121.02769826500003,24.778097041281494],[121.02766426299996,24.778016773281426],[121.0276302740001,24.777950283281438],[121.02759753899997,24.777882638281433],[121.027563448,24.777712898281521],[121.02755202300001,24.777595906281512],[121.02752682800008,24.777527103281507],[121.02752421000002,24.777421577281491],[121.02749274599999,24.777367691281466],[121.02749008200011,24.777215135281462],[121.02756537299997,24.777118703281563],[121.02765200100012,24.777050936281473],[121.02782026800001,24.776955553281486],[121.02796595900008,24.776900343281543],[121.02804508500004,24.776870434281452],[121.028136762,24.776827891281496],[121.02821587499997,24.776787673281454],[121.02829375500001,24.776765790281516],[121.02848091400004,24.776718571281513],[121.02853996100005,24.776715067281479],[121.02863668899998,24.776698904281485],[121.02873093200004,24.776707988281526],[121.02881513200006,24.776728548281454],[121.02890938800005,24.776752537281482],[121.02908536300006,24.776828063281503],[121.02915827900004,24.77686928328146],[121.02920983500006,24.776910525281494],[121.02928023300001,24.776951745281529],[121.02936576800008,24.7770491572815],[121.02943367,24.777103007281514],[121.029505306,24.777124726281535],[121.02958698600001,24.777136112281497],[121.02960834300008,24.777133786281475],[121.02964600200009,24.777100484281476],[121.02966357000003,24.777078675281544],[121.02969491400006,24.777012119281462],[121.02971866800004,24.776893929281538],[121.02971974900005,24.776720722281507],[121.02970083000001,24.776647332281563],[121.02968311300003,24.776522317281536],[121.029665452,24.77644891728151],[121.02955332999997,24.776148493281514],[121.02951679800005,24.776055613281564],[121.02947271499997,24.775947839281532],[121.02943871400007,24.775867571281555],[121.02935689900004,24.775720826281475],[121.02929394400009,24.775585536281486],[121.02924613700003,24.775522497281514],[121.029183201,24.775408992281545],[121.02912532400001,24.775326474281552],[121.02904222400004,24.775148761281599],[121.028995623,24.775034087281526],[121.02895659999999,24.774959572281492],[121.02890245100002,24.774836892281563],[121.02887344500003,24.774726803281602],[121.02880923600003,24.774596097281531],[121.02875258200007,24.77447915128154],[121.02870098000004,24.7743885852815],[121.02864435199999,24.774296874281564],[121.02858395500003,24.774206311281532],[121.02850718700007,24.774074481281556],[121.02843672100005,24.773967874281528],[121.0284052630001,24.773918574281534],[121.02836626899997,24.77387273428155],[121.028308391,24.773786748281548],[121.02825427300003,24.773693889281596],[121.02820263700004,24.77356546528155],[121.02816608500002,24.773448507281564],[121.02815568000005,24.773245960281574],[121.02814872000008,24.773165416281582],[121.02819262700008,24.773099978281589],[121.02828679399997,24.773029907281572],[121.02838851000004,24.772967860281586],[121.02851540300006,24.772948244281576],[121.02866239500005,24.772924027281601],[121.02883830900004,24.772916997281634],[121.02896270400005,24.772911149281608],[121.02907952400003,24.77287205028156],[121.02920517400001,24.772866195281608],[121.02931570900003,24.772825958281569],[121.02946517500004,24.772766170281599],[121.02959452800009,24.772699513281594],[121.02971383000008,24.772632857281579],[121.02987830100001,24.772506505281601],[121.02999381199999,24.772422640281604],[121.03019091500005,24.772264130281542],[121.03031392400011,24.772143545281608],[121.03034025899997,24.772095327281615],[121.03036909600004,24.772037935281581],[121.03036775300001,24.771961057281608],[121.03033372100003,24.771868139281562],[121.03027829599998,24.771747710281645],[121.03024173000009,24.771634128281651],[121.03020390599997,24.771521710281604],[121.030156042,24.771421926281604],[121.03009691800001,24.771362303281563],[121.03001766900003,24.771285494281681],[121.02993092300002,24.771247700281588],[121.02980022300007,24.771232892281592],[121.02966703300004,24.771239889281649],[121.02956020799999,24.771222772281661],[121.02943195700004,24.771149439281622],[121.02932503699998,24.771048557281624],[121.02926456100015,24.770904030281567],[121.02925944400009,24.770821410281581],[121.02932969600012,24.770720382281667],[121.02939118200005,24.770643456281601],[121.0293961540001,24.770594104281596],[121.02939354400006,24.770506905281589],[121.02935446500011,24.770395635281616],[121.02933676000008,24.770293515281615],[121.02935545700004,24.770158100281598],[121.02940802400011,24.769969878281664],[121.02942428100003,24.76990102228164],[121.029451825,24.769813790281631],[121.02945424500001,24.769728876281704],[121.02945413400003,24.76962789928163],[121.02935208100011,24.769383586281648],[121.02927528100005,24.769248253281649],[121.02922237000004,24.76912551928163],[121.02915933900015,24.768943125281645],[121.02915674400001,24.768869686281704],[121.02917924400001,24.768764109281662],[121.02920679799996,24.76868147428166],[121.02930090400002,24.768563207281655],[121.02940254700002,24.768439197281701],[121.02951548800003,24.768309441281712],[121.02960828700007,24.768142962281708],[121.02967471100006,24.767988017281677],[121.0297008900001,24.767805549281693],[121.02973454000004,24.767558818281707],[121.02975811400002,24.767287999281695],[121.02974659599995,24.767100981281672],[121.02974894699997,24.766958688281711],[121.02978275000011,24.766847359281737],[121.02982776200012,24.766647671281738],[121.02985153700001,24.76655929428172],[121.02988536300006,24.766470914281779],[121.02992550700002,24.766411210281728],[121.03002212700002,24.766296389281731],[121.03016017299998,24.766144807281712],[121.03033467800003,24.766011564281712],[121.03050418200003,24.76590126228173],[121.03063731300001,24.76584721628171],[121.03086844599997,24.765790804281743],[121.03101795899998,24.765781490281682],[121.03118881800003,24.765758405281829],[121.03125287700009,24.765738836281795],[121.03141612700009,24.765654934281713],[121.03154039800006,24.765545824281727],[121.03162073000011,24.765471177281768],[121.03172615100004,24.765362079281722],[121.0318102670001,24.765300043281737],[121.03197728799996,24.765217286281736],[121.03215062700011,24.765164351281793],[121.03238803400004,24.765105630281731],[121.03262168099999,24.765049197281773],[121.03272341099998,24.765010099281731],[121.03279752600008,24.764993974281733],[121.03288040700011,24.764951441281774],[121.03301481700011,24.764919206281764],[121.03305876000002,24.764891622281706],[121.03312652500003,24.764814683281742],[121.03319664900003,24.764696437281721],[121.03326989500007,24.764578939281773],[121.03333013200007,24.764444707281768],[121.03335774500007,24.764389634281731],[121.03338785900007,24.764312766281783],[121.03343430900009,24.764245050281772],[121.03349831700005,24.764111972281778],[121.03352086200006,24.76397431528186],[121.03353589200006,24.763888278281751],[121.03353582800004,24.763764386281803],[121.03351819100008,24.763669193281743],[121.03348421500004,24.763568269281834],[121.03346155900012,24.763484540281837],[121.03344268500008,24.763431792281818],[121.033399936,24.763369865281778],[121.03336473800003,24.763332022281833],[121.03331319400002,24.763271264281776],[121.03323261300001,24.763206235281825],[121.03319624100001,24.763177448281837],[121.0331585360001,24.76314760628177],[121.03308585100004,24.763090897281785],[121.03303527800004,24.763027001281827],[121.03301634199997,24.762950144281774],[121.03300109700004,24.762802131281795],[121.03299848800009,24.762719518281791],[121.03297700900009,24.762612815281852],[121.03296561700002,24.762539386281816],[121.03295294100005,24.762440723281831],[121.03289746200008,24.762270934281808],[121.03282317199996,24.762133307281804],[121.0327602550001,24.762048451281792],[121.03270616500006,24.761994562281874],[121.03262438900005,24.761901685281828],[121.03254011600009,24.761821438281846],[121.03247976200007,24.761783622281826],[121.03239798700005,24.761693045281788],[121.03233387200007,24.761660969281809],[121.032277292,24.761625446281897],[121.03215536100005,24.761577350281819],[121.03200954999997,24.761522397281794],[121.03189893900007,24.761484627281874],[121.0317405720001,24.761438858281824],[121.03153946899999,24.761378218281855],[121.03137482600003,24.761333605281816],[121.0312390830001,24.761292400281786],[121.03104555299997,24.761261597281905],[121.0307917140001,24.761228524281837],[121.03059065000001,24.761203448281794],[121.03051646499998,24.761154175281803],[121.03048625300006,24.761103710281898],[121.03044589700001,24.760969491281891],[121.03040056900007,24.760884603281887],[121.03035898600001,24.760776792281849],[121.03030989400003,24.760694215281866],[121.03024446599993,24.760611653281863],[121.03013878600008,24.760487810281848],[121.03008219100002,24.760438517281845],[121.03000420600007,24.760361698281805],[121.02995767900001,24.760327317281888],[121.02982816200006,24.760233336281839],[121.02972126100011,24.760141626281897],[121.02967348100005,24.760110676281819],[121.02957916300007,24.760032733281857],[121.02952635400004,24.759998350281858],[121.02938928400005,24.759892907281831],[121.02928114300001,24.759816112281886],[121.02920569700008,24.759759941281857],[121.02910382399998,24.759669367281912],[121.02907110000001,24.759616628281897],[121.02899559300009,24.759508822281862],[121.02894775600012,24.759425099281867],[121.02888104400003,24.759313842281902],[121.02885333700011,24.759255360281859],[121.02881299999999,24.759137191281944],[121.02878027100004,24.75907984828191],[121.02873363400009,24.758946783281914],[121.02869457500005,24.758845832281921],[121.02865304799998,24.758787353281871],[121.02862282899997,24.758728852281827],[121.02854986500007,24.758645152281918],[121.02851462200009,24.758587810281881],[121.02841651200004,24.75849034528191],[121.02826433499997,24.758353933281899],[121.02821404000007,24.758320699281906],[121.02812855500011,24.758274867281937],[121.02803927900003,24.758211828281866],[121.02789595900006,24.758130478281888],[121.02776772400001,24.758058291281877],[121.02766715500005,24.758007884281874],[121.02756155600002,24.757952892281857],[121.02746099500006,24.757910520281904],[121.02728378500002,24.757860173281905],[121.02715058100001,24.757837328281887],[121.02704756500012,24.757846600281855],[121.02696340200008,24.757862731281854],[121.02686542299995,24.757882316281883],[121.02679256799998,24.75789844328196],[121.02662172000005,24.757921524281919],[121.02652874100006,24.757919312281921],[121.02646967100007,24.757900994281918],[121.02641686700008,24.75787005228193],[121.02635902300007,24.757825353281969],[121.02632755700004,24.757772595281867],[121.02631493400007,24.757718678281933],[121.02630793300003,24.757656850281879],[121.02628971200009,24.757633785281932],[121.02622688599999,24.757628099281991],[121.02612008600012,24.75762474228188],[121.02601832900004,24.757636306281867],[121.025891403,24.757608855281902],[121.02581851800002,24.757597437281937],[121.02569659900007,24.757553939281891],[121.02552941899999,24.75748293028197],[121.025433902,24.75745432628193],[121.02533208700002,24.75741310128187],[121.02525290500002,24.757386767281929],[121.02495127400005,24.757300945281933],[121.02485954000008,24.757286100281949],[121.02473138200004,24.757282764281943],[121.024645939,24.757274795281894],[121.02452780100006,24.757242763281919],[121.02443725999996,24.757169402281985],[121.02434922200004,24.757086859281994],[121.02424864699999,24.757027258281941],[121.02410408600011,24.756959675281944],[121.02403997500005,24.756926450281952],[121.02382503000003,24.756832533281912],[121.02374586000005,24.756816528281927],[121.02364909500001,24.756795948281898],[121.023551075,24.75677652728189],[121.02339779000012,24.756774348281983],[121.02328723800011,24.756785902281873],[121.0231239320001,24.756811281281923],[121.02299831200003,24.75683088328195],[121.02284381299999,24.756867725281882],[121.02274081400002,24.756893048281942],[121.02263655799999,24.756918371281987],[121.02256747300005,24.756933350281884],[121.02243175100003,24.75690706328194],[121.02230229400006,24.756858976281876],[121.02215397400005,24.756802869281941],[121.02201950100003,24.756763956282015],[121.0218498270001,24.756707867281904],[121.02158717100005,24.75664266528192],[121.02132202900006,24.756603852281909],[121.02110841000004,24.756574186281945],[121.0208696760001,24.756559450281969],[121.02069506899994,24.756591715281971],[121.02058327000013,24.756611314281894],[121.02051420300009,24.756646933281914],[121.02038863000008,24.756712435281926],[121.02027563600006,24.756791704281902],[121.02020659700004,24.756853713281892],[121.02012252600001,24.756959342281917],[121.02007989200003,24.757039702281983],[121.02001969100003,24.757145310281931],[121.01997708000005,24.757248620281953],[121.01996207099995,24.757314037281951],[121.01992321800003,24.7574058642819],[121.01990447700008,24.757510292281925],[121.01988198000001,24.757623911281911],[121.01985696400006,24.757735229281881],[121.01982939600009,24.757805249281898],[121.01980942200012,24.757931493281863],[121.01979691000007,24.757981991281859],[121.01973676800007,24.758147269281853],[121.01965898000002,24.758250594281883],[121.0196289050001,24.758327495281939],[121.01960258000008,24.758387187281897],[121.01959632999998,24.758418174281889],[121.01955932300005,24.758473749281862],[121.01954740400002,24.758491648281932],[121.01952110199997,24.758570850281895],[121.01945966399997,24.758694822281853],[121.01942080100005,24.758780907281867],[121.01939825000014,24.75884289228194],[121.01932050399999,24.758993266281859],[121.0192854300001,24.759094264281849],[121.01926040300009,24.759194125281851],[121.01923913500001,24.759282482281879],[121.01921408599998,24.759362830281866],[121.019207873,24.759430538281862],[121.01919165600007,24.75954299128184],[121.01916537400004,24.75964628328186],[121.01915538400009,24.759707111281841],[121.01915292500006,24.759757599281834],[121.019137914,24.759823014281817],[121.01912667500004,24.759889575281914],[121.01908529999999,24.759975677281847],[121.01903393400001,24.760121433281821],[121.0190188940001,24.760158165281847],[121.01902148500004,24.7602338962818],[121.019003957,24.760294725281856],[121.01898894200009,24.760356700281839],[121.01894635400005,24.760485247281899],[121.01892636300006,24.760593124281854],[121.01887130600004,24.760816923281801],[121.0188538110001,24.760913325281784],[121.018837636,24.761068242281894],[121.0188288920001,24.761117583281884],[121.01882519900005,24.761193317281844],[121.01881270700009,24.761261026281858],[121.01881154100008,24.761351682281806],[121.01878029100006,24.761510058281843],[121.01877658100004,24.7615685822818],[121.01875784600006,24.761677605281765],[121.01874159000005,24.761754495281821],[121.01873049100003,24.761961054281851],[121.01872806000009,24.762042520281831],[121.01873069300004,24.762159559281841],[121.01874963800003,24.762252489281799],[121.01875853600002,24.762354603281803],[121.01874234200002,24.762492308281825],[121.01873989000002,24.762553126281801],[121.01870480900003,24.762650695281785],[121.01869104800005,24.762712669281765],[121.01863840100005,24.762830898281766],[121.0186046030001,24.762959432281832],[121.01859462399999,24.763028287281749],[121.01855200100009,24.763125856281835],[121.01851941800004,24.763208491281745],[121.0184856310001,24.763343916281745],[121.01845685300012,24.763463286281773],[121.01841922700011,24.763529861281761],[121.01837786899998,24.763634309281795],[121.01835908800003,24.763699734281797],[121.01833029200004,24.7638018772818],[121.01824374300007,24.763947667281776],[121.01820609500007,24.763993590281839],[121.01815841800013,24.764063623281778],[121.01809443400006,24.764156615281752],[121.01796637700012,24.764261130281771],[121.017880999,24.764322011281749],[121.01781189200004,24.764322064281753],[121.01773147100006,24.764314093281723],[121.01764852700003,24.764300380281732],[121.01761710800011,24.764293512281785],[121.01757438600013,24.764292398281786],[121.01740108600006,24.76438432928175],[121.01733956799995,24.764433715281736],[121.01728309799998,24.764504895281775],[121.01722660800013,24.764557708281796],[121.01715758600001,24.764642686281711],[121.01705340099998,24.764743737281719],[121.01701701200001,24.764791955281812],[121.01694169800007,24.764866595281767],[121.01693797200004,24.764912497281745],[121.01694681700006,24.764961829281738],[121.01701858200012,24.765105213281778],[121.01705760199999,24.765175172281701],[121.0170890950001,24.76525432328177],[121.01710678000005,24.765348408281742],[121.017101858,24.765451687281761],[121.01709443200002,24.765565288281735],[121.01707567800008,24.765655946281775],[121.01705439200009,24.765730552281731],[121.01701050000008,24.76581319728173],[121.01692770999999,24.765954388281774],[121.01682610100011,24.766118549281767],[121.01674955899999,24.766225312281705],[121.01668307500009,24.766334378281769],[121.016558804,24.766456088281785],[121.01650360699998,24.766543329281735],[121.01620237800002,24.766875175281722],[121.01610067100005,24.766947523281679],[121.016068041,24.766986568281709],[121.01596009199997,24.767099094281686],[121.01588855400006,24.767180612281678],[121.01584714500002,24.767235728281712],[121.01579193100005,24.767309200281652],[121.01575429099996,24.767365443281701],[121.01571792399997,24.767435464281721],[121.01561503800009,24.767587004281726],[121.01558242100006,24.767638669281745],[121.01551718200008,24.767739689281655],[121.01547579400003,24.767816599281712],[121.01534281700003,24.768034690281727],[121.01530644400006,24.768097840281719],[121.01524245599998,24.768193127281688],[121.01519100599999,24.768264305281701],[121.01513577400004,24.768317127281637],[121.01510064899999,24.768376821281706],[121.0150354040001,24.768469813281655],[121.01500781900003,24.768529495281722],[121.01496517799997,24.768613295281721],[121.01492504400004,24.768687902281659],[121.01486607700001,24.768780886281629],[121.01480337800001,24.768907148281677],[121.01476072700001,24.768979472281721],[121.01471807200004,24.769046054281624],[121.01465408500007,24.769144779281721],[121.01452611400005,24.769344524281721],[121.01448847900005,24.769404216281682],[121.01442325800006,24.769528186281629],[121.01438312100004,24.769598207281657],[121.01433295500004,24.769695775281637],[121.01423885299999,24.769835837281672],[121.01412970700002,24.770011463281641],[121.01408078799999,24.770101006281671],[121.01396537800009,24.770297299281655],[121.01388636300007,24.770446524281656],[121.01380735000009,24.770598049281659],[121.01369315899997,24.770757624281625],[121.01364715799998,24.770823882281601],[121.01363418499996,24.770842571281634],[121.01358774800003,24.77089997128159],[121.01355259999997,24.770936721281611],[121.01342828799999,24.771024012281643],[121.01330773100007,24.771098689281683],[121.01322611700004,24.771161843281675],[121.01314826000009,24.771213538281689],[121.01312064500003,24.771242244281666],[121.01300258300004,24.771300849281626],[121.01284310600008,24.771408818281582],[121.01270874300003,24.771501854281649],[121.0126459510001,24.771538624281664],[121.01253796500005,24.771617859281655],[121.01240106800002,24.77169025228169],[121.01233954100005,24.771736186281572],[121.01224788000002,24.771803955281584],[121.01218760499999,24.771846456281548],[121.01211978900008,24.771887814281595],[121.01199172300004,24.771992312281622],[121.01193270999997,24.772037109281605],[121.01182345599997,24.772109473281631],[121.01176820300005,24.772146233281568],[121.01167278000004,24.772226622281558],[121.01153590200008,24.772317352281608],[121.01148190000006,24.77235067428159],[121.01138644500007,24.772396636281584],[121.01130983600004,24.772441442281565],[121.01118926400001,24.772498891281614],[121.01105363600007,24.772585043281531],[121.01099838300003,24.772624097281572],[121.01089039000006,24.77269990928162],[121.01083513100002,24.772732065281623],[121.01073719200008,24.772810161281601],[121.01061287900001,24.772902045281551],[121.01054506700008,24.772945694281614],[121.01047475400004,24.773005415281581],[121.01041323700011,24.773061676281532],[121.01031934900007,24.773152804281615],[121.01029020600005,24.77318108828155],[121.01024026,24.773247949281579],[121.01016577499995,24.773347659281566],[121.01012812800005,24.773401606281578],[121.01005147900001,24.773484850281541],[121.00998754200006,24.773554289281602],[121.00987582600004,24.773677131281548],[121.00980048300002,24.773727672281549],[121.00970002599998,24.773793153281638],[121.00961208800007,24.773804698281527],[121.00951537000005,24.773833460281509],[121.00940611100008,24.773889771281539],[121.00929435200007,24.77396099428158],[121.00920142100003,24.774011551281589],[121.00908336100009,24.77406098228159],[121.00900800200012,24.77408857028156],[121.00879573500002,24.774166771281543],[121.00870780200002,24.774184048281555],[121.00862490000009,24.774207065281594],[121.0085055760001,24.774249617281555],[121.00844152600003,24.774280642281546],[121.00833981499996,24.774349573281579],[121.00826447600004,24.774404688281511],[121.00820330500002,24.774446034281553],[121.00810648400001,24.774467996281508],[121.00801848200004,24.774490743281522],[121.0079141680001,24.774508860281596],[121.00771313800006,24.774525591281563],[121.00757750199993,24.7745195152816],[121.00744435900005,24.77452035228157],[121.00728120700003,24.774479784281507],[121.00716576300007,24.774446212281571],[121.00708299100008,24.774408134281533],[121.00702414300007,24.774352889281573],[121.00691120400006,24.774321629281566],[121.00682963799999,24.774298466281511],[121.00673044500003,24.774287898281528],[121.006608496,24.774320894281601],[121.00643621900011,24.774377872281516],[121.00632554900002,24.774417782281528],[121.00618215000007,24.77447827328157],[121.00582864900001,24.774638121281541],[121.00564249200008,24.774714582281568],[121.00543876099999,24.774786404281564],[121.00527517300006,24.774873257281552],[121.00518207600008,24.774916642281497],[121.00497572700004,24.775020605281561],[121.00477571700003,24.775106213281539],[121.00459210400004,24.775172361281498],[121.00448012700009,24.775227170281514],[121.00435809900004,24.775281977281512],[121.00425617000002,24.775336828281525],[121.00410142500003,24.775408772281519],[121.00396171599999,24.775491074281486],[121.00386355500007,24.775545943281497],[121.00376036500006,24.775601941281518],[121.0036709310001,24.775675193281529],[121.00354379200006,24.77575522628149],[121.00342788300006,24.775857117281571],[121.00334477400004,24.775917756281533],[121.00321131100009,24.776010402281553],[121.00308283800003,24.776113404281542],[121.00287769100011,24.776231140281514],[121.00276311000006,24.776311218281471],[121.00269010999997,24.776354648281522],[121.00248615800004,24.77648961128158],[121.00233259600003,24.776582212281504],[121.00218788700006,24.776657629281527],[121.00206454799998,24.776727342281525],[121.00195376100007,24.776800537281535],[121.00182784000002,24.776890907281473],[121.0016881480001,24.776967481281488],[121.00158741600004,24.777038412281499],[121.00144895100003,24.777124158281481],[121.00133561000004,24.777208830281477],[121.00111412300012,24.777328813281461],[121.00089007599995,24.777462575281504],[121.00075030200004,24.777562099281475],[121.00061176800001,24.777667372281481],[121.00051235300006,24.777719929281471],[121.00041038399996,24.777785107281446],[121.00027824000006,24.77785824928144],[121.00017252100012,24.777917676281493],[121.00009819899999,24.777979485281453],[121.00003647200003,24.778030995281451],[120.9999029630001,24.778135121281448],[120.999816119,24.778184265281421],[120.99969527000005,24.778260881281454],[120.99954301900007,24.778336261281478],[120.99943355499997,24.778388807281466],[120.9992901280001,24.778455033281439],[120.99915423800003,24.778521275281502],[120.99895049300007,24.778594234281499],[120.99888385599998,24.778612435281495],[120.99877439300006,24.778664972281483],[120.99855056600003,24.778733289281455],[120.99833554900009,24.778797038281489],[120.99812304100008,24.778861952281435],[120.99788288900002,24.778929077281479],[120.99769542500005,24.779017013281479],[120.99756329800005,24.779084402281462],[120.99739470200005,24.779164348281405],[120.99721727200001,24.779254585281411],[120.99712920700001,24.779294545281424],[120.99700965799998,24.779356235281472],[120.99684351900008,24.779452251281413],[120.99672271799993,24.779513931281464],[120.99653895400003,24.779620240281456],[120.99635899200005,24.7797162112814],[120.99620284900001,24.779826032281424],[120.99607566400006,24.779917533281438],[120.99597744700009,24.779986174281444],[120.99588440800004,24.780010053281451],[120.99567059500011,24.780088713281387],[120.99555235400008,24.780135497281456],[120.995471854,24.780166283281421],[120.99536248100003,24.780192409281444],[120.99522419800003,24.780223057281404],[120.9950293640001,24.780261602281392],[120.99486588900005,24.780312843281369],[120.99481058000001,24.780324190281423],[120.99469491300012,24.780353746281381],[120.994486303,24.780379623281476],[120.99426004800002,24.780423837281415],[120.99414822099999,24.78043273628143],[120.99388932800001,24.780469969281398],[120.99371714600012,24.780495937281419],[120.99357379999999,24.780538048281443],[120.99337530700011,24.780545588281445],[120.99327470700003,24.780576326281402],[120.99315152600005,24.780598973281418],[120.99300336000003,24.780583681281396],[120.99293564800003,24.780549081281375],[120.99283684900004,24.780425997281398],[120.99273180300005,24.780292576281472],[120.99259542399996,24.780139570281424],[120.99250286400002,24.780027989281429],[120.992434106,24.779934828281455],[120.99237151,24.779874974281388],[120.99221137599997,24.779690908281442],[120.99214012000003,24.77959316028144],[120.99207759700001,24.779513795281453],[120.99200383800004,24.779413735281434],[120.99190875600007,24.779305594281464],[120.99180743999997,24.779183666281412],[120.99167230999996,24.779032943281464],[120.99163607500009,24.778978904281519],[120.99153986600004,24.778834007281443],[120.99145362200008,24.77871327228149],[120.99140490199994,24.778637382281424],[120.99133747800006,24.77852242628142],[120.99124505699996,24.778371814281495],[120.99115892600003,24.778218927281451],[120.99108280600004,24.77807754328148],[120.99099036600003,24.777932672281484],[120.99091289100011,24.77781883428149],[120.99085054200009,24.77769010028149],[120.99078809300008,24.777588931281482],[120.99075689600008,24.777531452281515],[120.99073584600002,24.777445307281504],[120.99065722100009,24.777301620281516],[120.99059241799998,24.777156816281522],[120.99052113300002,24.777068249281477],[120.99041721900004,24.776971564281478],[120.99027681499996,24.776893149281477],[120.99017895900013,24.776859611281544],[120.99003961600006,24.776836307281485],[120.98992410900009,24.776821086281544],[120.98981859099997,24.776823110281548],[120.98965779999997,24.77682616228153],[120.98944789100004,24.776866945281526],[120.98933598400001,24.776898792281504],[120.98919393100007,24.776931728281561],[120.98911215400004,24.77696826028146],[120.98897126200004,24.777027585281481],[120.98887186600007,24.77707325428154],[120.98878756900002,24.77711321928146],[120.98868681999994,24.777186425281485],[120.98859239300003,24.777248172281535],[120.98845893399999,24.777336228281534],[120.98835321200005,24.77739564628147],[120.98823505000004,24.777420602281495],[120.98817098800006,24.777421590281488],[120.98803670700005,24.777387955281466],[120.98787982600007,24.777351974281498],[120.98770916800005,24.777304461281478],[120.98763635500008,24.777292806281487],[120.98752967400004,24.777268429281513],[120.9873501850001,24.777232390281462],[120.987102894,24.777188137281438],[120.98693346800009,24.777147531281546],[120.98683179900003,24.777126612281521],[120.98669123500004,24.777094114281496],[120.98652808400001,24.777054662281504],[120.98643265800004,24.777045235281534],[120.98627579700003,24.77700350928146],[120.98619293800002,24.776991818281456],[120.98608877100003,24.776967441281496],[120.98597960800014,24.776935026281475],[120.98588289800003,24.776932489281442],[120.98583273799997,24.776909390281489],[120.98582407500005,24.776872633281545],[120.98577929300008,24.77675085028152],[120.98576269900003,24.77669202028153],[120.98574332500003,24.776623336281528],[120.98568992199996,24.776453322281494],[120.98566012600006,24.776355663281507],[120.98561671000003,24.776202867281487],[120.98555934700006,24.776086790281564],[120.98543140099996,24.776038249281534],[120.98528196000005,24.776029838281477],[120.98516261600001,24.776035262281475],[120.985042077,24.776022329281464],[120.98495045100007,24.776003731281531],[120.98487138300001,24.775986306281517],[120.98478360000003,24.77594591228155],[120.98475227500001,24.775925160281513],[120.984751113,24.775898751281556],[120.98477005100005,24.775872408281508],[120.98484313800006,24.775805991281516],[120.98498306000009,24.775667471281515],[120.98508153799997,24.775526534281504],[120.98516482300012,24.775418839281553],[120.98521409400011,24.775339761281582],[120.98542161812884,24.775028199618102],[120.98606927387006,24.773820591517151],[120.98639310174079,24.773537242130093],[120.98646056588068,24.773355088953018],[120.98638745511334,24.772966095920669],[120.98630708908388,24.772665728107018],[120.98638366500006,24.772441070281701],[120.98637981500011,24.772373298281511],[120.98637967500009,24.772253822281669],[120.98638967200014,24.772204419281593],[120.98646102300007,24.771968840281634],[120.98646850300007,24.771915998281518],[120.98648720800018,24.771794220281667],[120.98649343900001,24.771748256281505],[120.98651472000016,24.771679306281481],[120.98653477300014,24.771635627281597],[120.98658999900019,24.77157812828165],[120.98665024100004,24.771512577281726],[120.98668161400003,24.771475787281709],[120.98679083400009,24.771386061281742],[120.98681463800004,24.771325148281505],[120.98683847300005,24.771290661281672],[120.98686354599998,24.771237790281656],[120.98689484100017,24.771135517281639],[120.98690229900009,24.771066583281609],[120.98690850400023,24.77099995328161],[120.98690961000008,24.770871294281616],[120.98690325499997,24.770809267281539],[120.98690946600006,24.770748361281758],[120.98691191100028,24.770690929281614],[120.98692181100002,24.770559961281624],[120.98692678200007,24.770512859281634],[120.98696054900019,24.77037496628169],[120.98697053400022,24.770316370281549],[120.98699057500021,24.77026235428152],[120.98702691800008,24.77017845528168],[120.98707708000008,24.770089941281562],[120.9871008930001,24.770039375281637],[120.98713475300021,24.769979599281754],[120.98717111700003,24.769912933281752],[120.98719744400007,24.769860064281634],[120.98724635700005,24.769780742281643],[120.98727773599997,24.769749696281668],[120.98730157,24.769712906281637],[120.9873567300001,24.769602561281655],[120.98738054700004,24.769551994281549],[120.98739810000006,24.769518662281634],[120.987443234,24.769430150281689],[120.98746327299996,24.769374986281736],[120.98750218400018,24.769338189281637],[120.98756870600018,24.769270334281529],[120.98767541400002,24.769182919281757],[120.98772562200008,24.769136903281598],[120.98782856300025,24.769050634281658],[120.98786999100005,24.769018424281736],[120.9879201900001,24.768962070281699],[120.98795280900006,24.768917236281716],[120.98798666100018,24.768852874281723],[120.98802552000004,24.768773569281553],[120.98805563600013,24.768737918281541],[120.98816107900015,24.768642457281551],[120.98819621200012,24.768597614281749],[120.98827403800024,24.768529742281551],[120.98830289200005,24.768488358281679],[120.98832295900012,24.768456179281596],[120.98834171899999,24.76838034228172],[120.98835548999998,24.768336662281566],[120.98836798800011,24.768278059281695],[120.98838172100001,24.768205677281745],[120.98837916300008,24.768166635281716],[120.98838286100022,24.76810689428175],[120.988372764,24.768067835281627],[120.98835390800002,24.768062118281591],[120.98832876900016,24.768056393281658],[120.9881905340001,24.768048508281712],[120.98813022199998,24.768050878281553],[120.98798071200005,24.768072878281696],[120.98792669900004,24.768089009281592],[120.9876830310001,24.768182336281679],[120.98764158200015,24.768198466281778],[120.98750343000007,24.768260644281671],[120.98744062500012,24.768282543281707],[120.98731879400017,24.768332080281542],[120.98719444700012,24.768378171281533],[120.98715299500003,24.7683920002818],[120.98706883000001,24.768413915281656],[120.98700475400013,24.768422034281791],[120.986948203,24.768420946281701],[120.98683762900008,24.768424512281815],[120.98665290500014,24.76841897028163],[120.98657875600004,24.768411017281682],[120.98643674000002,24.768393941281587],[120.98637265400004,24.768394007281703],[120.98614013100008,24.768348318281738],[120.98605717500006,24.768331175281553],[120.98599936499998,24.768325500281801],[120.98585481100019,24.768284306281767],[120.98578944700012,24.768267146281765],[120.98559587400008,24.768217965281696],[120.98551794700019,24.768200813281698],[120.98545258700005,24.768185954281531],[120.98531809700002,24.768156238281559],[120.98527410400018,24.768145949281696],[120.98515721700021,24.768124242281669],[120.98509187500004,24.768124317281679],[120.98496245000017,24.768129052281616],[120.98489962200003,24.768129128281718],[120.98473878900013,24.768139640281703],[120.98468727200006,24.768141990281713],[120.98453900500023,24.768149043281685],[120.98446360700021,24.768149118281787],[120.98440452700001,24.76813081028169],[120.98434167800005,24.76811479728169],[120.98422478700016,24.768089655281653],[120.98416569600016,24.768062149281782],[120.98408273200012,24.76803926228175],[120.98403370200006,24.768018636281813],[120.98398843100004,24.767987671281563],[120.98390668600021,24.767930321281618],[120.98387272199999,24.767899340281716],[120.98377837799997,24.7678109942817],[120.98374316500009,24.76778576428174],[120.98369283300019,24.767727235281786],[120.98361736100016,24.767659530281691],[120.98355825800016,24.767622830281674],[120.98351549900019,24.767591867281773],[120.98347399300022,24.767557446281682],[120.98344633300023,24.767542543281781],[120.98341488600012,24.767515012281716],[120.98335830400003,24.767484056281557],[120.98330548800011,24.767451952281842],[120.9832111220002,24.767411423281683],[120.98319782300007,24.767407607281815],[120.9831605750002,24.767396921281815],[120.98311179400018,24.76739020228171],[120.98304270300004,24.767388841281591],[120.98274634300013,24.767465243281691],[120.98267489400017,24.767473118281821],[120.98251601300018,24.767509737281642],[120.98244317600009,24.767509576281814],[120.98216325600011,24.767516838281701],[120.98208368700001,24.767489200281627],[120.98196091700007,24.767431122281621],[120.98190746400009,24.767388202281623],[120.98174555900017,24.767165238281656],[120.98169564700005,24.767108477281766],[120.98169544300004,24.767107404281752],[120.98167914000011,24.767021393281567],[120.98165045900014,24.766957449281708],[120.98154483900021,24.766721093281689],[120.9814911990001,24.766666671281811],[120.98145692600019,24.766568344281755],[120.98142740500005,24.766529681281845],[120.98124695100014,24.766324210281812],[120.98120217500018,24.76627427628177],[120.9811186200001,24.766157072281835],[120.98108527600019,24.766115032281746],[120.98091585700001,24.765893312281598],[120.98087627100018,24.765853644281783],[120.98084673600006,24.765813842281609],[120.98076355500001,24.765719626281619],[120.98062745100005,24.765461840281617],[120.98062157500019,24.765410230281876],[120.98062198200005,24.765282700281727],[120.98061213300012,24.76521850628183],[120.98061345900012,24.764994468281692],[120.98061865600005,24.764928920281861],[120.98062058300012,24.764817471281692],[120.9806217470002,24.764735871281786],[120.98057310800006,24.764451633281901],[120.98054849500026,24.764406017281864],[120.98050985000009,24.764270979281882],[120.98048900400022,24.764225309281741],[120.98046356000016,24.764129160281779],[120.98033366800007,24.76402354828166],[120.98032736700019,24.764018423281684],[120.98028770800016,24.763974151281836],[120.98017670000016,24.763867678281827],[120.98011708600018,24.763831729281787],[120.97993152100011,24.763620566281809],[120.97987949800017,24.763587959281782],[120.979787512,24.763492710281799],[120.97974935700014,24.763463355281772],[120.97948056700001,24.763307329281918],[120.97940877700002,24.763294508281838],[120.97929063000019,24.763288080281846],[120.97921393400023,24.763282229281803],[120.97893267000016,24.763283742281846],[120.97887366500007,24.763284547281724],[120.97872473800018,24.76331529528187],[120.97871164800007,24.763359128281767],[120.97868291200017,24.763520348281869],[120.97866691400009,24.763540093281723],[120.97864300000009,24.763536973281912],[120.97850766600007,24.763477916281637],[120.97847858200008,24.763465678281698],[120.97834193100005,24.763403197281765],[120.97826358100021,24.763373248281781],[120.97800589600001,24.763281388281818],[120.97793275900018,24.763262859281799],[120.9778039280001,24.763217507281698],[120.97771555400006,24.763188829281891],[120.97741052199999,24.763119451281749],[120.97736005300025,24.763105207281907],[120.97718412100006,24.763097243281774],[120.97712157700015,24.763111879281837],[120.97692009800015,24.763306469281762],[120.97688326700013,24.7633575122819],[120.97682006400024,24.763484742281761],[120.97681229700011,24.763546877281843],[120.97680516000005,24.763799725281707],[120.97683871000018,24.763854397281879],[120.97689983700018,24.763982245281802],[120.97689699700003,24.764038573281752],[120.97672026000005,24.764286807281767],[120.97667312100023,24.764321912281641],[120.9765578360002,24.764413085281635],[120.97650761900005,24.764413772281888],[120.97623922700012,24.764281848281801],[120.97619220700008,24.764248018281837],[120.97607541700016,24.764171491281829],[120.97602217800012,24.764141200281799],[120.97572698300004,24.76405903628174],[120.97565521100006,24.764047370281769],[120.97553666900009,24.764016807281724],[120.9754434240001,24.763997396281898],[120.97513051200015,24.763983261281879],[120.97507176899998,24.764000144281756],[120.974944166,24.764029439281703],[120.97488603000028,24.764083068281884],[120.974702405,24.764294641281793],[120.97467942200005,24.764347799281747],[120.97465476900014,24.764528494281684],[120.9746005830001,24.764822179281822],[120.97456614700016,24.764866287281659],[120.97446225600019,24.76496304728165],[120.97441517100003,24.765001600281735],[120.97407817500002,24.764974005281676],[120.97401746299997,24.764947270281773],[120.97387713900011,24.764890563281789],[120.97381604600011,24.764840842281853],[120.97366864300007,24.764659042281743],[120.97362632400004,24.764605612281752],[120.97351559600021,24.764439392281869],[120.97332265700004,24.764237513281774],[120.97325204800016,24.764220083281757],[120.97309975900008,24.764199174281799],[120.973017203,24.764218679281804],[120.97274504100004,24.764315408281632],[120.97270048500019,24.764355072281809],[120.97256851900018,24.764424641281803],[120.97252286100004,24.764473505281753],[120.972348278,24.764624070281783],[120.9722670110001,24.764645851281802],[120.97218767100011,24.764631985281632],[120.97198585100001,24.764577271281812],[120.97161214500011,24.764684569281808],[120.97147402700011,24.764838085281632],[120.9712979100002,24.765048401281607],[120.97127646400021,24.765118766281752],[120.97123089600007,24.765326173281679],[120.97119480800022,24.76549897528184],[120.97117056600005,24.765552148281895],[120.97114422900019,24.765630621281716],[120.97110029500004,24.765708185281653],[120.97098529800009,24.76574075728178],[120.97083551100005,24.765642822281766],[120.97074370800009,24.765574003281841],[120.97063081400007,24.765489376281863],[120.97056243600002,24.765454684281742],[120.97044688700022,24.765376987281886],[120.97037858100016,24.765346889281609],[120.97013688000007,24.765234127281797],[120.97005499200021,24.765218005281792],[120.96983310400014,24.765164708281819],[120.9697219160001,24.765046735281739],[120.9696982860002,24.764908059281726],[120.96966487400002,24.764861409281782],[120.96963158000017,24.764745818281821],[120.96959923200009,24.764687668281706],[120.9694674230001,24.764460841281778],[120.96944003800016,24.764399179281824],[120.96940282800009,24.76427446828162],[120.96935787000011,24.764213046281704],[120.9691850240001,24.764010885281774],[120.96913384400001,24.763952991281869],[120.969054063,24.763835737281664],[120.96900917900012,24.763778903281754],[120.96892204000009,24.763519310281694],[120.96890720900004,24.763457469281807],[120.96887374700019,24.763331557281791],[120.96885526600025,24.763276668281797],[120.96876139600012,24.762989582281829],[120.96873635499999,24.762917546281919],[120.96871168200001,24.76279151028179],[120.96870294200008,24.762718106281856],[120.96868074600012,24.762436949281863],[120.96866704300024,24.762367053281771],[120.96864459700005,24.762223764281917],[120.968618265,24.762149443281796],[120.96855475000007,24.762028537281836],[120.96842057000018,24.761886749281832],[120.96836168600019,24.761818607281892],[120.96829436900012,24.76169544928182],[120.96827075600012,24.761633733281865],[120.96818508400024,24.761463725281743],[120.96817428000021,24.761340951281717],[120.96815703500012,24.761284887281967],[120.96813240000004,24.761161145281843],[120.9681010070001,24.761084601281922],[120.96789462900009,24.76090473428178],[120.96784751800008,24.760865169281878],[120.9677370520001,24.760790830281863],[120.96767723500004,24.760742244281928],[120.96759693500006,24.760669807281896],[120.96754174500018,24.760597023281907],[120.96751919100011,24.760446835281918],[120.96751562500016,24.760382560281748],[120.9675182350002,24.760235475281842],[120.96750601100008,24.760179332281901],[120.96751413600013,24.759909268281941],[120.96749949800017,24.75985891128196],[120.96749330100018,24.759710804281873],[120.96749355700003,24.759649915281813],[120.9675022800002,24.759339629281989],[120.96748501500012,24.75928241028188],[120.96749527300008,24.759142124281908],[120.96748664600008,24.759075607281915],[120.9674727100001,24.75876217628192],[120.9674664850002,24.758688733281968],[120.96745393600013,24.75853611928196],[120.967420371,24.758480280281777],[120.9672454710002,24.758228748282033],[120.96721934199998,24.758167066281899],[120.96723549700008,24.758003723281885],[120.96728610400018,24.757950194281804],[120.96749667700013,24.757773884281786],[120.96756364100023,24.757722425281887],[120.96768685800021,24.757502495281809],[120.96762740900009,24.757170146282043],[120.96755281500022,24.756986197281925],[120.96744172600017,24.756644204281951],[120.96740489099997,24.756465492282015],[120.96734996800004,24.756408787282023],[120.96715716600026,24.756290768281858],[120.96710008700016,24.756255922282083],[120.96695259600021,24.756144188281805],[120.96670088000008,24.755955739282047],[120.96664116000009,24.755912877281954],[120.96652691200006,24.755837452282016],[120.96644984200009,24.755808624282032],[120.96631865900017,24.755772489281977],[120.96615562699999,24.755785030282027],[120.96608450300006,24.75581241528208],[120.96598434400012,24.755906825282072],[120.9659350300002,24.755962628281896],[120.96591404800007,24.75598474328195],[120.9657221920002,24.756153906281998],[120.96565856300018,24.756178891282016],[120.96551719300012,24.756210668281799],[120.96543188200006,24.756215270282109],[120.96531992700004,24.75620299228197],[120.9652680010002,24.756176138282058],[120.96511106600016,24.756024293281925],[120.96509031800005,24.755984372282008],[120.96501708300013,24.755883109282063],[120.96497975500004,24.755827321282066],[120.96482112100017,24.755572125281834],[120.96478381200018,24.755517490282113],[120.96468788600023,24.755410794281982],[120.96462018200005,24.755340465281865],[120.96440711100009,24.755211240281998],[120.96434398300002,24.75519027028195],[120.96420128200012,24.755217465281977],[120.96414413800018,24.755255003281881],[120.96401686800004,24.755380786281989],[120.96391513000005,24.75545568228187],[120.96384792100001,24.75549220528206],[120.96371938900003,24.755541037282008],[120.96362287300005,24.755551531281998],[120.96355875200007,24.755546650282032],[120.9634979870002,24.755516462281939],[120.96346721800013,24.755477801282115],[120.96336033400009,24.755391941281843],[120.96329175200016,24.755344612281927],[120.96319395700016,24.755276983281931],[120.96312413899997,24.755230837281943],[120.96296304899997,24.755131917282089],[120.96287280500016,24.755065353282102],[120.96281419200002,24.755013297282062],[120.9627606730002,24.754965765282041],[120.96270957400006,24.754912466281976],[120.96268556400004,24.754826633282068],[120.96267329000008,24.754767058282031],[120.96268722400018,24.754697937282089],[120.9627586560001,24.75453613628202],[120.96284591800026,24.754344262282043],[120.9628214080001,24.754304376281954],[120.96266248600007,24.754107772282026],[120.96261629600018,24.754047512282018],[120.96253678500017,24.753946346282],[120.96249074400009,24.753895258282043],[120.96231874100022,24.753666663282047],[120.9622827630001,24.753616599281987],[120.96222978500008,24.753525414281992],[120.96218595499998,24.753455928282115],[120.96211632300016,24.753344278282022],[120.96205645000011,24.753215271281913],[120.96202908800016,24.753154753281976],[120.96198321200009,24.753037044282099],[120.9619531710001,24.752966217281919],[120.96187915200019,24.752816728281907],[120.96184168600011,24.752675915281891],[120.96182697600013,24.752620971282056],[120.96181375400018,24.752503976281961],[120.96179509000017,24.752437601281887],[120.96174429800021,24.752172901282123],[120.96171804000019,24.75210318628212],[120.96167997300005,24.751925627282002],[120.96160538100018,24.751587728282015],[120.96154803300023,24.751382870281954],[120.9615142450002,24.751313251281964],[120.96149854100021,24.751274387282052],[120.96145375700016,24.751223290282081],[120.96141847600008,24.751215734282063],[120.96132692900015,24.751222708282025],[120.96110444800003,24.751208475282105],[120.96094805100006,24.7511657822822],[120.96094502200015,24.751163362281911],[120.96092260600008,24.751145452282024],[120.96090599700015,24.751051459282071],[120.96088500900018,24.750996605282158],[120.96085787500007,24.750949865282024],[120.96079930100009,24.750900112281979],[120.960775721,24.750884612282032],[120.96072568100024,24.75085170628217],[120.96061136400019,24.750771672282028],[120.96053705000007,24.750680772282056],[120.96049968700018,24.750622690282047],[120.96040986900013,24.750428595282067],[120.96036191599995,24.750337338282073],[120.96032067500001,24.750272411282022],[120.96023157600011,24.750198930282171],[120.96017212500026,24.750172162282087],[120.96003916400016,24.75010386928221],[120.95997309600003,24.750056514282111],[120.9596370830002,24.749856546282007],[120.95945173700007,24.749732687282055],[120.95916844799999,24.749532002281974],[120.95886605500019,24.749391316282157],[120.95861756000015,24.749245308282166],[120.958555561,24.749216263282051],[120.95844209400011,24.749264913281994],[120.95839225500006,24.749288546282173],[120.95807041100026,24.749474014282242],[120.95798972999999,24.749493981282107],[120.95794565100005,24.749500496282131],[120.95789133400001,24.749525275282121],[120.95784334600003,24.749545521282212],[120.957776497,24.749565599281997],[120.95772222200016,24.749585791282069],[120.95766542400024,24.749607110282057],[120.95760869099999,24.749621540282192],[120.95750153500001,24.749648170282079],[120.95746769400004,24.749636415281994],[120.95744407200013,24.749608699282106],[120.95740924400009,24.749569424282143],[120.95737578300007,24.749518681282119],[120.95734975700006,24.749479480282158],[120.95731000000013,24.749429840282147],[120.95728408600004,24.749379163282033],[120.95724195700011,24.749314587282012],[120.95722615000012,24.749259408282086],[120.957212798,24.749209990282079],[120.95719634600006,24.749091736282157],[120.95719076500005,24.749019433282218],[120.9571776840001,24.748942495282055],[120.95717963500019,24.748871414282135],[120.95718158800017,24.748800331282109],[120.95718476400016,24.748732699282119],[120.95718554000007,24.74865358028196],[120.95717745500009,24.748580120282202],[120.95717198700018,24.748496351282107],[120.95717388100016,24.748431002282121],[120.95715571200017,24.748359752282084],[120.95716371900019,24.7483127952822],[120.95716698900004,24.748291300282112],[120.95717259500023,24.748254445282079],[120.95721494500017,24.748208980282232],[120.95725400700022,24.748183881282198],[120.95730066500016,24.748146201282101],[120.9573448380002,24.748101620282224],[120.95738532300005,24.748037519282068],[120.95740681000005,24.748007786282113],[120.95742959700009,24.747968878282084],[120.95744486700021,24.747924190282031],[120.95746639400021,24.747885274282098],[120.95750054900009,24.747832637282279],[120.95752975800021,24.74776048028216],[120.95755133200021,24.747710088282179],[120.95757301000005,24.747635617282135],[120.95759717900012,24.747566878282239],[120.95759483900008,24.747525580282197],[120.95759752900013,24.747484301282146],[120.95759651400022,24.747426943282115],[120.95759807300017,24.747355832282082],[120.95759212600004,24.747275522282109],[120.957566161,24.747175630282193],[120.95754398500003,24.747071178282173],[120.95753170400019,24.747003459282155],[120.95752824900008,24.746928901282114],[120.95752223700013,24.746864641282141],[120.95753254300008,24.746805037282186],[120.95755287400016,24.746752342282171],[120.95757072400021,24.746691622282032],[120.95759736100003,24.746633223282178],[120.95763783500009,24.746571415282119],[120.95766064500002,24.746526765282255],[120.95768594099999,24.746487859282134],[120.95771886700004,24.746428332282196],[120.95774302000008,24.746363044282024],[120.95775962800022,24.746298873282136],[120.95778143500014,24.746193423282211],[120.95779314000016,24.746100558282166],[120.95779474600018,24.746017982282083],[120.95779129800009,24.745942257282223],[120.95779911700012,24.745875763282225],[120.9577982000002,24.745795471282158],[120.95779101300008,24.745711718282251],[120.95777504900018,24.74562447928222],[120.95775896400016,24.745564776282077],[120.95772654800005,24.745503878282285],[120.95769781999998,24.745462482282139],[120.95766661900018,24.745411896282054],[120.95761159300015,24.745348616282229],[120.9575476780002,24.745307093282165],[120.95747867700015,24.745280466282285],[120.95740582400006,24.745272172282036],[120.95731910800011,24.745274162282207],[120.95724374000008,24.745267008282145],[120.95716329199999,24.745272457282152],[120.95708289000018,24.745266430282186],[120.95698490500016,24.745259207282206],[120.95690577000008,24.745250886282054],[120.9568316670001,24.745241438282157],[120.95673995200005,24.74523652928228],[120.95665078200012,24.745224737282108],[120.95653646300019,24.745216298282202],[120.9564687100001,24.745190826282148],[120.95637838299996,24.745154930282109],[120.95632572999997,24.745124931282295],[120.95629065700007,24.745098422282055],[120.95625437300011,24.745060444282196],[120.95620441700024,24.744988003282163],[120.95614191200002,24.744910925282177],[120.95609947400007,24.744843097282153],[120.9560621250001,24.744760383282241],[120.95599094000025,24.744655755282114],[120.95595355400009,24.744582207282075],[120.95590228900002,24.744521228282178],[120.95583594600022,24.744460203282198],[120.95577828300006,24.744426734282175],[120.9557431180001,24.744422020282066],[120.95569915000017,24.744418414282112],[120.95563366699999,24.744450311282272],[120.95556945200019,24.744479888282221],[120.95552545300019,24.744484327282233],[120.95543872600004,24.744488597282235],[120.95539853400017,24.744483882282292],[120.95526412299996,24.744471916282187],[120.95514484200021,24.744448541282303],[120.95503942500012,24.744414904282181],[120.95499050999997,24.744392931282054],[120.95492795600005,24.744327328282306],[120.95489676700012,24.744274447282187],[120.9548481180001,24.74418939928217],[120.95481455100017,24.74410440328225],[120.95474469000008,24.743983714282216],[120.95470351500002,24.74391474928219],[120.95464985500021,24.743826233282064],[120.95459865800014,24.743750341282272],[120.95451230200004,24.74366744828226],[120.95440336900008,24.743574159282179],[120.95431438999999,24.743517630282287],[120.95425676100004,24.743476126282143],[120.95417650600022,24.743436845282275],[120.95409488400004,24.743422780282256],[120.95397682000024,24.743408596282059],[120.95389382900011,24.743420913282105],[120.95383461700018,24.743456260282109],[120.95379301700018,24.743487080282172],[120.95372240200004,24.743544175282278],[120.95367443700015,24.743594466282257],[120.95362013800012,24.743656215282297],[120.95352054900003,24.743730410282311],[120.95340232200012,24.743754073282233],[120.95328158500017,24.743777727282147],[120.95316839600004,24.743799106282221],[120.95307774800008,24.743838932282134],[120.95299585100007,24.74388909728221],[120.95291260700017,24.743961055282295],[120.95285952600014,24.744031978282209],[120.95278263800017,24.744086757282123],[120.95270708899999,24.744122044282108],[120.95261777900012,24.74414235928219],[120.95254874000003,24.744124912282263],[120.95248867200019,24.744066197282287],[120.95243992400007,24.744005238282313],[120.95238737000007,24.74395227728219],[120.95231982800026,24.74387747828213],[120.95223713699997,24.743819832282256],[120.95215810900001,24.743787430282243],[120.95210788400006,24.743778078282162],[120.95203502300005,24.743772079282294],[120.95194948499999,24.743792410282296],[120.95186746200014,24.743872404282062],[120.95178919900013,24.743954703282299],[120.95176137100007,24.743997057282257],[120.95169066800017,24.744074791282284],[120.95163886800006,24.744139987282356],[120.9515302150002,24.744276077282255],[120.95147211200003,24.744345833282239],[120.95138762600013,24.744413205282125],[120.95133346100016,24.744443966282184],[120.95128810900016,24.744470197282219],[120.9511220390001,24.74451547728205],[120.95100511699999,24.744527662282191],[120.95087058200025,24.744545533282057],[120.95068330500011,24.744554030282135],[120.95048352900001,24.744546425282127],[120.95035668000018,24.744529905282267],[120.95026997300012,24.744529597282177],[120.95008773000004,24.744536967282329],[120.94990688300018,24.744511067282318],[120.94975234800008,24.744503630282061],[120.94965567100009,24.744483779282199],[120.94948104900003,24.744471675282167],[120.94929766500005,24.744451517282183],[120.94911930100002,24.744433661282319],[120.9489910990001,24.744438925282132],[120.94892318200006,24.744452446282082],[120.94882121900004,24.744493364282185],[120.94873921500022,24.744567625282112],[120.9487036300002,24.744660399282239],[120.94869070000018,24.744745229282152],[120.94864876500017,24.744854046282178],[120.94860422000015,24.744984640282329],[120.948542277,24.745070436282052],[120.94846156200005,24.745137817282295],[120.94836457300003,24.74519022328219],[120.94830167800015,24.745204909282162],[120.94823376400022,24.745217282282198],[120.94810174700004,24.745232855282243],[120.94796863900004,24.745210580282095],[120.94784310500003,24.745180281282256],[120.94776279100014,24.745153620282267],[120.94763734500009,24.745102700282217],[120.9474705890002,24.745014909282254],[120.94735525300008,24.744950269282228],[120.94726752800003,24.744894891282271],[120.94715712700022,24.744850901282188],[120.94707302800019,24.744828805282044],[120.94693615600013,24.744805354282242],[120.94681681800003,24.744794603282049],[120.946726287,24.744806886282095],[120.94658167900003,24.74482815328227],[120.94650863700021,24.744864593282156],[120.94644553800005,24.744926299282202],[120.94635089300004,24.745017709282305],[120.9462701230001,24.745097701282162],[120.94620695500011,24.745175469282209],[120.94616643700013,24.745246439282127],[120.9461424080001,24.74528191228222],[120.94604424100005,24.745315961282277],[120.94587337300014,24.745307304282093],[120.94578553600013,24.745277161282267],[120.94568762700013,24.745251565282192],[120.94553329300015,24.745197093282222],[120.94542298400017,24.745132453282189],[120.94530027800015,24.745029924282147],[120.94515909700017,24.744839007282263],[120.94504923100025,24.744673443282249],[120.94498673000015,24.744596351282265],[120.94494051200004,24.744531951282177],[120.94489663800006,24.744506564282126],[120.94489659899997,24.744506549282296],[120.94485272500015,24.744490341282198],[120.94477861100015,24.744484337282245],[120.94466924400014,24.744493109282256],[120.94457873200004,24.744500813282176],[120.94450086000006,24.744491341282199],[120.94442425500016,24.744479593282112],[120.9443615310001,24.74445412628204],[120.94429880700015,24.744429815282174],[120.94423248900007,24.74436418828224],[120.94412498100006,24.744233034282061],[120.94407248400007,24.744168612282323],[120.94397499799999,24.744045523282082],[120.94393130700001,24.743977694282336],[120.94387148700014,24.743862772282256],[120.94381923600008,24.743741000282306],[120.94379831900002,24.743637686282192],[120.94377249800011,24.743506833282112],[120.94374575000003,24.743299144282076],[120.94374804100013,24.743060563282231],[120.94373880600008,24.742871272282212],[120.94373070900022,24.742709520282148],[120.94372351800014,24.74262920728226],[120.94371284700016,24.742481197282181],[120.94368588500008,24.742323960282238],[120.94366262400011,24.742181641282276],[120.94363951500004,24.742004924282131],[120.94361896200002,24.741817877282298],[120.94362344099997,24.741653881282232],[120.94364678400004,24.741487653282338],[120.94365000100002,24.741324787282366],[120.94359269800016,24.741208738282271],[120.94354544900008,24.74109271128226],[120.94349190100009,24.740981257282375],[120.94342597800005,24.740823880282139],[120.94336874700002,24.74069176128214],[120.9433289740001,24.740590677282398],[120.94329303800006,24.740473554282385],[120.94326463500012,24.740358743282389],[120.94323373200022,24.740240492282197],[120.94317898000004,24.740116417282415],[120.94314423200001,24.740015353282132],[120.94310806900003,24.739950985282412],[120.94307556700018,24.739911868282189],[120.94304442600009,24.739848673282204],[120.94303725300013,24.739763765282291],[120.94306278400002,24.739672089282163],[120.94309857100004,24.739533438282422],[120.94313909100002,24.739461333282399],[120.94318370100008,24.739316971282271],[120.94319067200003,24.739157564282323],[120.94320121500002,24.739045197282174],[120.943176276,24.739000369282291],[120.94315651999997,24.738920016282304],[120.94311426200018,24.738812035282251],[120.94306933400003,24.738740753282308],[120.94297546400017,24.738654386282356],[120.94291785100002,24.738610592282466],[120.94284895200009,24.738561017282361],[120.94276240600003,24.738525148282331],[120.9426708240002,24.73849038928229],[120.94259687900002,24.738445388282305],[120.94256706000013,24.73836728928223],[120.94254471600004,24.738304116282244],[120.94251520200018,24.738156043282448],[120.94249562500009,24.738034383282322],[120.94246958900005,24.73795399928234],[120.94240212800017,24.737863135282367],[120.94231331,24.737771053282383],[120.94220061000011,24.737681166282321],[120.94206274600013,24.737598075282197],[120.94201145200007,24.737546268282358],[120.94190505100008,24.737451823282463],[120.94185758100014,24.737388566282359],[120.941776354,24.737285040282419],[120.94172784400004,24.73717130428232],[120.94170060300013,24.737078297282373],[120.94172362100007,24.736986609282425],[120.94174764500009,24.736952293282346],[120.94180216800017,24.736840088282285],[120.94185804600026,24.736704949282217],[120.94188623000001,24.736581177282286],[120.94188341000013,24.736363241282461],[120.94189151300009,24.736233647282397],[120.94189441199998,24.736145347282292],[120.94191130800014,24.736016947282423],[120.94189284500021,24.735928549282299],[120.94184428700019,24.735825143282362],[120.9417981270001,24.735749274282306],[120.94174826399998,24.735657324282421],[120.9417272650002,24.735574669282421],[120.94171671900021,24.735399128282292],[120.94172122700004,24.735229391282459],[120.9417165760001,24.73514334428236],[120.94170687500002,24.735063023282386],[120.94168197000026,24.735011314282456],[120.94155313600008,24.734875490282409],[120.94145053000011,24.734776469282476],[120.9414192170001,24.734753415282249],[120.94131781800014,24.734665878282481],[120.94128661800015,24.734616433282476],[120.941182701,24.734530024282439],[120.94109380700009,24.734456288282367],[120.94102877400022,24.734386092282424],[120.94098493400007,24.734353806282332],[120.94094243900017,24.734302028282411],[120.94088861300017,24.734254806282408],[120.94078980100008,24.734150070282443],[120.94069606300013,24.734035016282519],[120.94065621400011,24.733952288282417],[120.94062379500021,24.733894817282465],[120.9405915210001,24.733804083282511],[120.94055791700025,24.733730548282562],[120.94052193200011,24.733626045282527],[120.9404884410002,24.733526121282438],[120.94045377900007,24.733406711282509],[120.94042257500016,24.733358421282421],[120.94036995900015,24.733322675282491],[120.94028098000017,24.733268431282344],[120.94016815600006,24.733208371282348],[120.94007797500016,24.733141515282419],[120.94000549100019,24.733050629282541],[120.93995565400016,24.732954093282455],[120.93989829400003,24.732852950282357],[120.93985352700021,24.732746113282573],[120.93984264600014,24.732648570282596],[120.93985934000001,24.732566056282423],[120.93989109900004,24.732487031282371],[120.93995536200021,24.732445977282442],[120.94005610700005,24.732394724282546],[120.94012537800009,24.732358277282383],[120.94027140400024,24.732296876282451],[120.94036076900019,24.732261645282382],[120.940528169,24.732198031282543],[120.94068545900006,24.732147000282495],[120.94081123900007,24.732117645282454],[120.94088554400001,24.732078914282543],[120.94101023300018,24.732012854282498],[120.94111745300016,24.731916894282371],[120.94119450700008,24.731824271282445],[120.94126662300008,24.731710980282397],[120.9413399240002,24.731613762282432],[120.94140182000007,24.731539425282314],[120.94150661500022,24.731423972282542],[120.94162144100004,24.73131312528243],[120.94177424100006,24.731138199282618],[120.9418766600002,24.730991739282587],[120.94194868900003,24.730897966282551],[120.94206107500008,24.730771068282547],[120.94215453900019,24.73066013328242],[120.94223536900006,24.730565236282558],[120.94227330000015,24.730511466282469],[120.94232259900008,24.730443977282576],[120.94232918100026,24.730375171282478],[120.9423157290001,24.730290251282639],[120.94226211800002,24.730193704282474],[120.9421834450001,24.730082153282478],[120.94208253400019,24.729883356282382],[120.94200904800005,24.729733965282641],[120.94196677400011,24.729631735282428],[120.94191699400015,24.729521431282652],[120.941872265,24.729405422282458],[120.94183380300011,24.729292873282557],[120.94181167899997,24.729180384282579],[120.94177709100013,24.729044912282571],[120.94176501500012,24.72893360128252],[120.94175807300016,24.728797085282494],[120.94178235400004,24.728704272282645],[120.94180531200014,24.728626354282596],[120.94181439800012,24.728559860282598],[120.94174691300022,24.728477022282398],[120.94155615400007,24.728424707282691],[120.94138789200017,24.728400003282513],[120.9412484690001,24.728389169282607],[120.94109026200006,24.728363348282414],[120.94084523600013,24.728365887282617],[120.94075845500005,24.72838506528252],[120.9406099600002,24.728436138282571],[120.9405957570001,24.728523248282492],[120.94058775400003,24.728628757282426],[120.94055842700003,24.728726137282578],[120.94053693400021,24.728755886282556],[120.94048748500011,24.72885778428245],[120.94044833700006,24.72890237828268],[120.94034868300015,24.728991471282413],[120.94019991100002,24.729105634282618],[120.94016088500008,24.729122690282612],[120.94009157600011,24.729168313282567],[120.94003862400018,24.729209407282593],[120.9399264230002,24.729293873282646],[120.9397524230002,24.729432023282538],[120.93967174500003,24.72949137228256],[120.93956720100016,24.729549484282561],[120.93937707200006,24.729639388282447],[120.93919712500009,24.729700665282543],[120.93910403600012,24.729725563282653],[120.93894554500007,24.729763961282536],[120.93875311700005,24.729805704282622],[120.93854948200023,24.729824446282571],[120.93844521499996,24.729819463282602],[120.93839625800011,24.729808971282626],[120.93822694500011,24.729737222282633],[120.93809929700004,24.729619760282425],[120.93806179900004,24.729574882282446],[120.93802319900013,24.729494446282356],[120.93800466300011,24.729423265282424],[120.93804902300005,24.729336257282593],[120.93812594600011,24.729273449282552],[120.93825315800015,24.729203953282394],[120.93831860900006,24.729178961282553],[120.93841310800005,24.729118524282622],[120.93846732600011,24.729076283282588],[120.93856852400015,24.728922954282602],[120.93864463900005,24.728758077282468],[120.93870565900022,24.728597716282522],[120.93876556300009,24.728405231282409],[120.93884065900016,24.728186433282438],[120.93887891500006,24.728059251282403],[120.93891586000017,24.72794468228269],[120.93894532100006,24.727817480282646],[120.9389333280002,24.727686677282481],[120.93887952500002,24.727636003282644],[120.93875390400001,24.727629804282483],[120.93864214600001,24.727614481282647],[120.93848765300019,24.727602445282528],[120.93829681800005,24.727568475282474],[120.9381312030001,24.727513945282578],[120.93797075000006,24.72742847628254],[120.93786927800021,24.727360429282584],[120.9378230440001,24.727302899282538],[120.93782203900008,24.727245547282592],[120.93785996600005,24.727192925282591],[120.93792057600001,24.727125469282694],[120.93805659300016,24.727053711282622],[120.93819385300004,24.726984256282655],[120.93836254200015,24.726911472282662],[120.93855144600005,24.726813526282555],[120.93869140600017,24.726701637282634],[120.93883184700015,24.726480788282572],[120.9389191850001,24.726335435282618],[120.93898401200013,24.726165911282447],[120.93904246700001,24.726017024282655],[120.9391135880002,24.72584408028256],[120.93916955700014,24.725689432282657],[120.93922794700008,24.725554305282582],[120.93926623500012,24.725420245282585],[120.93925043500016,24.725298603282479],[120.93917667800009,24.725213461282539],[120.93907641700005,24.725155734282467],[120.93896474500006,24.725120910282698],[120.93883062200015,24.725049303282468],[120.93869655700016,24.724963919282587],[120.93863914300002,24.724877690282561],[120.93863825600013,24.724793965282483],[120.93866784100011,24.724638061282551],[120.93870999700002,24.724481078282711],[120.93876977099998,24.724317276282569],[120.93881564100013,24.72417291628253],[120.93883139900012,24.724018134282616],[120.93882435800006,24.723905698282632],[120.93882519300014,24.723716438282608],[120.93882582900002,24.723571924282556],[120.93884138100005,24.72346415428262],[120.93884547900005,24.723389616282663],[120.93885841100006,24.723305934282671],[120.93887261100018,24.723257106282627],[120.93888332000007,24.723224727282521],[120.93890432500022,24.723174309282701],[120.93898746199999,24.72304014428261],[120.93901485500012,24.723009042282623],[120.93904842300005,24.722962992282728],[120.93909689000023,24.722893942282695],[120.93910520400011,24.722827430282702],[120.93909086200011,24.722753028282774],[120.93906912999999,24.722698161282764],[120.93901952500006,24.722607944282665],[120.93894868900007,24.722532759282753],[120.93886281300014,24.722461092282774],[120.93880858100019,24.722425902282705],[120.9387530800002,24.722388428282805],[120.93869628700021,24.722346378282701],[120.93862432500013,24.722289521282708],[120.93856993900025,24.722232564282621],[120.93848386000015,24.722132255282673],[120.93843447900024,24.722072962282731],[120.93840266499998,24.722012430282785],[120.93835149300003,24.72187868328265],[120.93832316700001,24.721779158282672],[120.93830511000019,24.721711661282693],[120.93828426700026,24.721605222282673],[120.93827198200019,24.721466643282753],[120.93827767700024,24.721385253282595],[120.93828479300011,24.721326767282545],[120.9383105170002,24.721237229282611],[120.93834630500021,24.721151066282676],[120.93840086300013,24.721055628282592],[120.93849540500004,24.720934737282722],[120.93855151000007,24.720880540282678],[120.93863378600012,24.720799815282753],[120.93870094400009,24.720711170282698],[120.93874049200014,24.720623842282574],[120.93878374000009,24.720527316282595],[120.93883443100002,24.720418143282714],[120.93883395600005,24.720351692282634],[120.93881083700002,24.72027848628262],[120.93877407600009,24.720228299282741],[120.93873977600019,24.720171215282814],[120.93870798400022,24.720114104282697],[120.93865094400012,24.72003654228277],[120.9385937940001,24.719944074282758],[120.93856560900018,24.719864041282801],[120.93856521800011,24.71980903828269],[120.93857361300012,24.719753984282857],[120.93861083900001,24.719693038282788],[120.93866184000012,24.71962739228276],[120.938691576,24.719572212282735],[120.93871996400016,24.719504426282711],[120.93873841199998,24.719450461282605],[120.93874648000022,24.719349567282695],[120.93874575400014,24.719247596282617],[120.93872125300017,24.719156063282842],[120.93870957200008,24.719102282282758],[120.93867755600012,24.719013093282662],[120.93864929499996,24.718922749282736],[120.93859607700001,24.718853179282849],[120.93854415400007,24.718789307282631],[120.93848739000018,24.718750713282624],[120.93841532700007,24.718678969282834],[120.93833321100011,24.718606127282843],[120.93825844299997,24.718506898282904],[120.93819505100006,24.718419058282731],[120.93815546400015,24.718324187282782],[120.93815221700014,24.718221078282784],[120.93815550400008,24.71815344428278],[120.93816002100009,24.718082373282854],[120.93816841600008,24.718027318282736],[120.93818566400009,24.717981377282854],[120.93822666299999,24.717921535282873],[120.93828719300002,24.717783665282742],[120.93831920000009,24.717695233282715],[120.93835502500025,24.71761365428263],[120.93836727599999,24.717571179282757],[120.93840314700005,24.717496481282886],[120.93845370100023,24.717367825282636],[120.9384994520001,24.717270153282815],[120.93852291100008,24.717214996282692],[120.93853007599999,24.717163390282685],[120.9385371180001,24.717094595282859],[120.93856020000024,24.71698673828265],[120.93858454700005,24.71688002028279],[120.93859775800016,24.716796294282787],[120.93861353100013,24.716719420282825],[120.93862576500025,24.716674651282759],[120.93861905700021,24.716613967282893],[120.93856846600021,24.7165604252829],[120.93849798400008,24.716534500282808],[120.93841858599998,24.716490298282881],[120.93830259100015,24.716418816282832],[120.93815241800017,24.716307431282679],[120.93805010800007,24.716218681282882],[120.93798444600023,24.71616408528272],[120.93786076700019,24.716070874282828],[120.93771294300024,24.715936575282729],[120.93765470400002,24.715867028282837],[120.93747279500016,24.715705430282789],[120.93740835600006,24.715646237282964],[120.93732232300025,24.715551652282773],[120.93714668299999,24.715388865282812],[120.93709616800008,24.715345640282873],[120.9370430150002,24.715285235282945],[120.93685353300008,24.715117943282685],[120.93679523400023,24.715039231282834],[120.93674595399999,24.714993698282804],[120.93669927500011,24.714960750282746],[120.93648642800018,24.714861228282953],[120.93641466000011,24.714830716282922],[120.93636682300021,24.714811527282745],[120.9363227040002,24.714785444282903],[120.93615561400024,24.71476584228288],[120.93607498700021,24.714725089282695],[120.93602578000016,24.714689865282903],[120.93600654800018,24.714632688282876],[120.9359972810001,24.71456513928289],[120.93601320000016,24.714508889282758],[120.93605786200006,24.714434141282798],[120.93610625400007,24.714354771282792],[120.93613847399997,24.714296134282918],[120.9361657880002,24.714253575282871],[120.93615537400005,24.714200915282859],[120.93612959500012,24.71410596828283],[120.93609096100013,24.713968713282927],[120.93606624400012,24.713846239282926],[120.93601874200019,24.713697561282892],[120.93600196500013,24.713632356282915],[120.93596514800002,24.713574142282795],[120.93592588700007,24.713525089282911],[120.93590166700001,24.713472540282833],[120.93583312900012,24.71336639828284],[120.93578469100011,24.713262411282848],[120.93574769799996,24.71317898728288],[120.93571845400002,24.713126464282986],[120.935674027,24.713056825282994],[120.93561805899998,24.712952899282925],[120.93556196100016,24.712830624282855],[120.93554527300002,24.712778017282847],[120.93550840800016,24.712712931282969],[120.93548615200011,24.712667570282864],[120.93542097000004,24.712596586282856],[120.93541443400004,24.712559951282838],[120.93541917100006,24.712519821282889],[120.93546280300001,24.712477161282916],[120.93550644299999,24.712435638282948],[120.93554889100004,24.712403289282854],[120.93563471100005,24.712291614282933],[120.93568806700002,24.712204193282894],[120.93572245800009,24.712097426282856],[120.93578828600005,24.711998482282937],[120.93585163999995,24.711905286282864],[120.93589898100005,24.711854556282837],[120.93592719900009,24.711762718282881],[120.93596578499998,24.711716642282887],[120.93599921300009,24.711651119282891],[120.93608358900003,24.711513105282837],[120.93611327500003,24.711451028282855],[120.93613047300003,24.711398225282935],[120.93614885500003,24.711335087282855],[120.93617701800007,24.711235223282955],[120.93618792399998,24.711180152282918],[120.93620010000002,24.711127367282916],[120.93622864499999,24.711081358282925],[120.93629213300008,24.711006493282941],[120.93634322100006,24.710953453282912],[120.93642806199996,24.710880754282933],[120.93648417100007,24.710827697282898],[120.93657200699995,24.710823726282928],[120.93664485700005,24.710830149282916],[120.93673907700013,24.710841032282932],[120.93685336300007,24.710849504282926],[120.93689225500009,24.710846964282986],[120.93700524700002,24.71084971328294],[120.93707936000013,24.710857281282948],[120.93716596700008,24.7108567502829],[120.93727140100012,24.710856099282935],[120.937375546,24.710850877282951],[120.93744056400007,24.710814962282914],[120.93751559000007,24.710774392282936],[120.93753542100001,24.710738753282921],[120.93752882799998,24.71069410328295],[120.93750720700007,24.710654125282932],[120.93748155700008,24.7105775152829],[120.93746725399998,24.710507699282893],[120.93745300000003,24.710444762282933],[120.93747896000006,24.710388452282892],[120.93751479099998,24.710308020282898],[120.93754703400008,24.71025282428295],[120.93757266899998,24.710150673282943],[120.93763463800005,24.710039140282941],[120.937670518,24.709965598282906],[120.93771155600001,24.709911479282955],[120.93776248800005,24.709836688282902],[120.93780356600008,24.709788312282893],[120.93785716600007,24.709735271282948],[120.93790958200006,24.709692543282973],[120.93791826200007,24.709677595282969],[120.93798558500004,24.709613022282969],[120.938145252,24.709472240282953],[120.93818513400004,24.709431888282989],[120.93822131100001,24.709400727282905],[120.93824869900004,24.709368470282982],[120.938314683,24.709292439283001],[120.93841196100006,24.709203609282941],[120.93845436600009,24.709165535282992],[120.93848554300001,24.709136692282993],[120.938530352,24.709083710282972],[120.93863540299996,24.709029212282985],[120.93875148200001,24.708936822282979],[120.93889518700007,24.708846567282976],[120.93902645700011,24.708772414282979],[120.93913903000009,24.708716724282983],[120.93922671300005,24.708690975282984],[120.93934950800008,24.70866042628294],[120.93943225800001,24.708647312283013],[120.939507143,24.70858726628293],[120.93957324200004,24.708527278282943],[120.93972789799997,24.708387674282953],[120.93982670500006,24.708337796282994],[120.93988185000001,24.708325998282994],[120.93995834800003,24.708316358282904],[120.94010300300009,24.708359006282976],[120.94016080499999,24.708367823282991],[120.94022232600001,24.708369735282972],[120.94030520700004,24.708374958282953],[120.94048099500002,24.70838303828301],[120.94057987300003,24.708343477283019],[120.94070862400011,24.708268201283008],[120.94080850500002,24.708193095283004],[120.94086085400009,24.708141209282989],[120.94092183899998,24.708067503282926],[120.94103649400007,24.707952208282975],[120.94110757100007,24.70788645128297],[120.94120733899997,24.707795318282969],[120.94132086400006,24.70769721228304],[120.941401957,24.70762795728298],[120.94151941800013,24.707553904282996],[120.94162433600002,24.707481065282998],[120.94173564299999,24.707424226283006],[120.94181823100007,24.707388198282963],[120.941918406,24.707354352283009],[120.94206131900003,24.707329406282973],[120.94220553099996,24.707310186282996],[120.9423272680001,24.707307136283003],[120.94249932700005,24.707320971283],[120.94266268500006,24.707346324282952],[120.94281875700008,24.707406089283015],[120.9429446500001,24.70745801728296],[120.94305180400009,24.707522685282978],[120.94319664500007,24.707591684282999],[120.94330724699999,24.707611624282965],[120.94346793700007,24.707615224283],[120.94362105100002,24.707611987283006],[120.94373137400011,24.70759296828302],[120.94384176900009,24.707584261283003],[120.94394087600004,24.707576776282931],[120.94406269300005,24.707585193283002],[120.94414440800006,24.70760301728297],[120.94424248900012,24.707627640282961],[120.94432307500003,24.70766265728302],[120.9444228210001,24.707744538283041],[120.94448092000003,24.707794598283005],[120.94453260300006,24.707825206282966],[120.94460310600002,24.707854585282998],[120.94469732399997,24.707865462283003],[120.94484419400007,24.707866844283043],[120.94495212900003,24.707865033282975],[120.94502241599999,24.707864598283017],[120.94511427400003,24.707896114282963],[120.94518376700002,24.707959846283003],[120.94522825600004,24.708037492283026],[120.94526769100003,24.708110595282939],[120.94530831800003,24.708174505282987],[120.945349049,24.708253313282931],[120.94539241500006,24.708349313282973],[120.94540795999998,24.708416818282966],[120.945403564,24.708503936282973],[120.945381471,24.708573972282991],[120.94534428500006,24.708639516282993],[120.94529479399995,24.708739516283014],[120.94526902000004,24.70882103828291],[120.94525335800009,24.708912801282946],[120.94525887900008,24.708982666282953],[120.94529071700006,24.709046639282928],[120.94533056600008,24.709177018282954],[120.94536007500002,24.709266223282963],[120.94536310300012,24.709338391282987],[120.94537407200004,24.709467813282945],[120.94539222000004,24.709547913282901],[120.94540661699999,24.709630324282887],[120.94543642400002,24.709760774282941],[120.9454896340001,24.709829194282907],[120.94554264900003,24.709870132282916],[120.94562068200003,24.709899441282936],[120.945700933,24.709887480282937],[120.94578480700001,24.709856026282903],[120.94584606400008,24.709821270282962],[120.94594120300006,24.709785153282994],[120.94603403600001,24.709777702282913],[120.94622236200006,24.709783413282945],[120.94635042600008,24.709787205282893],[120.94649509899997,24.709832157282897],[120.94663987099996,24.709890841282935],[120.94674068700013,24.709946358282902],[120.94683027399999,24.710011117282942],[120.94687843400007,24.71007499428298],[120.94692684900008,24.710174381282958],[120.94699643999998,24.710251873282964],[120.94705204800005,24.710304242282952],[120.94719740700008,24.710444283282897],[120.94725923300007,24.710488600282918],[120.94730834800011,24.710511205282913],[120.94740924900012,24.710578189282867],[120.94753906900002,24.710651864282923],[120.94760453600013,24.71067895428294],[120.94766993600001,24.710696891282915],[120.94770400100001,24.710720746282931],[120.94776457000002,24.710765056282959],[120.947841582,24.710826460282881],[120.94788979100008,24.710897217282962],[120.94793177400001,24.710974868282896],[120.94795967600011,24.711014794282924],[120.94798661199999,24.711094844282886],[120.94808267300006,24.711187069282875],[120.94815568800004,24.711216411282905],[120.94829130600009,24.711223582282869],[120.94838299299995,24.711231033282861],[120.948494135,24.711219468282881],[120.94859372000006,24.711209103282922],[120.94875425000011,24.711189773282918],[120.94888475900008,24.711184383282923],[120.949093132,24.7111842372829],[120.94918103699997,24.711189413282877],[120.94928785500002,24.711205936282923],[120.94956402600006,24.711207664282885],[120.94963684500011,24.711209503282948],[120.94978991400001,24.711199378282913],[120.949881082,24.711134646282897],[120.94999163,24.710972391282969],[120.95008867700004,24.710852612282913],[120.95015538200005,24.710703244282911],[120.95020370000006,24.710614699282949],[120.95023923300006,24.710494159282934],[120.95030939900001,24.710302366282971],[120.95041093799998,24.710109221282984],[120.95046923700008,24.710012607282884],[120.950623799,24.709861534282915],[120.95074476099997,24.70975078328291],[120.95080138200002,24.709595724282956],[120.95082600500002,24.709529117282951],[120.95085017699999,24.709399473282982],[120.95088128000006,24.709187289282919],[120.95092301999996,24.70905755128295],[120.95094512400011,24.708989815282937],[120.95096254899997,24.708794900282975],[120.95097262199999,24.70862523528297],[120.95096915200006,24.708492322282989],[120.95096659700002,24.708312451283028],[120.95096289500006,24.708147460282973],[120.95091096900005,24.707909444283011],[120.95089280600003,24.707828198282947],[120.9509097780001,24.707744435282937],[120.95094712700009,24.707701805282966],[120.95104362700008,24.707680583282976],[120.951199285,24.707681907283011],[120.95134358699997,24.707675280282995],[120.95144270500005,24.707668930282995],[120.95155438200008,24.70766364828301],[120.951697405,24.707653591282977],[120.95181644799999,24.70762535128295],[120.95189516900001,24.70757559228301],[120.95195495499999,24.707511055282989],[120.95200280300004,24.707358349282977],[120.95204591600006,24.70724463828299],[120.95207772700002,24.707130994283002],[120.95213693200006,24.706986246283019],[120.952182587,24.706877094282955],[120.95222338700002,24.706790900283021],[120.95227406100003,24.706681732282973],[120.95232855000009,24.706579408283019],[120.95238936000005,24.706482777283021],[120.95245652400001,24.706397566282995],[120.95252134400005,24.706335271282992],[120.95260754700007,24.706278587283006],[120.95270514800008,24.706236735283014],[120.9528342980001,24.706217590283021],[120.95288069700003,24.706211574282982],[120.952974743,24.706198385283038],[120.95305125600011,24.706191031282966],[120.95313647600004,24.706172161282996],[120.95321403199999,24.706135013283028],[120.95329389400003,24.706070347283021],[120.95333968100009,24.705979533283053],[120.95334816099997,24.705937082283011],[120.95336625700004,24.705836138283004],[120.95337100399999,24.705798290283077],[120.95337305900001,24.705735253282999],[120.95334866900012,24.705660921282998],[120.95330525000007,24.705558070283011],[120.95326963600006,24.705492962283035],[120.95322784700008,24.705442812282982],[120.95318480000006,24.70539151628299],[120.95308478000003,24.705272974283044],[120.95301271600012,24.705201218283069],[120.95297223500008,24.705157929283036],[120.95291912099999,24.705103263283057],[120.95289359500012,24.705044982283027],[120.95286902600004,24.704945442283044],[120.95283662200001,24.704803554283036],[120.95282618000005,24.704748612283019],[120.95281566499999,24.704683365283039],[120.95282664,24.704638605283073],[120.95282188899996,24.704502269283076],[120.9528309670001,24.704369289283076],[120.95283564900004,24.704322278283009],[120.95286656300003,24.704257921283109],[120.95288882600008,24.704211945283031],[120.95296847200011,24.704117493283039],[120.95301718900006,24.704085104283021],[120.95306625500002,24.704073397283029],[120.95309613000009,24.704066269283064],[120.95317394000004,24.704064648283108],[120.95323160300002,24.704053968283109],[120.95329558099999,24.704048985283062],[120.95340098799998,24.704044893283076],[120.95351531200006,24.704059077283087],[120.95359948300009,24.704068861283009],[120.95366608800009,24.704079907283027],[120.95379299800004,24.704098590283074],[120.95386206200007,24.704102746283066],[120.95400793100004,24.704139656283001],[120.95407317400011,24.704135811283042],[120.95414739300004,24.704158270283031],[120.95420894600007,24.704164753283127],[120.95433459900006,24.704183455283069],[120.95444662300008,24.704226294283067],[120.95451340300004,24.704261417283043],[120.95457499599999,24.704273624283072],[120.954651791,24.704305230283026],[120.95478015500008,24.704351406283017],[120.95486593100007,24.704409306283008],[120.95491015800009,24.704450292283031],[120.954960648,24.704488941283039],[120.9550136270001,24.704525272283014],[120.95509936100002,24.704577447283075],[120.95519529999996,24.704652485283059],[120.95524835600008,24.704699125283007],[120.95529390600002,24.70474926828307],[120.95534693099998,24.704791331283094],[120.95543670700013,24.704881301283073],[120.95551143899999,24.704974789283074],[120.95557101100003,24.705054630283016],[120.95561556600001,24.705140298282988],[120.95567278600004,24.705241914283061],[120.95573999300009,24.705335464283063],[120.95580072300004,24.705401546283014],[120.95583118099998,24.705447186283067],[120.95587931500008,24.705507629283012],[120.9559237110001,24.705571519282948],[120.95602755100001,24.705696906283034],[120.95610974100005,24.705780049282971],[120.95616670600005,24.70584615628303],[120.95627304700005,24.705970395283018],[120.95636040200009,24.706072978283061],[120.95642377500009,24.706157388283017],[120.95649201800006,24.706221122283047],[120.956550329,24.706299817282993],[120.95661620800001,24.706383053283037],[120.95667704800009,24.706464041282981],[120.95672386400004,24.706515310283063],[120.95678328000008,24.706573373283067],[120.95686508200002,24.706602668282997],[120.95694164700004,24.706602185283042],[120.95703063600001,24.706584432282991],[120.95709333700006,24.70657602628301],[120.95722622499994,24.706553419283004],[120.95736913100006,24.706527313283072],[120.95747573700008,24.706515191282961],[120.95757369900002,24.706522596283033],[120.95771430000002,24.706525155282982],[120.95781996900006,24.70655657728301],[120.95794831200011,24.706599310282986],[120.95804014100005,24.706626240282986],[120.95811444400009,24.706660156282954],[120.95817041800002,24.706678834282989],[120.95820237699999,24.706714451282998],[120.95825294000011,24.706741002282982],[120.95832209400014,24.70675581028296],[120.95843021500001,24.706772850282942],[120.95850311300001,24.706769276283005],[120.95857221300005,24.706749640282993],[120.95861616600003,24.706720851283006],[120.95875562200003,24.706678119283016],[120.95890389100012,24.706643408282989],[120.95898683100005,24.706630629283001],[120.95910246100001,24.706624691282951],[120.95924578100008,24.706642825283037],[120.95934259100001,24.706658733283017],[120.9594231330001,24.706724060283001],[120.95946843500002,24.706759582283009],[120.959569168,24.706877705283002],[120.95961327000012,24.706953423282968],[120.95966369700002,24.707052111282959],[120.95970912699995,24.707172612282978],[120.95974066399999,24.707247207283022],[120.95976717599996,24.707327560283002],[120.95983279000006,24.707495134283011],[120.9598630720001,24.707570874282979],[120.959913547,24.70770400828297],[120.95995766899999,24.707788924282983],[120.96001309100005,24.707865776282937],[120.96007481100001,24.707952955282956],[120.9601466360001,24.708072270282962],[120.96016939800005,24.708164098282914],[120.9602261250001,24.708271971282972],[120.96032308200006,24.708386643283038],[120.96039603400004,24.708418678283021],[120.96050671300006,24.708462128282985],[120.96055209800009,24.708551623282915],[120.96055096000006,24.708630868282992],[120.96054862499997,24.708751473282931],[120.96054498500001,24.708838761282944],[120.96058163600004,24.708969625282958],[120.960630788,24.709057965282966],[120.96074026600002,24.709139316282943],[120.96083214699998,24.709219561282922],[120.96092399600003,24.709279121282968],[120.96106107200001,24.709323668282916],[120.96114785200008,24.709354539282899],[120.96122708499996,24.709385403282962],[120.96132893700005,24.70941048428292],[120.96144586400011,24.709427506282903],[120.96155146999999,24.709439957282946],[120.96167339200004,24.709437451283009],[120.96185437600002,24.709423350282915],[120.9619725470001,24.709432336282926],[120.96204295900004,24.709447144282926],[120.96213103300008,24.70950441728295],[120.96222669100005,24.709586936282939],[120.96226952599997,24.709652324282938],[120.96230353300002,24.709698208282902],[120.96232759200008,24.709816455282922],[120.96233533500002,24.709948509282913],[120.96232040500001,24.71004846328292],[120.96231049900008,24.710148391282939],[120.96229430800007,24.710247197282929],[120.96227938299998,24.710352875282975],[120.96226825400005,24.710474633282921],[120.96225958600006,24.710561939282943],[120.96225217300004,24.710646934282959],[120.96224976100001,24.710714693282888],[120.96226496300002,24.710791614282936],[120.96228521200014,24.7108834582829],[120.96233181400005,24.710946545282873],[120.96240102100002,24.710992365282927],[120.96246518600002,24.711031287282953],[120.96254819100002,24.711059864282923],[120.96262868200002,24.711088443282886],[120.96270791800011,24.711118157282939],[120.96275571099999,24.711135307282944],[120.96282743100004,24.711182264282925],[120.96295325900005,24.711267030282912],[120.96305138400011,24.71131969228291],[120.963124364,24.711368944282906],[120.963240078,24.711414676282864],[120.96330549700008,24.711450174282874],[120.96336713200003,24.711477628282932],[120.96350922899998,24.711514129282921],[120.96358970399996,24.711532359282835],[120.96367269599999,24.711551737282935],[120.96372802000003,24.71156312828289],[120.963819766,24.711551493282908],[120.96390650500008,24.711555921282915],[120.96394291600005,24.711529456282861],[120.9640044480001,24.711489139282907],[120.96405717500009,24.711445409282927],[120.96410735100007,24.711377560282912],[120.96412606700002,24.711286798282863],[120.96417117300003,24.711190229282863],[120.96422006999998,24.711107466282943],[120.96427269600007,24.710998276282883],[120.96434540500003,24.710869516282894],[120.96440818599999,24.710825769282913],[120.96449475100006,24.710714204282922],[120.96454492800004,24.710648659282921],[120.96459138300007,24.710611823282893],[120.96465666599995,24.710560031282863],[120.96472574100007,24.710522009282929],[120.9647935930001,24.710503517282902],[120.96489160100012,24.710480372282948],[120.96494563600007,24.710471094282894],[120.96504237799999,24.710441060282889],[120.96513031100007,24.710403005282945],[120.96518557500012,24.71037419928296],[120.96526470400009,24.710332712282895],[120.96537267800014,24.710250981282897],[120.96543291200004,24.710186549282898],[120.96545297700003,24.710155513282896],[120.96551068000008,24.710078465282919],[120.96556460400002,24.709995676282904],[120.96562608300007,24.709923215282959],[120.96572022900001,24.709839207282929],[120.96578549400009,24.70977592228294],[120.96581688800003,24.709755197282924],[120.96589097900004,24.709709122282923],[120.9659927360001,24.709671045282875],[120.96604173700007,24.709658327282895],[120.96611964500003,24.709643255282892],[120.96621266599999,24.70964539028288],[120.9662705070001,24.709657918282947],[120.96637238299999,24.70969680128297],[120.96640761000005,24.709717402282973],[120.96647557199999,24.709771266282903],[120.96654099,24.709806744282904],[120.96663660999999,24.709865146282947],[120.96674227300004,24.709914348282933],[120.966908332,24.710003633282948],[120.96701528200008,24.710071202282943],[120.967081956,24.710106691282931],[120.96714109,24.710142185282951],[120.96722036499997,24.710197171282882],[120.96740533200001,24.710318583282874],[120.96748712100012,24.710373560282896],[120.96758529799999,24.710457222282901],[120.96762935500007,24.710497339282931],[120.96768977000011,24.710547758282917],[120.96775524200009,24.710620001282866],[120.96783713200001,24.71073815328295],[120.96791267600007,24.710819554282935],[120.96797438200009,24.710891806282874],[120.96804107700002,24.710938769282929],[120.96810650300004,24.710979999282891],[120.96825369200005,24.711056676282919],[120.96833672099999,24.711100166282876],[120.96845119500004,24.711155093282883],[120.96857823800008,24.711211144282917],[120.96871393500011,24.711172998282873],[120.96883326600003,24.711118806282922],[120.96894745200007,24.710989981282921],[120.96900520900014,24.710949680282866],[120.96913710500003,24.710893168282993],[120.96921001300004,24.710894186282889],[120.96935080800004,24.710900824282902],[120.96955449200003,24.710933775282879],[120.96963248200008,24.710969238282892],[120.96969534200002,24.710974857282903],[120.9697644920001,24.710983926282946],[120.96983235100001,24.710973468282877],[120.969978059,24.710906594282864],[120.97014141400008,24.710870700282911],[120.97023065500002,24.710868236282881],[120.97030732400005,24.710862355282924],[120.97037775699999,24.710889797282881],[120.97044193000008,24.710931028282914],[120.9705237280001,24.710990595282876],[120.97061688400001,24.711076568282881],[120.97068361400001,24.711147646282896],[120.970733963,24.711190047282944],[120.97078813200004,24.711264608282889],[120.97080461800007,24.711357607282945],[120.97078723600005,24.71149315128288],[120.97077354000008,24.711575869282882],[120.97074348999999,24.711651723282849],[120.97070839,24.711712652282905],[120.97068211000004,24.711786204282863],[120.97065329900006,24.711848270282946],[120.97067235400006,24.711974568282908],[120.97075293700006,24.71206170128292],[120.97083221000003,24.712110941282916],[120.97094546199999,24.712188846282878],[120.97105993800004,24.712243763282888],[120.97115050799999,24.712284942282825],[120.97128507800005,24.712329489282865],[120.97138068100006,24.712372962282913],[120.97146746900005,24.712407260282902],[120.97154670800001,24.71243697028288],[120.97164352700011,24.712455173282869],[120.97171642100002,24.71244815328291],[120.97175913099998,24.712428552282898],[120.97182062500001,24.712366417282905],[120.9718934120001,24.712291637282934],[120.97198003299998,24.712220281282907],[120.97206157700006,24.712120223282881],[120.97217833500005,24.712029280282898],[120.97224616299997,24.71199699628291],[120.97231397299998,24.711953229282923],[120.97233907900011,24.711933659282895],[120.97240191400007,24.71192320628284],[120.97246728500005,24.711926532282845],[120.97253895800006,24.711941325282915],[120.97258926900003,24.711960772282847],[120.97263837199999,24.712011216282914],[120.972667354,24.712055949282885],[120.97268250600001,24.712098415282835],[120.97270268600001,24.712139724282899],[120.97273671200004,24.71219365228292],[120.97277197600015,24.71223722128288],[120.97281096000007,24.712248640282933],[120.97285496000006,24.712249704282936],[120.97290017100011,24.712224360282882],[120.97293909700009,24.71219902328291],[120.97297046200003,24.712161063282881],[120.97301561499997,24.712098954282904],[120.97305199000004,24.712049509282885],[120.97311226600004,24.712012647282869],[120.97317882700004,24.711973484282908],[120.97328184400003,24.711938850282877],[120.97346653600005,24.711883374282916],[120.97354319400009,24.711871750282846],[120.973617343,24.71186357328288],[120.97367265400005,24.711863474282957],[120.97373677900012,24.711874845282935],[120.97378454699997,24.711877065282934],[120.97387160000008,24.711823439282846],[120.97388248600009,24.711809123282897],[120.97390250700008,24.711752805282856],[120.97396894500004,24.711637834282939],[120.97401401700006,24.711527513282881],[120.974054119,24.711450477282899],[120.97412811800007,24.711349278282885],[120.97422468999999,24.711213592282938],[120.97432007400008,24.711121542282875],[120.97442684300002,24.71107425928296],[120.97452867100002,24.711080957282977],[120.974677012,24.711091023282926],[120.97483917200013,24.711095321282929],[120.97492836700003,24.71106184728291],[120.97502507000004,24.71100999428289],[120.97509412100007,24.710957044282946],[120.97516189200007,24.710891451282929],[120.97522586100006,24.710806349282905],[120.97527977500008,24.710718967282887],[120.975312304,24.710627033282915],[120.97535992800013,24.710538515282884],[120.97541255200002,24.710431615282907],[120.97547008000001,24.710251202282919],[120.97551768200005,24.710151199282897],[120.97559787,24.709990265282993],[120.97565299100003,24.709875322282905],[120.97568431500007,24.70981209728291],[120.975739424,24.709690272282959],[120.97577703600008,24.709629325282982],[120.97580457199996,24.709556920282949],[120.97581955899994,24.709497171282976],[120.97580311200011,24.70943059128297],[120.97578543300006,24.709382392282976],[120.97576396400007,24.709319268282918],[120.97568469499998,24.70927003228292],[120.9755311780001,24.709166944282927],[120.97538901500005,24.709091412282984],[120.97527830000003,24.709028445282922],[120.9751751350001,24.708971205282982],[120.97505311400005,24.70891400628296],[120.97493486699994,24.708855660283024],[120.97483294700002,24.708791513282964],[120.97470460699999,24.708711370282984],[120.97456873999994,24.708642709282984],[120.97455479500002,24.708566937282942],[120.97467524200005,24.708430039282987],[120.97479952100005,24.70832875728296],[120.97489359200009,24.708204546282996],[120.975020331,24.708069948282958],[120.97519092900009,24.707853730283016],[120.97526240800005,24.70774909028297],[120.97533014000007,24.707659391282931],[120.97545684999999,24.707509861282986],[120.97555597200001,24.707399429283001],[120.97561114500004,24.707316634282993],[120.975720323,24.707207324282997],[120.97579059300007,24.70713255928295],[120.97590862800004,24.707058830282975],[120.97605052200008,24.706971284283025],[120.97614345000004,24.706918282282999],[120.97622884000006,24.706865315282961],[120.97635693200002,24.706793881283001],[120.97648620499999,24.706675328282969],[120.97659413700002,24.706571775283027],[120.97666190900011,24.706508494283025],[120.97667818400005,24.706469411282985],[120.97667174800004,24.706375250283017],[120.97664516900007,24.706262749283034],[120.97654680100001,24.706063108283036],[120.97649508500001,24.705951793282985],[120.97641318300005,24.705825613283022],[120.97634639800005,24.705724670283029],[120.97622038399999,24.705528519283057],[120.97615358599998,24.705416073283072],[120.97611195099999,24.705319694283009],[120.976018678,24.705160231283049],[120.97592294700009,24.705035221283012],[120.97582476000004,24.704944674282977],[120.97570023600004,24.70488977028306],[120.97558453300005,24.704850936283044],[120.97540848000007,24.704800725283061],[120.97527521300005,24.704781446283064],[120.97517080700001,24.704729956282982],[120.97510033900005,24.704680702283085],[120.9750298350001,24.704609624283062],[120.974915255,24.704485793283027],[120.97480076400005,24.704418248283044],[120.97464105200007,24.704368014283059],[120.97443614200007,24.704348854282994],[120.97432552000006,24.704341017283053],[120.97420108100007,24.704340093283061],[120.97409551300005,24.704349474283035],[120.97395854600008,24.704371544283095],[120.973832894,24.704399330283081],[120.97371352500006,24.704423669283056],[120.97360925400007,24.704457166283071],[120.97354018700001,24.704497484283021],[120.97337182700004,24.704541434283026],[120.97327126900005,24.704539313283025],[120.97317318500002,24.704510782283062],[120.97309016799998,24.704474183283057],[120.97303731899997,24.704438672283054],[120.97292528100004,24.704333215283025],[120.972790698,24.704273745283089],[120.97267501600003,24.704246394283047],[120.97258952800006,24.704236222283075],[120.97251661300007,24.704228297283048],[120.97246001400001,24.704205428283029],[120.97242980100006,24.704175626283046],[120.97237811800005,24.704081546283078],[120.97234149000005,24.703971353283112],[120.9723023160001,24.703838209283113],[120.97227202600007,24.703761315283067],[120.97224677800001,24.703692446283057],[120.97221266799997,24.703582253283088],[120.97218734300007,24.70346631128308],[120.97217837399997,24.703360674283051],[120.97218704999997,24.70328254928307],[120.97221835199997,24.703206696283114],[120.97223836300005,24.703143499283115],[120.97228475699998,24.703072216283083],[120.97233370000004,24.703023885283077],[120.972508199,24.702891502283059],[120.9725483520001,24.702847782283087],[120.97267765900004,24.702752229283078],[120.972790644,24.702664743283133],[120.97290234099999,24.702558883283068],[120.97298642700004,24.702479489283085],[120.97304669800005,24.702441481283042],[120.97307052500004,24.702405831283119],[120.97313953,24.702327617283128],[120.97312308200006,24.702259890283123],[120.97307008700004,24.702131348283149],[120.97304110300001,24.702084312283077],[120.97300573400001,24.701975275283115],[120.97299428300006,24.7018868612831],[120.97298917799999,24.701839786283102],[120.97301297600011,24.70178807328309],[120.97303303600005,24.701754725283084],[120.97310332400001,24.701693729283104],[120.97318489000011,24.701609749283076],[120.97325642300009,24.701540712283151],[120.97333296200011,24.70145788728313],[120.97339321000003,24.701406081283118],[120.97345469900004,24.701342828283121],[120.97350866300006,24.701292185283101],[120.97357016400008,24.701235804283144],[120.97361654800004,24.701161071283089],[120.97362525200005,24.701102476283133],[120.97361887900004,24.701045061283093],[120.97359110800004,24.700971617283138],[120.97355076500001,24.700894738283171],[120.973544358,24.700820104283132],[120.97355307700002,24.700768401283121],[120.97356936900003,24.700737361283121],[120.97362460699999,24.700697085283089],[120.97370748200001,24.700647523283159],[120.97374885600006,24.700583146283172],[120.97376008500008,24.700530303283138],[120.9737536340001,24.70042695128312],[120.97373083600007,24.700316741283146],[120.97371564500007,24.70025015228315],[120.97369283700003,24.700135347283148],[120.97372159200002,24.700038827283173],[120.97373783000005,24.699974480283174],[120.97379178499996,24.699918105283118],[120.9738632450001,24.699804283283118],[120.97392218800009,24.699722637283209],[120.97395601900004,24.699655967283118],[120.97399736300009,24.699574354283119],[120.97401860400007,24.699495066283124],[120.9740511120001,24.699388209283168],[120.9740585510001,24.699323881283178],[120.97406476400006,24.699279090283113],[120.97406972600004,24.699238877283165],[120.97407839700007,24.699158459283179],[120.97408586400005,24.699112503283196],[120.97408324600009,24.699048200283112],[120.97408818400007,24.698993062283158],[120.974084292,24.698916129283202],[120.97408167199997,24.698850670283203],[120.97407654499999,24.698787504283136],[120.97405377700004,24.698697971283185],[120.97402223300004,24.698623379283234],[120.97399699199997,24.698556815283141],[120.97396042000004,24.698481083283191],[120.9739276470001,24.698420269283119],[120.97390239199997,24.69834796328319],[120.97387276399999,24.698248498283139],[120.97386035999993,24.698171326283223],[120.9738513330001,24.698069057283202],[120.97385234400009,24.697955267283202],[120.97385466800002,24.697866777283178],[120.97385321200008,24.697774837283205],[120.97387806700009,24.697632296283135],[120.97390294100002,24.697497789283204],[120.97392784900002,24.697381674283186],[120.97396659100005,24.697260939283147],[120.97399404699999,24.697158613283218],[120.97401398899996,24.69707009828327],[120.97401006300001,24.697001136283237],[120.97399358800006,24.696944858283217],[120.97393686100007,24.696893230283194],[120.97380969100004,24.696845166283229],[120.97366868800006,24.696801713283183],[120.97354406699999,24.69676972928329],[120.97340692,24.696761896283171],[120.97325341300011,24.696754092283236],[120.97310749900009,24.696765824283226],[120.97301945300001,24.696775161283213],[120.97295152700006,24.696779854283232],[120.97291507999999,24.696797146283156],[120.97289122400004,24.696820166283199],[120.97285615300008,24.696891485283231],[120.97280098700007,24.696980065283181],[120.97273818400002,24.697028422283186],[120.97267028000009,24.697043469283198],[120.97257339600004,24.697039027283186],[120.97248404100003,24.69702536728321],[120.97235311000011,24.696983063283163],[120.97224355700003,24.696938413283206],[120.97217178400005,24.696908641283226],[120.97209246600005,24.696882334283185],[120.97200429600004,24.696835352283198],[120.97193000600011,24.696805579283236],[120.97187207100004,24.696775781283257],[120.97180149200003,24.696717298283211],[120.97176229900001,24.696627717283274],[120.97173693600001,24.6965335152832],[120.97172286600002,24.69642550228323],[120.97169865900007,24.696284188283187],[120.97168971200003,24.696219847283196],[120.97166932700011,24.696099201283246],[120.97163386000003,24.695986633283258],[120.97159716500001,24.695887861283261],[120.97151889900009,24.695765000283227],[120.97145330500011,24.695683513283239],[120.97137384200001,24.695588245283254],[120.97127550900002,24.695493009283275],[120.971119241,24.695370277283253],[120.97103233599999,24.695323303283281],[120.97091019900002,24.695275219283211],[120.97079692400006,24.695253564283284],[120.97072393599998,24.695244484283243],[120.97064340900008,24.695240000283228],[120.97055779900009,24.695211406283256],[120.97055633900004,24.695117174283286],[120.97057637900002,24.695074616283229],[120.970591203,24.694947023283227],[120.97059212999999,24.69479187528329],[120.97061214000003,24.694735530283239],[120.97060442300004,24.694657393283258],[120.97059548199999,24.694593054283263],[120.97054877600014,24.694518413283312],[120.97048448799997,24.694459903283271],[120.9703949340001,24.69435315728332],[120.97035333000002,24.694310705283279],[120.97029654900005,24.694231501283294],[120.970184299,24.694100651283307],[120.97006705099999,24.693983608283315],[120.97000908300008,24.693936575283232],[120.96991584200008,24.693870068283331],[120.96978853700003,24.693757634283266],[120.96971799000004,24.693714075283307],[120.96948624299996,24.693588014283261],[120.96939052900004,24.693541044283286],[120.96918652700005,24.693449424283266],[120.96911353000003,24.693434583283274],[120.96902286400008,24.693394505283337],[120.96890580799999,24.693368251283296],[120.96876606300006,24.693320197283231],[120.96867920500009,24.693296201283292],[120.96860113500009,24.693262975283286],[120.96850292100005,24.693221767283259],[120.96842484500009,24.693187414283358],[120.96834167000003,24.693117433283245],[120.96829746600011,24.693037049283255],[120.9682606920001,24.692899200283307],[120.96821377100002,24.692722290283328],[120.96817950900002,24.692582119283284],[120.9681364600001,24.692452322283295],[120.9680871490001,24.692336328283297],[120.96804417000011,24.69223755328337],[120.96797215100001,24.692089403283287],[120.96790517100007,24.691945858283322],[120.96786859000007,24.691899949283339],[120.96780433800009,24.691856362283286],[120.96774640200007,24.691824280283303],[120.96759273699999,24.691737165283289],[120.96742145800012,24.691648944283358],[120.96734213000001,24.691614588283272],[120.96729933700014,24.691605453283312],[120.96715579000006,24.691542465283348],[120.96709027799997,24.691498903283378],[120.96699196600002,24.691410555283362],[120.96691763700007,24.691361250283276],[120.96683328500002,24.691330344283298],[120.96664073000007,24.691293869283303],[120.96646830900011,24.69126079628332],[120.9664166580001,24.691226401283313],[120.96637376400008,24.691169006283364],[120.966343443,24.691108137283312],[120.96632187999998,24.691023126283376],[120.96628515000005,24.690903658283347],[120.96621695900001,24.690781936283326],[120.96618657400006,24.690691199283364],[120.96614494600009,24.690637251283345],[120.96606160300004,24.690487968283342],[120.96600727599998,24.690376569283359],[120.96601210200002,24.690277724283362],[120.96606099100008,24.690193758283343],[120.96614385000008,24.690113177283333],[120.96619271600004,24.690018865283353],[120.96621390100002,24.689922288283348],[120.96624007199996,24.689805028283345],[120.96624617700003,24.689715374283381],[120.96625988400001,24.689653296283385],[120.96633262799999,24.689547451283342],[120.96639404500002,24.689439317283369],[120.96644034300003,24.689320878283336],[120.96644143900004,24.689243883283375],[120.96641988900001,24.689165769283399],[120.96636440300004,24.689102638283405],[120.96624467600007,24.688998237283389],[120.96616782000001,24.688942026283353],[120.96602672700006,24.688849168283404],[120.96590454600002,24.688774645283363],[120.96577731300015,24.688692093283379],[120.96569669300006,24.688640502283373],[120.96554676499997,24.68853271128334],[120.96533506500003,24.688362921283414],[120.9652821210001,24.688311291283394],[120.96521778500002,24.688225196283398],[120.96516344900006,24.688109200283389],[120.9652122780001,24.687997653283404],[120.96529957800013,24.687910755283408],[120.96534409600007,24.687866440283383],[120.96542947100015,24.687787007283386],[120.96549849399997,24.687706460283387],[120.96560141899998,24.687594825283384],[120.96567800600009,24.687522305283419],[120.96582741900011,24.68738531028346],[120.96593791400001,24.687286308283444],[120.96598565600004,24.687256352283445],[120.96605595600009,24.687184987283409],[120.96610735300007,24.687099865283376],[120.96615490000009,24.68697681428343],[120.96619498599996,24.686896314283434],[120.96627652499996,24.686787003283445],[120.96637816700002,24.686663883283384],[120.96646849700005,24.686547667283456],[120.96653254100009,24.686493553283423],[120.96658904400005,24.686442906283489],[120.96663803500005,24.686409501283485],[120.96671331399995,24.686313993283388],[120.96675337400006,24.686220843283422],[120.96673930500006,24.686110526283439],[120.96671777800006,24.686042762283432],[120.96665978500006,24.685981939283465],[120.96660176200007,24.685908469283415],[120.96648198999999,24.685782238283458],[120.96638367600004,24.68569044828342],[120.96631439799999,24.685648034283467],[120.96622871000001,24.685579197283445],[120.96618701700001,24.685493071283442],[120.966150274,24.68536785228347],[120.96611867500003,24.685295497283438],[120.966071937,24.685204785283474],[120.96598488200009,24.685081937283442],[120.96586758600004,24.684936157283463],[120.96578565300001,24.684856993283482],[120.96569367000005,24.684784725283464],[120.96557907799998,24.684727439283517],[120.96550100600011,24.684690773283506],[120.96536511000015,24.684673740283426],[120.96520293200004,24.68472111128353],[120.96511872399998,24.684756865283465],[120.96502568800011,24.684782287283436],[120.96495651300008,24.684789285283486],[120.96486587100004,24.684756102283497],[120.964788977,24.684681515283458],[120.96469315900003,24.68457822328352],[120.96464270099996,24.684510504283427],[120.96459219200003,24.68441863228346],[120.96458700800007,24.684346240283521],[120.96458933400005,24.684254291283466],[120.96460302600005,24.68418531428344],[120.96460287100005,24.684110611283483],[120.96459899300005,24.684060047283474],[120.96458882100005,24.684009493283469],[120.96454967699999,24.683938292283433],[120.964514323,24.683875145283448],[120.96443232099998,24.683762638283472],[120.96439819799998,24.683686841283503],[120.96439805500005,24.683617890283486],[120.96446213000003,24.683578711283442],[120.96454010300009,24.683569402283478],[120.96460933700003,24.683592280283506],[120.96467229000011,24.68361861428345],[120.96479449800009,24.683709227283487],[120.96498726900005,24.683853742283464],[120.96508303499998,24.683930599283514],[120.96517876000007,24.683987909283463],[120.96520268400003,24.683999372283509],[120.96527445000001,24.684029146283486],[120.96540411500008,24.684074916283546],[120.96553503000007,24.684116099283489],[120.96566714800008,24.684131985283475],[120.96587221900009,24.684143165283512],[120.96603449200011,24.684141764283485],[120.96616781000004,24.684128929283485],[120.96627215099996,24.68409773128348],[120.96636645400002,24.684075759283438],[120.966458265,24.684066417283468],[120.96651237200003,24.684073227283491],[120.96661433200001,24.684104110283467],[120.96671764100003,24.684178647283503],[120.96681841900011,24.684246304283498],[120.96692797400013,24.684299001283428],[120.96705641300001,24.68436086728347],[120.96725782000004,24.684423771283445],[120.96734969200011,24.684443166283451],[120.96743521100008,24.684432691283476],[120.96751066700003,24.684422228283495],[120.96768802200005,24.684413924283525],[120.96778237300012,24.684416065283433],[120.96787422899999,24.68442741628348],[120.96793586600003,24.684426181283463],[120.9680289600001,24.68442833228346],[120.96812082100007,24.684441987283442],[120.96828814000003,24.684447475283452],[120.96843281600005,24.684451849283459],[120.96857746900001,24.684445875283501],[120.96869068900004,24.684448002283499],[120.96881271900013,24.684451260283502],[120.96891966799997,24.684460294283454],[120.96905176800009,24.684466983283464],[120.969176307,24.684467931283457],[120.96934239599997,24.684484930283443],[120.96954114900008,24.684481177283484],[120.96964806200005,24.684475266283442],[120.96978139100004,24.68446817028347],[120.96995498800003,24.684465596283435],[120.97006564000003,24.68444244028348],[120.97017748699996,24.684389400283543],[120.97027793400001,24.684300759283481],[120.97036084100003,24.684243163283515],[120.97041864800011,24.684216638283456],[120.97047145999994,24.68420621128347],[120.97057463100005,24.684212957283506],[120.97071191400003,24.684292031283473],[120.97079132300004,24.684365469283513],[120.97089347300006,24.684483684283517],[120.97095292800009,24.684638738283471],[120.970989551,24.684705350283465],[120.97107399700005,24.684781063283427],[120.97117859700002,24.684869393283538],[120.97126939100008,24.684972683283469],[120.97137657200007,24.685090898283473],[120.97146753100002,24.685271193283462],[120.97155459800004,24.685395184283426],[120.97164914700014,24.685489264283483],[120.97171712400008,24.685511007283406],[120.97183291699997,24.685538404283463],[120.97201156,24.685542726283469],[120.97210974599996,24.68557245028342],[120.97219788599999,24.685611381283451],[120.97230372600004,24.685689373283424],[120.97238813600009,24.685747839283458],[120.972534243,24.68583266528346],[120.97269154400004,24.685856558283469],[120.97281986100002,24.685858656283397],[120.97296830100005,24.68585612828344],[120.97309663300008,24.68586511628348],[120.97329289199999,24.685870561283402],[120.97340736700005,24.685870373283471],[120.97351047400004,24.685848388283429],[120.97359090300003,24.685810337283481],[120.97368120300006,24.68568262228349],[120.97374260299998,24.685569891283475],[120.97381154099999,24.685453721283469],[120.97389678800005,24.685316823283419],[120.97398329100007,24.68517991828346],[120.97404727500005,24.685099374283467],[120.97412886000005,24.685015347283443],[120.97425570499998,24.684917462283522],[120.97434740500002,24.684855261283435],[120.97446930700005,24.684799898283476],[120.97462643099999,24.684743342283411],[120.97477604200004,24.684701727283432],[120.97502129100008,24.68467606328354],[120.97518609200004,24.684679250283533],[120.975293006,24.684673336283485],[120.97536227900005,24.684655330283515],[120.97540867599999,24.684643272283484],[120.97556197900006,24.684566029283488],[120.97564851600011,24.684444072283522],[120.97579282600006,24.684280657283509],[120.97589698900005,24.6841655662835],[120.97598345000004,24.684011414283443],[120.97602596200007,24.683891827283514],[120.97611874800012,24.683752618283524],[120.97618635400012,24.683603112283507],[120.9762816130001,24.683444365283528],[120.97634929500008,24.683331615283524],[120.97642058600005,24.68314187828355],[120.97642160400004,24.683031556283485],[120.976421355,24.682917775283482],[120.97638706400004,24.682768426283477],[120.97635531000006,24.682628258283515],[120.97636391400007,24.682535154283539],[120.97637129100005,24.682456994283562],[120.97638988800009,24.682332842283508],[120.97638849600004,24.682270787283528],[120.97640715400009,24.682174218283521],[120.97641581000001,24.682105250283502],[120.97641926400003,24.681958135283505],[120.97637241200006,24.681818019283558],[120.97633450500004,24.681739913283486],[120.97630028700006,24.681623888283475],[120.97629494200012,24.681479084283495],[120.97628577400006,24.681312467283558],[120.97630060700006,24.681191763283529],[120.97632296800005,24.681063008283537],[120.97638556399998,24.680924995283576],[120.97651612800004,24.680805276283525],[120.976680687,24.680699275283562],[120.97675101000003,24.680645151283606],[120.97679609500003,24.68055313728355],[120.97680713899996,24.680426690283557],[120.97680808500004,24.680283034283583],[120.97682398400002,24.680073839283594],[120.97684267799997,24.67999451628361],[120.97685493400002,24.67984624728361],[120.97683955300006,24.67971524628361],[120.976792765,24.679603833283622],[120.97674707600005,24.679418890283603],[120.97672664600006,24.679278706283569],[120.97675899800005,24.679117755283563],[120.97678513400001,24.678988982283567],[120.97684389100007,24.678822256283539],[120.97693295999998,24.67871063828364],[120.97703092900009,24.678643821283615],[120.97716531300003,24.678545917283607],[120.97732233800004,24.678447988283587],[120.97741530900011,24.678396123283648],[120.97748063000009,24.678354646283598],[120.97751195100001,24.678295981283615],[120.97751046200008,24.678191391283676],[120.97734258800004,24.677928485283598],[120.97731605500006,24.677876809283582],[120.977260524,24.677791849283668],[120.97720251599999,24.677726436283574],[120.97710405100013,24.677565699283601],[120.97703453900013,24.677417544283614],[120.97698259100001,24.677246388283663],[120.97692940800005,24.677084430283678],[120.97689618600005,24.676847737283637],[120.97688577200006,24.676687996283668],[120.97688056600009,24.676607558283667],[120.9767494810001,24.676487095283658],[120.976668859,24.676432052283634],[120.97657690200002,24.676373594283685],[120.97650373500008,24.676277164283604],[120.97647710000001,24.676177221283609],[120.97646030400004,24.675973828283649],[120.97646624700009,24.675814065283667],[120.97646839400009,24.675645127283637],[120.97651696800003,24.67542438128368],[120.97662604900007,24.67526101428367],[120.97672649100005,24.675174659283623],[120.97689221800009,24.675031886283634],[120.97699262900005,24.674931746283697],[120.97706156800005,24.674820152283694],[120.97709783600013,24.674725861283711],[120.97714673100008,24.674651074283659],[120.97716647700001,24.674477497283689],[120.97718622900005,24.674307371283646],[120.97716089600011,24.674226966283666],[120.977131739,24.674122426283713],[120.97711905000001,24.674073029283715],[120.97706216,24.673942103283718],[120.97699009299998,24.673774418283713],[120.97698989500007,24.673683633283662],[120.97700985500002,24.673648722283698],[120.97712438900008,24.673639739283665],[120.97717598500003,24.673648856283705],[120.97726284800001,24.673682051283713],[120.97732834400001,24.673723312283649],[120.97736870200008,24.673771524283737],[120.97742169600011,24.673846137283686],[120.97749356100009,24.67392073528373],[120.97756537300008,24.673972334283732],[120.97765594500001,24.673975644283662],[120.97775157099994,24.67398812628371],[120.97787231800008,24.673984496283676],[120.97801316100002,24.673967030283752],[120.978152772,24.673961064283699],[120.97829610699998,24.673933247283699],[120.97843066200002,24.673916926283685],[120.97854509999998,24.673904121283694],[120.97871861500002,24.673871661283755],[120.97881793799998,24.673849663283715],[120.97899395700007,24.67381262328367],[120.97915485700004,24.673764080283739],[120.97930570000001,24.673717875283739],[120.9793861310001,24.673684414283727],[120.97951306600014,24.673634793283703],[120.97963996000006,24.673566779283671],[120.97977692000003,24.673499912283738],[120.97984475700002,24.67346072728369],[120.97990000700005,24.673418110283716],[120.97995020200007,24.673362860283678],[120.98003427700009,24.673271941283712],[120.98007050700006,24.673237667283711],[120.98016753800002,24.673125820283694],[120.98022167800005,24.673062662283716],[120.98028084899995,24.673000660283734],[120.980350101,24.672917975283738],[120.98040549000007,24.672867457283747],[120.98045584400005,24.672826129283774],[120.98055528100011,24.672753804283733],[120.98062074000003,24.672703286283742],[120.98067109000009,24.672663107283707],[120.98072019900007,24.672595351283789],[120.98077685699997,24.672531046283709],[120.98082472300003,24.672440315283758],[120.98087635300013,24.672369111283722],[120.98092796100002,24.672326635283763],[120.98098208500009,24.672288750283744],[120.98107145,24.672231356283685],[120.98112431200005,24.672196918283689],[120.9812539630001,24.672105075283739],[120.98133703200004,24.672052285283709],[120.98142891500001,24.671990296283738],[120.98150946500002,24.671948982283705],[120.98162022900011,24.671873206283824],[120.98168945400008,24.671829590283767],[120.98174735699997,24.6717848132838],[120.98179142800008,24.671726249283751],[120.98177638000008,24.671641233283726],[120.98177897000004,24.671516004283767],[120.9817337840001,24.671339060283788],[120.98173255900011,24.671275869283711],[120.98173387800001,24.671180515283737],[120.98169996400004,24.67108399328383],[120.98172264600007,24.671023114283766],[120.98177300699996,24.670970294283745],[120.98182335600006,24.670930113283799],[120.98191145400007,24.670885349283733],[120.98203730500008,24.670829133283796],[120.98212918000003,24.670771741283755],[120.98222609000005,24.670723538283752],[120.98229657300013,24.670679920283796],[120.98235699300007,24.670631694283792],[120.98244510499998,24.670562814283802],[120.98252439699998,24.670512318283791],[120.9825936310001,24.670452609283728],[120.98270064300006,24.670340077283754],[120.98277869100005,24.670268885283818],[120.98287686500009,24.670202309283713],[120.98295114600002,24.670118477283804],[120.98301911899995,24.670062227283765],[120.98308461200006,24.669948525283779],[120.98314253000004,24.66987388128382],[120.98319007500007,24.669813277283783],[120.98318302200002,24.667195768283801],[120.98329536700008,24.667116219283891],[120.98338764600005,24.667079203283841],[120.98348114900001,24.667045643283824],[120.98360597300002,24.66702386328388],[120.9836926740001,24.667035022283834],[120.983774407,24.667040386283823],[120.98389532899998,24.667030051283866],[120.98402887100012,24.667016386283898],[120.98418006600001,24.666999455283825],[120.98432236300006,24.666990460283873],[120.98451634000003,24.666973929283841],[120.98470412600003,24.666948155283837],[120.98488534000001,24.666947576283874],[120.98503165900004,24.66691679528391],[120.98514291400011,24.66687078628383],[120.98524304300011,24.666807441283826],[120.98531547299999,24.666744968283815],[120.98537039800007,24.666673150283827],[120.9854253430001,24.66659903828382],[120.98549107100001,24.666461879283855],[120.98553901500009,24.666339479283941],[120.98558145800004,24.66625835128389],[120.98561610099999,24.666198982283856],[120.98564063100005,24.666144098283851],[120.98566815700002,24.666046762283877],[120.98567845300008,24.665914805283894],[120.98568069600002,24.665827569283874],[120.98568859700003,24.665685269283831],[120.98569335800005,24.665598042283897],[120.98569976600008,24.665476397283872],[120.98570993400001,24.665355928283855],[120.98571090300003,24.665269829283915],[120.9857260030001,24.665158588283859],[120.98574566800004,24.665088743283857],[120.98578828900013,24.664991542283897],[120.98585157799999,24.664847467283884],[120.985883796,24.6647800242839],[120.98592745800008,24.664702363283887],[120.98599552800012,24.664580146283885],[120.98610538199996,24.6644353632839],[120.98615137900003,24.664373798283965],[120.98621249800011,24.664310080283933],[120.98629515000003,24.664233930283942],[120.98637526000002,24.664160052283872],[120.98648334800008,24.664060033283945],[120.98654941100003,24.664004396283865],[120.986600477,24.663939428283914],[120.98666679900005,24.663860831283891],[120.98676600100008,24.663767608283923],[120.98690922900003,24.663675969283876],[120.98702835300006,24.663601312283927],[120.98712964700009,24.663546000283876],[120.98723593100007,24.663494194283942],[120.98737014000007,24.663420829283922],[120.98743224600005,24.663381223283924],[120.98752832400011,24.663341947283875],[120.98763075600006,24.663296984283889],[120.98790116400006,24.663197346283898],[120.98797046900008,24.663188828283907],[120.98808298000007,24.663142809283915],[120.98815746200002,24.663121696283959],[120.988298804,24.663085131283946],[120.98844767400007,24.663050951283967],[120.98859018700003,24.663022430283917],[120.98872383900006,24.662998442283975],[120.98887123200004,24.662983763283911],[120.98898414400003,24.663013530283894],[120.98907703000008,24.663033933283977],[120.98916223800002,24.663065730283961],[120.98924720000002,24.663119358283936],[120.98937067500005,24.663216969283926],[120.98945245900006,24.663329121283958],[120.98957017800004,24.663490979283949],[120.98963311600008,24.663600654283854],[120.9897084710001,24.663725376283885],[120.98977766300004,24.663838557283917],[120.989822987,24.663948060283914],[120.98987469200009,24.664049584283873],[120.989917568,24.664153327283938],[120.98997409900007,24.664273278283911],[120.98998339000001,24.664342260283927],[120.99000789400012,24.664401047283913],[120.99003483700002,24.664466742283917],[120.99006607800004,24.664597942283859],[120.99009739300006,24.664722244283919],[120.99010324600007,24.664761338283867],[120.99014057799997,24.664798439283913],[120.99022089700004,24.664817559283897],[120.99030517099999,24.664820662283883],[120.99040954900012,24.664826231283904],[120.99053915700009,24.66482631128391],[120.99061241800003,24.664801739283924],[120.99063897200008,24.664790509283897],[120.99066961000004,24.66475176028387],[120.99066745500015,24.664719590283873],[120.99066559600008,24.664661002283918],[120.990662648,24.66458749828389],[120.990658443,24.664513976283924],[120.99065965900003,24.664406047283872],[120.99066748800003,24.664269487283946],[120.99067595200005,24.664188047283954],[120.99068726100008,24.664077915283915],[120.99067471000002,24.663962986283909],[120.99067293300006,24.66389751028392],[120.99065882900004,24.663808973283956],[120.99065348300005,24.663725122283953],[120.99064984499999,24.663601066283906],[120.99064322600009,24.663518334283893],[120.99064773799999,24.663452921283991],[120.99061735699999,24.663357331283997],[120.99058274000005,24.663190514283954],[120.99060798700009,24.662959966283985],[120.99061881800002,24.662892321283984],[120.99062965600004,24.662823532283976],[120.99061910900004,24.662754543283949],[120.99061618599998,24.662678737283997],[120.99061206000007,24.662598318283916],[120.99056420400004,24.662489933283911],[120.99056539200004,24.662384314283976],[120.99053531100004,24.662262315284003],[120.99051579500011,24.66209564228399],[120.99049174299998,24.661996666283976],[120.99049295699999,24.661888755283929],[120.99047382200003,24.661800154283974],[120.99044594600002,24.661705747283982],[120.99044374700011,24.661565639283932],[120.990439303,24.661401404283946],[120.99044836800012,24.661267147283951],[120.99044225500005,24.661139643283953],[120.99044214400007,24.66103744428403],[120.99046689100004,24.660963048283996],[120.99047460100007,24.660836818283954],[120.99046624700011,24.660796549283997],[120.99047728200001,24.660710532283989],[120.99052387000006,24.660596160284026],[120.99055101499999,24.660532120283978],[120.99063058599999,24.660393938284006],[120.99068664400014,24.660332466283979],[120.99076807100002,24.660252844283967],[120.99086979800008,24.660158508283978],[120.99101562300008,24.660058841283998],[120.99111213500007,24.659980530283999],[120.99124032200001,24.659882991284015],[120.99136880500009,24.659759051284066],[120.99145531700005,24.659674898284027],[120.99155438199998,24.659593158284011],[120.99167699300007,24.659543777284021],[120.99177156299999,24.659526311284001],[120.99189862200004,24.659528665284007],[120.99199555499997,24.659524978284065],[120.99212662400008,24.65950670128397],[120.99224260600008,24.659487115283945],[120.99237853900004,24.659483809284033],[120.99246404300001,24.659489204284039],[120.99258861300001,24.659489237284021],[120.99269973600006,24.659501841284005],[120.99274318500002,24.659506769283983],[120.99287388099999,24.659521790284071],[120.99299964600003,24.659527547284014],[120.99310275000002,24.659534270284027],[120.9932864540001,24.659534846284082],[120.993379609,24.659531131284041],[120.99348538800005,24.659524092283995],[120.99358868700006,24.659513577284013],[120.99364644600007,24.659524461284015],[120.99375703500007,24.659536979283992],[120.993876417,24.659550735284068],[120.99394540600009,24.659569754284032],[120.9940570360001,24.65960180828402],[120.99412749500007,24.659602472283996],[120.9942093010001,24.659600948283952],[120.99441822100007,24.659597174283995],[120.99450015600009,24.659584156283984],[120.99462761800007,24.659550917283987],[120.99467427400012,24.659542170283977],[120.99476908700004,24.659502872284015],[120.99485646700008,24.659453171283992],[120.99497048799999,24.659384203283963],[120.995032615,24.659342311283957],[120.99508343000002,24.659299157284046],[120.99515476400008,24.659221747284015],[120.995321426,24.659059124283992],[120.99536989400012,24.659001016283977],[120.99541836200002,24.658942917283962],[120.99547318300003,24.658879131284017],[120.99558522700005,24.658761922283993],[120.99566431700003,24.658666211284078],[120.99568623500008,24.65861934228403],[120.99572376600007,24.658526682283998],[120.99575704299997,24.658476483284019],[120.99584369200014,24.658379696284008],[120.99595683900009,24.658276274284066],[120.99600654200002,24.658220468284071],[120.99606654800003,24.65814296728405],[120.99610871399996,24.658085950284047],[120.99613464800007,24.658017305284048],[120.99613341799996,24.657902477284061],[120.99608269800004,24.657825063284044],[120.9960394770001,24.657752317284064],[120.99599751299999,24.657679599284009],[120.99594031800005,24.65761820028408],[120.99586407500003,24.65757270228405],[120.99575786700004,24.657506257284062],[120.99568417699999,24.657457336284004],[120.99561305599995,24.657403848284016],[120.99555199799998,24.657350469284044],[120.99551104899997,24.657299554284108],[120.99550535100002,24.657246690284076],[120.99556150800007,24.657176024284087],[120.99564534500007,24.657105618284042],[120.9957229150001,24.657032867284066],[120.99575746200001,24.656981522284081],[120.9958163150001,24.656894810284097],[120.99583090400006,24.656828350284112],[120.99586667700009,24.656667927284069],[120.99588621900001,24.65660840928404],[120.99590731300006,24.656522483284039],[120.99592205600007,24.656442253284062],[120.99593476900004,24.656318361284022],[120.99596046300002,24.656159003284074],[120.99597422700002,24.656053493284052],[120.99600400300008,24.655979141284035],[120.99600967100001,24.655810402284107],[120.99605431400006,24.655644328284051],[120.99608877800007,24.655488493284118],[120.99615025000001,24.655392627284098],[120.99620993699999,24.655343808284062],[120.99634535100006,24.655273894284139],[120.99645672500007,24.655216382284085],[120.99655681200008,24.655155314284098],[120.99661019499997,24.655107589284142],[120.99673100200002,24.654993901284076],[120.99683404500001,24.654893828284138],[120.99691297500006,24.654811903284124],[120.99700820800004,24.654734717284121],[120.99710838500006,24.654665613284099],[120.99723477600003,24.654615126284096],[120.99732039400011,24.654610207284122],[120.99736554500009,24.654623244284146],[120.99741925900003,24.654658206284104],[120.99747284200011,24.65470463328413],[120.99754030300002,24.654747755284141],[120.99764194200009,24.654772810284072],[120.9977485740001,24.654801372284137],[120.99781649800002,24.654803169284108],[120.99792603200004,24.654797302284141],[120.99802439700009,24.654777549284105],[120.99811915600002,24.65474285128418],[120.99822530200004,24.654702512284121],[120.99831132700002,24.654660837284148],[120.99842860200005,24.654637822284194],[120.99849145600001,24.654643006284086],[120.99856929000006,24.654658664284142],[120.99869469100004,24.654696576284078],[120.99885776900013,24.654740602284072],[120.99896932800002,24.654778379284085],[120.99909235599999,24.654803652284148],[120.99921016499997,24.654844941284097],[120.99931708000011,24.654848236284092],[120.99941273300011,24.65484569028407],[120.99953123999998,24.654824989284119],[120.99965478999999,24.654803184284109],[120.99979856199998,24.654773525284146],[120.99987681900005,24.654751288284064],[120.99995752100008,24.654735965284132],[121.00007337999999,24.654726729284089],[121.00016757299996,24.654742538284054],[121.00028430600003,24.654767737284192],[121.00039704700012,24.654812429284064],[121.00050100800001,24.654854738284101],[121.00055117799999,24.654868986284125],[121.00069897900003,24.654928928284118],[121.00084282900005,24.655004914284088],[121.00095299000012,24.65505531228408],[121.00102066800004,24.655078921284179],[121.00111944300012,24.655134963284102],[121.00123682000006,24.655215282284082],[121.00131908300004,24.65528493828408],[121.00137477500003,24.655368138284118],[121.00146839000003,24.655435609284108],[121.00155210400013,24.6554880652841],[121.00164711800008,24.655542923284102],[121.00176121000001,24.655579570284107],[121.00191110299997,24.655564906284049],[121.00220076399997,24.655541208284138],[121.00232602200003,24.655591752284153],[121.00240721200008,24.655645336284131],[121.00249213400001,24.655702388284045],[121.00256322800011,24.655758166284055],[121.00259032100004,24.655811245284081],[121.00265260900005,24.655866935284074],[121.00274498000006,24.655933249284136],[121.00280616600004,24.655975161284058],[121.00289738199997,24.656032265284068],[121.0029624040001,24.656068479284052],[121.00307864000006,24.656138458284158],[121.00317121500008,24.656186400284117],[121.003255252,24.656210143284039],[121.00330403600003,24.65623586528412],[121.00337699200004,24.656237697284105],[121.00352121500006,24.656280381284088],[121.00367805699999,24.656319734284054],[121.00382884000011,24.656338366284075],[121.00395568100004,24.656360213284106],[121.00400826400003,24.656383677284101],[121.00417921400008,24.656399049284129],[121.00433001000009,24.656416534284066],[121.0044029820001,24.656417217284115],[121.00446225500005,24.656405135284093],[121.00450151100009,24.656382534284095],[121.00455735500009,24.656339429284085],[121.004612056,24.656285976284103],[121.00468339400004,24.656207415284086],[121.00475356600005,24.656120810284119],[121.00479952400005,24.656061514284087],[121.00486705000003,24.655986367284093],[121.00495103199998,24.655902189284067],[121.00503496599998,24.655822597284054],[121.00513639700002,24.655753505284117],[121.00521362600003,24.655710587284112],[121.00526784000007,24.655700762284088],[121.00535373900007,24.655670568284084],[121.00542067300002,24.655648228284107],[121.00552960100006,24.655583794284112],[121.00558532900006,24.655551009284142],[121.00565131400002,24.655501104284106],[121.00573285900008,24.655410010284125],[121.00583437800006,24.655332881284046],[121.00589902999998,24.65528984828412],[121.00598994100005,24.655260844284125],[121.00604901300005,24.655267134284113],[121.00609777100009,24.655295148284118],[121.00616639100008,24.655347450284097],[121.00621498200009,24.655390398284098],[121.00627355000006,24.655441462284053],[121.00635477700003,24.655491595284118],[121.00641977799999,24.655530075284098],[121.00653113699998,24.655586237284119],[121.00662989999999,24.655643420284072],[121.00671002200012,24.655679769284138],[121.00678766500006,24.655712639284097],[121.00690559700004,24.65574359228409],[121.00696706499997,24.655760239284128],[121.0070513600001,24.655761020284107],[121.00717348600003,24.655754125284151],[121.00725774100005,24.655758365284065],[121.00736215200006,24.655760481284069],[121.00743133600011,24.655762266284128],[121.00752076400003,24.655753919284056],[121.00763762500003,24.655767647284129],[121.00775825399998,24.655782537284114],[121.007826063,24.655794650284143],[121.00788368200006,24.655818158284127],[121.00795263500001,24.655840609284123],[121.00803563400004,24.655853154284095],[121.00817278,24.655862088284035],[121.00826321000002,24.655868283284107],[121.00838735199999,24.655884718284138],[121.00847774900001,24.655886655284096],[121.00857820999997,24.655894287284116],[121.00870631400001,24.655908699284069],[121.00886076499998,24.65591842328406],[121.00895370400004,24.655928374284095],[121.00904916700004,24.655942907284061],[121.00911450700002,24.655957555284107],[121.00916981300009,24.655974537284088],[121.00932936600003,24.656004864284121],[121.00940848400002,24.656012588284046],[121.00949140300004,24.656028311284107],[121.00957558900008,24.656047473284083],[121.00967355100009,24.656058554284119],[121.00984563300005,24.656081954284108],[121.00997129800012,24.656113574284046],[121.01002038,24.6561443312841],[121.01015758900009,24.656238944284031],[121.01020282,24.656247942284061],[121.01027296599996,24.6562086902841],[121.01030414400006,24.656156989284085],[121.01031510200006,24.656070971284077],[121.01032244000005,24.656021655284079],[121.01033602400001,24.655964284284046],[121.01034583000003,24.655904631284084],[121.01035933199998,24.655826629284029],[121.01040766800007,24.65566940028409],[121.01043227,24.655542056284109],[121.01046473000009,24.655496088284131],[121.01049071200012,24.655400832284069],[121.01050683600012,24.655350333284069],[121.01054645100011,24.655210320284112],[121.01058240799996,24.655096709284134],[121.01059605700003,24.655056538284096],[121.01060840300008,24.655003747284081],[121.01064576400009,24.654927956284119],[121.01070819700007,24.654844029284099],[121.01075061900002,24.654777376284098],[121.010802962,24.654680881284108],[121.01083155700006,24.654610850284175],[121.01085644999999,24.654556867284072],[121.01088135800003,24.654506339284151],[121.010874875,24.654454784284152],[121.01087088300005,24.654397470284113],[121.01080322500005,24.654113447284153],[121.010793045,24.654079103284165],[121.0107524240001,24.65396577628411],[121.01076094300002,24.653898105284121],[121.01073284900009,24.653777862284112],[121.01068846700005,24.653665691284154],[121.01068577899999,24.653620999284097],[121.01066276000006,24.65351447928418],[121.01066253300003,24.653457154284137],[121.01065707600002,24.653347139284104],[121.01065559800007,24.653290961284156],[121.01067622600009,24.653110916284191],[121.01067608199999,24.65307423228418],[121.010699637,24.652999636284129],[121.01070553300003,24.652903325284154],[121.01073162100006,24.652834442284146],[121.01073398299999,24.652796602284212],[121.01074622700003,24.652718611284151],[121.010760846,24.65260620928418],[121.01073406699999,24.652500853284174],[121.01067314700002,24.652333727284201],[121.01058733700003,24.652220575284169],[121.01056214299999,24.652198888284239],[121.0104398990001,24.652078985284181],[121.01035671900004,24.651995648284213],[121.01029627800003,24.651950028284165],[121.01022202,24.651901026284207],[121.01009497300007,24.651836179284178],[121.01003458700002,24.651803165284186],[121.00995025799999,24.651747328284188],[121.00984954900001,24.651676641284197],[121.00975516100002,24.651616262284186],[121.00965960600001,24.651578807284196],[121.00951135500009,24.651548424284165],[121.00944104400006,24.65154526128417],[121.00931173400009,24.651542325284193],[121.00918870600003,24.651541656284138],[121.0090908000001,24.65154430728418],[121.00899921300001,24.651557287284195],[121.008925242,24.651581642284171],[121.00886376800008,24.65159105428414],[121.00879847300008,24.651586725284226],[121.00874944800002,24.651569716284246],[121.00870909600008,24.651524025284189],[121.00867244200005,24.651461112284135],[121.00849583,24.651241706284196],[121.00843915900012,24.651196078284155],[121.00837232500007,24.651119526284212],[121.00832180300006,24.651041781284185],[121.00824595500002,24.650907952284225],[121.00818160600011,24.650784351284209],[121.00818160200004,24.65071356528421],[121.00815725300004,24.650684747284231],[121.00813894600006,24.650634060284208],[121.00812339600009,24.650561568284157],[121.00810520100001,24.650500552284264],[121.00809453000009,24.650441883284213],[121.00808516600003,24.650378655284225],[121.00808852999995,24.650302904284167],[121.00809545600009,24.650245552284229],[121.00811111800004,24.650195180284232],[121.00813703299997,24.650127680284243],[121.00815893300002,24.650081956284193],[121.00817574699997,24.650040757284238],[121.00819871100011,24.650012280284198],[121.00879518799999,24.648218077284287],[121.0088374070001,24.648161400284213],[121.0088609100001,24.64810273028424],[121.00888697600013,24.648054380284243],[121.0089091430001,24.647981958284294],[121.008919964,24.647899272284288],[121.00892839000008,24.64783725128423],[121.00894057300002,24.647772912284236],[121.00894651699998,24.647715506284282],[121.00894736799997,24.64764435028426],[121.00895196500009,24.647569735284218],[121.00892353300002,24.647421891284239],[121.0088964480001,24.647290090284258],[121.00888337700009,24.647197220284312],[121.00885913199994,24.647123916284283],[121.00884619900002,24.647055164284282],[121.00881412700002,24.646929132284331],[121.00878980000009,24.646840920284323],[121.00875175400003,24.646767727284313],[121.00873392299998,24.646719631284242],[121.00869958799998,24.646637227284344],[121.008652672,24.646546861284232],[121.00862083399996,24.646462147284343],[121.00858007500004,24.646352240284315],[121.00854457900003,24.646285899284333],[121.00851149100005,24.646201184284255],[121.00847086700006,24.646115376284261],[121.00843154500001,24.646037585284304],[121.00840209999997,24.645932204284296],[121.00837271400003,24.645837141284339],[121.00833058100001,24.645706568284378],[121.00831524800007,24.645656189284299],[121.00830343399998,24.645563310284338],[121.00828783900009,24.645467019284364],[121.00827869300005,24.645402815284289],[121.0082589860001,24.645244586284253],[121.00823994700015,24.645173888284369],[121.00822927500006,24.645074682284335],[121.008226419,24.645013292284403],[121.008217853,24.644944764284322],[121.00820251700004,24.64490322928436],[121.00818358900003,24.644851965284378],[121.00816788500003,24.644794858284367],[121.00815360800003,24.64474917228431],[121.00813790300005,24.644694920284362],[121.00813362000005,24.644660656284376],[121.00813219300002,24.644613543284283],[121.00813362000005,24.644572140284328],[121.00813933100007,24.644496473284381],[121.00815075299995,24.644447932284358],[121.00816931200006,24.644407957284336],[121.00818358900003,24.644377976284343],[121.00820247999997,24.644324626284369],[121.00828241300009,24.644286276284305],[121.00835995900003,24.64424792628434],[121.00843518300006,24.644241728284353],[121.00850159700003,24.644230989284353],[121.00859059400004,24.644221260284347],[121.00868579200007,24.64419887228437],[121.00881736799995,24.644177413284357],[121.00887256500006,24.64417936028434],[121.00901916000004,24.644152065284317],[121.00909431199996,24.644133244284344],[121.00919076100003,24.644110848284356],[121.00929227499999,24.644096450284326],[121.00941629700006,24.64406931028439],[121.00956420700003,24.644053464284319],[121.00962441000003,24.644053099284388],[121.00974976100009,24.644039711284336],[121.00979736500004,24.644029090284352],[121.00984995600005,24.644013846284338],[121.00990006500001,24.644003207284342],[121.01001156900008,24.643980716284339],[121.01007420900011,24.643967712284336],[121.01014435199997,24.6439512112843],[121.01019439700002,24.643929104284343],[121.01024313800006,24.643897816284326],[121.01030074200001,24.643881389284306],[121.01036076000003,24.643848898284368],[121.01044208399999,24.643812825284314],[121.01049716300003,24.643794121284365],[121.01059472000011,24.643745323284321],[121.01068090400004,24.643681682284388],[121.01078216900008,24.643623682284392],[121.01086085400001,24.643564674284381],[121.01094203900007,24.643504509284384],[121.01101818800008,24.64344092328437],[121.011114268,24.643353118284374],[121.01119159700012,24.643276910284388],[121.01125766800008,24.64320536128433],[121.01131248,24.643139609284407],[121.01137974700005,24.643057721284379],[121.01142452600001,24.642992042284362],[121.01146557700004,24.642932116284388],[121.01149667100006,24.642886020284383],[121.01152903400005,24.642842211284403],[121.01156261000008,24.642791520284387],[121.0115950620001,24.642763781284401],[121.01161868600001,24.642726906284363],[121.01165851400002,24.642672738284428],[121.01173707899994,24.642593072284402],[121.01181315600002,24.642516871284407],[121.01186065099995,24.642487894284407],[121.01195303699997,24.642412730284409],[121.01200670299998,24.64236535228439],[121.012071608,24.642309865284425],[121.01216169000008,24.642270302284434],[121.01224931099996,24.642238776284408],[121.012298137,24.642223559284378],[121.01235571300006,24.642202552284431],[121.01240954000001,24.642183859284383],[121.01246589300001,24.64216859528446],[121.01250596999998,24.642158020284381],[121.01256473400002,24.642125519284349],[121.01263969400011,24.642073417284404],[121.01271081700006,24.642008719284384],[121.01276452000005,24.641968229284402],[121.01284571400002,24.641910348284416],[121.01287822100004,24.641891792284394],[121.01297322100001,24.641834983284394],[121.01303446100009,24.641796731284355],[121.01314322400005,24.641734089284395],[121.01316821600005,24.641717871284396],[121.01321441299997,24.64168086728435],[121.01331192200004,24.641624021284446],[121.01337313500005,24.641581202284371],[121.01344558199999,24.641529118284403],[121.01349429300002,24.64149325028438],[121.01361409800008,24.64138693528438],[121.01367030800012,24.641346425284404],[121.01373380200005,24.641263408284452],[121.01386856000009,24.641140940284451],[121.013969575,24.641039337284397],[121.01402579200004,24.64099997528443],[121.01409197600002,24.640949073284393],[121.01413326100007,24.640930461284448],[121.01419077800001,24.640899126284438],[121.01427591200004,24.640872211284435],[121.01438115100007,24.640852051284444],[121.01447893999999,24.640844555284442],[121.01455042500002,24.640842969284407],[121.01459932300008,24.640840363284369],[121.01470591799999,24.640837428284399],[121.01481377700007,24.640836749284428],[121.01494296000008,24.640835942284451],[121.01499814900002,24.640836750284432],[121.01507722300001,24.640846572284428],[121.01516751900009,24.640844886284384],[121.01527544899997,24.640856837284403],[121.01540842799996,24.640861745284354],[121.01557390800006,24.640848103284387],[121.01564784100005,24.640836169284373],[121.01576950500009,24.640836562284424],[121.01584219600005,24.640826930284415],[121.01594493300004,24.64080794028445],[121.01607900100011,24.640784162284437],[121.01615667400006,24.640768760284399],[121.01623045100004,24.640729269284414],[121.01627547000011,24.640706060284444],[121.01632419200006,24.640672477284429],[121.01643063499999,24.640643120284398],[121.01652342400001,24.640639102284418],[121.01657985100006,24.640636467284466],[121.01670019399999,24.640625394284434],[121.016767941,24.640628413284421],[121.01686457700009,24.640639281284436],[121.01695366600011,24.640645626284432],[121.01707675999997,24.640676988284444],[121.01712318500009,24.64068013328442],[121.01720475300007,24.640687672284443],[121.01732902199997,24.640705255284384],[121.01739178000001,24.640712887284394],[121.01747078000007,24.640710114284435],[121.01760127500003,24.640719624284422],[121.01775803100001,24.640715209284405],[121.01787470900001,24.640721371284478],[121.01793874200007,24.640733598284424],[121.01807292300006,24.640729319284418],[121.01824863800003,24.640751175284365],[121.01831134900007,24.640750790284422],[121.01839540200001,24.640754851284392],[121.01847319600004,24.640760106284393],[121.01860499500002,24.640778786284425],[121.01874813499998,24.64080658728442],[121.01884104200001,24.640823216284375],[121.01889629700005,24.640835497284414],[121.01893155399995,24.640859384284436],[121.01900568200007,24.640881864284427],[121.01921800400014,24.640944805284395],[121.01923810000001,24.640949261284419],[121.01928458799995,24.640963892284372],[121.01938000400004,24.640980501284407],[121.01945411200003,24.640999560284392],[121.01953950200001,24.641017381284438],[121.01970781700007,24.641061068284415],[121.01984592300002,24.641085463284391],[121.01993879699999,24.641096359284397],[121.02006059699994,24.641120838284383],[121.02016345400001,24.641122494284435],[121.02027516600002,24.641137863284449],[121.02037431900004,24.641149868284405],[121.020465939,24.641160771284397],[121.02052486800008,24.641156962284445],[121.02058510200001,24.641162318284348],[121.02067304400006,24.64118817228437],[121.02074337000012,24.641203792284411],[121.02085511800006,24.641224895284378],[121.02098455000009,24.641267691284369],[121.02106626200009,24.641300455284416],[121.02113543400006,24.641333310284377],[121.02129880100007,24.641388506284414],[121.02154979300006,24.641414484284429],[121.02162509199998,24.64142204728434],[121.02170543100007,24.641434162284362],[121.02179456500006,24.641448523284414],[121.02185979200013,24.641450419284382],[121.02195900800008,24.641472739284371],[121.02207585699999,24.641508730284411],[121.02213112100002,24.641522149284452],[121.02219271400007,24.641545859284378],[121.02227697400008,24.641585501284361],[121.02236864900013,24.64160557628443],[121.02245540500004,24.641642904284407],[121.02253082800007,24.641672265284438],[121.02264283900001,24.641739270284372],[121.02271577400006,24.641772087284341],[121.02277734100004,24.641791201284416],[121.02282118100001,24.641780604284413],[121.02289274699997,24.641793937284383],[121.02303196800004,24.641794205284402],[121.02320633300009,24.641798855284343],[121.02330918400006,24.64179935428438],[121.02342340600002,24.641814704284407],[121.02350119700004,24.641819946284397],[121.02354381100011,24.641815091284442],[121.02361903000005,24.64180889428437],[121.02369412600002,24.641780875284361],[121.02378914300007,24.641728646284399],[121.02381418200001,24.641720454284343],[121.02387031700005,24.641667327284381],[121.023944074,24.641625549284399],[121.02402283500003,24.641581448284395],[121.02411298399996,24.641554500284471],[121.02429194800001,24.641486820284378],[121.024359441,24.641446233284391],[121.02441701600006,24.641425213284343],[121.02448344700007,24.641417917284439],[121.0245410460001,24.64140149228442],[121.02462750399998,24.64138717728439],[121.02478417799999,24.641368984284394],[121.024845551,24.641354826284388],[121.02491316899999,24.64133489628442],[121.02501719599996,24.641322773284397],[121.02509611800002,24.641306210284441],[121.02521013700004,24.64128599328437],[121.02533162400006,24.64125654028442],[121.02542919900004,24.641212327284403],[121.02543770600003,24.641165231284415],[121.02546871300002,24.641105364284442],[121.02549467600005,24.641039794284438],[121.02553443000005,24.64097413728442],[121.0256326990001,24.640833534284429],[121.02567886000011,24.640790782284444],[121.02572116600005,24.64073199028438],[121.02578087900011,24.640647858284431],[121.02581539400003,24.640543217284396],[121.02586881700002,24.64045568128444],[121.02591192000004,24.640317704284474],[121.02593777900005,24.640234933284468],[121.02595747200009,24.640170545284377],[121.025975862,24.640096993284423],[121.02597531700002,24.640002905284458],[121.02596587600004,24.639888213284394],[121.02594284800001,24.639810334284434],[121.02592362500002,24.639739308284422],[121.02587799199998,24.639655827284443],[121.02586389600005,24.639604283284445],[121.02575966599996,24.639365119284466],[121.02571902300006,24.639277014284453],[121.02567222800009,24.639209603284478],[121.02563538700007,24.639128368284414],[121.02557082799994,24.63902550628443],[121.02546655500011,24.638778306284408],[121.02547630800005,24.638730044284422],[121.02546476000006,24.638685362284455],[121.02545316200009,24.638631508284444],[121.02541751500007,24.63853993428441],[121.02534913000001,24.638425605284464],[121.02529851699998,24.638349049284436],[121.02525524799998,24.638240314284495],[121.02521961200001,24.63815103328449],[121.0251797630001,24.637983754284505],[121.02515906100008,24.637873722284464],[121.02515371999999,24.637817529284522],[121.025177114,24.637742812284479],[121.025204323,24.637676065284452],[121.02525395000012,24.637582807284463],[121.02533197900001,24.637412493284511],[121.02535933300005,24.637371019284444],[121.02538882000009,24.637265269284491],[121.02542235100013,24.637207686284523],[121.02544460700008,24.637152463284487],[121.02551771100001,24.636998237284523],[121.02556613900001,24.636914171284495],[121.02560465799999,24.636851965284503],[121.02564542200003,24.636743847284528],[121.02565387700008,24.63668756928449],[121.02567200100007,24.636569270284475],[121.02568643600002,24.636462457284527],[121.02570337500001,24.63635563428457],[121.02570795500004,24.636279872284515],[121.025722597,24.636209787284585],[121.02572994300007,24.636178755284497],[121.02575969300004,24.636117750284512],[121.02577955800011,24.636083203284507],[121.02585408800005,24.635958809284514],[121.02589646999999,24.635913793284516],[121.02598629700005,24.635831761284567],[121.02604116400006,24.635777486284521],[121.02612971700002,24.635692013284565],[121.02622576600007,24.635601908284571],[121.02626947600004,24.635569514284555],[121.02637462699994,24.635535574284503],[121.0264698310001,24.635515460284523],[121.02655258300001,24.635511507284566],[121.02664658199998,24.635500584284539],[121.02674677900009,24.635477009284536],[121.02682808400009,24.635439779284564],[121.02690189700004,24.635408337284538],[121.026951842,24.635370146284497],[121.02697417800007,24.635328699284532],[121.02699900800008,24.635284941284549],[121.02702744100004,24.635213616284606],[121.02705966900007,24.635148016284496],[121.027077072,24.635121514284542],[121.02709826700004,24.635099570284584],[121.02711680500006,24.635052409284597],[121.02715405100004,24.634986771284485],[121.02721644900006,24.634933590284522],[121.02727016000006,24.634895388284562],[121.02738250900002,24.63480518728457],[121.02747368500002,24.634740345284534],[121.02755979700012,24.634666373284535],[121.02763097400006,24.634613145284575],[121.02767585600006,24.634566945284583],[121.02771194100001,24.634517398284565],[121.02775292000001,24.634447146284518],[121.02777785600004,24.634421743284562],[121.02785046100003,24.634398336284576],[121.02794935400001,24.634366725284536],[121.02799689499996,24.63434577928458],[121.02807048300011,24.634276468284533],[121.02814655200009,24.634201399284542],[121.02822005800012,24.634117172284586],[121.02826738799996,24.634060662284533],[121.02832097600005,24.63400179128455],[121.02835459499998,24.633960270284579],[121.02840565900011,24.63389913628458],[121.0284641830001,24.633826469284614],[121.02852639999999,24.633742300284574],[121.02863114000003,24.633637239284596],[121.02867847500013,24.633581857284625],[121.02873447300007,24.633506925284557],[121.02876558099997,24.633464275284581],[121.02890159700004,24.633346369284592],[121.02901877000014,24.633222850284596],[121.02906491800005,24.633178961284603],[121.02908735800003,24.633155870284568],[121.02909227600001,24.633138625284566],[121.02913970300001,24.633099313284589],[121.0291920550001,24.633043902284538],[121.02932433400009,24.632930618284576],[121.02937290500006,24.632871796284604],[121.02943285500011,24.632828959284602],[121.02949039100008,24.632802205284634],[121.02954913000006,24.632767406284579],[121.02961042700007,24.632740641284588],[121.029701809,24.632711369284571],[121.02978427200006,24.632658065284595],[121.02991056800012,24.63259416128464],[121.02996810099999,24.632567397284561],[121.03005065800006,24.632530155284581],[121.03010699800004,24.632513738284551],[121.03018070000009,24.632463938284616],[121.03029970600008,24.632440233284612],[121.030353564,24.632428420284604],[121.03047633200003,24.632404695284613],[121.03055786100003,24.632406475284654],[121.03067337,24.632428708284625],[121.03085418600006,24.632466575284568],[121.03099108800008,24.632501290284601],[121.03109785399997,24.632529293284605],[121.03120085100011,24.632556177284602],[121.03129003000005,24.632579723284596],[121.03137526799999,24.632572303284604],[121.03149313100005,24.632568114284616],[121.03157202700001,24.632548108284649],[121.03167723400009,24.632524494284556],[121.03175862799999,24.632503322284592],[121.03184367500002,24.632462630284596],[121.03191376800005,24.632439239284622],[121.032001343,24.63240195828455],[121.03207267000005,24.632375110284549],[121.03217270900005,24.632325141284593],[121.03224531000004,24.632301731284613],[121.03229155200002,24.632273903284617],[121.03233784000004,24.632254103284669],[121.03238412000005,24.632233165284624],[121.03244423600006,24.632219012284605],[121.0325369640001,24.63220580128457],[121.03269481100001,24.632176115284604],[121.03276996900001,24.632160724284581],[121.03289288599998,24.632162241284625],[121.03299181500009,24.632137516284608],[121.0330920480001,24.632120817284658],[121.0331456480001,24.6321168522846],[121.03320780700008,24.632147238284613],[121.03330739500005,24.63211146128458],[121.03345647299999,24.63205721928454],[121.03355917600001,24.632012261284562],[121.03361300800005,24.631980025284644],[121.03371696300003,24.631933909284566],[121.03390604400012,24.631837131284627],[121.03396738299996,24.631799124284601],[121.03408507200002,24.631733484284595],[121.0341526430001,24.631682854284659],[121.03425524400008,24.631603467284584],[121.03434159000001,24.631540164284587],[121.03442548700004,24.631497539284609],[121.03455067700007,24.631423843284644],[121.03460828500006,24.631396176284575],[121.03472345600007,24.631327106284626],[121.03484107300005,24.631237340284667],[121.03490742400001,24.631198193284636],[121.03502005800011,24.631119925284636],[121.035087631,24.631069293284629],[121.03516896499998,24.631009458284652],[121.03529913200011,24.630921966284617],[121.03536919600003,24.630866746284656],[121.03541421900003,24.630825339284613],[121.03547434800012,24.630803411284656],[121.03554819000011,24.630752770284644],[121.03570848900006,24.630676709284661],[121.03579860500005,24.630617991284605],[121.03586873000008,24.630582275284652],[121.03597136100002,24.630514361284646],[121.03603019600003,24.630477520284607],[121.03613655100003,24.630396974284618],[121.03626793099998,24.630296859284588],[121.03631797400011,24.630256595284632],[121.03641305000009,24.630178356284652],[121.03647309800006,24.630128899284646],[121.03668087600013,24.629995357284688],[121.03677218100003,24.629914826284605],[121.03687358500008,24.629854958284621],[121.03697120600008,24.629789349284625],[121.03706637399995,24.629742104284624],[121.03719286500002,24.629684460284643],[121.03727676900004,24.629644126284688],[121.03736194200008,24.629609523284664],[121.0374483930001,24.629582958284697],[121.03758379300005,24.629567755284668],[121.03772041099997,24.629542232284699],[121.03779059000011,24.62952487128468],[121.03787458500005,24.629515513284616],[121.03797110900003,24.629501549284608],[121.03808649000005,24.6295036062847],[121.03826213900004,24.629527343284629],[121.03838761600004,24.629550037284634],[121.03846921600005,24.629577408284668],[121.03856332699999,24.62959556928466],[121.03869135200001,24.629630884284662],[121.0387867200001,24.629649052284663],[121.03884447000009,24.629669588284667],[121.03889465300007,24.629675217284685],[121.03895482599998,24.629668204284723],[121.03900493900002,24.629650892284701],[121.03905252000007,24.629626691284663],[121.03915748100005,24.629500243284692],[121.039191188,24.629449682284676],[121.03926864500008,24.629351978284671],[121.03934102800004,24.629235920284664],[121.03936717799999,24.629175052284605],[121.03944073300012,24.629031453284725],[121.03946189400001,24.628978613284698],[121.03952179499998,24.628882098284709],[121.03957914000001,24.62876951028473],[121.039600295,24.628715539284698],[121.0396638970001,24.628598365284695],[121.03969499700011,24.628516816284694],[121.03974987300002,24.628416862284684],[121.03980594499997,24.62829740628467],[121.03982586800011,24.62825145228469],[121.03983077699998,24.628215868284759],[121.03989798300005,24.628047037284745],[121.03994787000006,24.627956276284689],[121.04002027000004,24.627845960284709],[121.04007643899995,24.627759783284688],[121.04012263199995,24.627690819284673],[121.04018256200006,24.627603486284734],[121.04024121399999,24.627509271284669],[121.04030612500006,24.627410441284674],[121.04034982500002,24.627347238284752],[121.04037599700006,24.627293248284737],[121.04039339000008,24.627239277284712],[121.04048318400005,24.627076128284717],[121.04049681400009,24.627022169284782],[121.0405342710001,24.626968159284669],[121.04083142400007,24.62688231228476],[121.04088635500003,24.626866442284697],[121.04101424900001,24.626859293284717],[121.04112087500006,24.62686939528475],[121.04126767900003,24.626894328284688],[121.041324149,24.626906835284746],[121.04141070900005,24.626915822284687],[121.0415098870001,24.62695120628468],[121.04158769900003,24.626970552284682],[121.041733256,24.626997787284719],[121.04180356499997,24.627024042284752],[121.04192278100005,24.627050183284709],[121.04201942900005,24.627077522284743],[121.04213236699999,24.627100235284672],[121.04225161699999,24.627137861284673],[121.04236203299999,24.627155986284667],[121.04247614700002,24.627154600284729],[121.04259534099999,24.627172714284701],[121.04272331100003,24.627190806284705],[121.04284624099999,24.627199729284719],[121.04298681600008,24.627238450284736],[121.04308969899996,24.627255450284721],[121.04313302199999,24.627252231284722],[121.04322882400004,24.627229913284733],[121.04337905600003,24.627145828284711],[121.04349913900001,24.627045727284688],[121.04357913300004,24.626959496284758],[121.04364665299995,24.626895092284748],[121.04375915200004,24.626774361284713],[121.04384541500006,24.626688112284683],[121.04394790000002,24.626574283284778],[121.04397534900006,24.626529474284702],[121.0440103210001,24.626482350284711],[121.044067807,24.626417977284717],[121.04409526800004,24.626375461284749],[121.04411397200009,24.626340984284749],[121.044153712,24.626214677284707],[121.04417092399999,24.62610332828471],[121.04417695300006,24.626024135284737],[121.04419043500002,24.625923114284728],[121.04420397999996,24.625841616284738],[121.04423254500001,24.625750886284688],[121.04425981200006,24.625646416284752],[121.04430214900002,24.625548775284766],[121.0443396190001,24.625499349284762],[121.04440696900006,24.625379859284749],[121.04443313600004,24.625325868284715],[121.04449927000006,24.625217863284746],[121.044556638,24.625115613284727],[121.04456527400012,24.62506854328474],[121.04460018000007,24.625001892284729],[121.0446489010001,24.624940987284759],[121.04469391500002,24.624898428284702],[121.04476646999997,24.624839755284825],[121.04489413500005,24.62475917128473],[121.04503316900002,24.624706068284773],[121.04512084899999,24.624671461284766],[121.04526245500007,24.62463903228474],[121.04533012500008,24.624622824284831],[121.04546665100008,24.624569747284777],[121.04559309500007,24.624500628284753],[121.04563805300006,24.624439715284772],[121.04571054100002,24.624359237284775],[121.04576551800004,24.624294855284781],[121.04580428000006,24.624258051284755],[121.04591914300012,24.624093700284753],[121.04598024599996,24.623982265284774],[121.04600265000013,24.623927137284738],[121.04606498200003,24.6238076572848],[121.04611103600003,24.623696236284729],[121.046134632,24.623621605284782],[121.04618444900008,24.623510184284797],[121.04620430800001,24.623444727284792],[121.04624173100001,24.623380386284811],[121.04630138200004,24.623301072284825],[121.04634651100005,24.623248574284748],[121.04637932900002,24.62319795828482],[121.04642876000003,24.623074034284777],[121.04645042399996,24.623011006284813],[121.04644853199999,24.622898517284835],[121.04645681500004,24.622759678284805],[121.046434804,24.622657424284778],[121.04641410100005,24.622544858284794],[121.04639699499997,24.622462132284785],[121.04642239400005,24.622404863284846],[121.04643524100001,24.622348672284815],[121.04649093500001,24.622254801284779],[121.04653382300003,24.622209084284822],[121.04659948600012,24.622126729284844],[121.04664491600006,24.62207527828485],[121.04669528000014,24.622038777284764],[121.04675457100006,24.621974762284893],[121.04683510599997,24.621924617284826],[121.04692208800006,24.621842356284766],[121.046972715,24.621757650284767],[121.04703090100011,24.621666080284843],[121.04709040500008,24.621563041284841],[121.04716628400004,24.621447467284785],[121.04722331200003,24.62133867028485],[121.04728166599999,24.621217268284848],[121.04731722300009,24.621135926284868],[121.04736921400004,24.621030560284847],[121.04743240100004,24.620942464284852],[121.04751583800008,24.62082002428485],[121.04760041799997,24.62071825228487],[121.04769258899996,24.620603872284821],[121.0477822040001,24.620498676284825],[121.04782640700004,24.620441472284885],[121.04792002600004,24.620291538284835],[121.04800843400008,24.620177141284863],[121.04805017999998,24.620110757284877],[121.04812228500008,24.61999629328492],[121.048174041,24.619934546284874],[121.04824982400007,24.619835024284818],[121.04841491500005,24.619686538284878],[121.04848677700014,24.619616848284892],[121.048554896,24.619543690284875],[121.04858651600001,24.619494465284884],[121.04864325100002,24.619438478284884],[121.04877286000008,24.619357555284854],[121.04889237900014,24.619286919284868],[121.04897428100006,24.619216117284875],[121.04902092600001,24.619170406284912],[121.04907669400009,24.619062773284885],[121.04912218000004,24.618999836284832],[121.04921720700007,24.618821206284881],[121.04924748500001,24.618788059284888],[121.04936503000008,24.618619851284919],[121.04939527000009,24.618593584284888],[121.04945689100012,24.618561720284912],[121.04953222000005,24.618545985284936],[121.049768003,24.618541274284919],[121.04987593000006,24.618526830284878],[121.04999889699999,24.61851358828493],[121.05012813600003,24.618500380284907],[121.05020348299996,24.618481206284915],[121.05029899899996,24.618442602284929],[121.05037323899998,24.618395853284962],[121.05048912200007,24.618302249284859],[121.05067180700009,24.618145816284883],[121.05078385700001,24.618064808284938],[121.0508908720001,24.617987233284911],[121.05097018700009,24.617930188284895],[121.051051859,24.617900709284957],[121.05123272700003,24.61784754828491],[121.05133983700004,24.61775276328488],[121.051438158,24.617659065284855],[121.05155421200001,24.617533326284924],[121.05163002000008,24.617429206284939],[121.051681827,24.617357130284926],[121.05171989400003,24.617274665284949],[121.0517701350001,24.617029242284904],[121.05177450000011,24.616917934284931],[121.05180313800007,24.616725240284879],[121.05186321699999,24.616515462284941],[121.05187547300001,24.616336461284959],[121.05186016100001,24.616153902284964],[121.05185199400005,24.616041387284888],[121.05184249300005,24.615943771284893],[121.05181922900007,24.615840390284969],[121.05179579600009,24.615767968284921],[121.05174514400008,24.61562773228496],[121.05170414300008,24.615557537285017],[121.05163707200001,24.615439021284974],[121.05157481300002,24.615357249284955],[121.0515500030001,24.615307789284966],[121.05151786800003,24.615221576284934],[121.05153325200004,24.615159657284966],[121.05156467599998,24.615146024284986],[121.05164250200002,24.615131443284941],[121.05176291200006,24.615127374284967],[121.0519557360001,24.615181021284958],[121.05208094600007,24.615216001285013],[121.052616981,24.615341151284969],[121.0526845280001,24.615372449284983],[121.05284619200005,24.615391506284958],[121.0529251920001,24.615391848284997],[121.05307943800007,24.615391380284947],[121.05319473600004,24.615404501284974],[121.05331486200011,24.615452079284996],[121.053389735,24.615520130284946],[121.05347196600003,24.615618043284957],[121.05358406700009,24.615758556284941],[121.05372769399996,24.615865932284958],[121.05374748700002,24.615916512284951],[121.05387645400005,24.615952654284918],[121.05395899300001,24.615994348284907],[121.05408511000006,24.616093592284944],[121.054211178,24.616202036284953],[121.05427605100006,24.616264294284942],[121.05439705500012,24.61638189728491],[121.05447699300008,24.61644078128489],[121.05460934300001,24.616546949284878],[121.05474546299999,24.61665198628496],[121.05485134500006,24.616783290284889],[121.05489236499997,24.616850035284898],[121.05490200900005,24.616922397284934],[121.05494756200001,24.617078694284988],[121.054989138,24.617275130284881],[121.05502861199997,24.617395822284944],[121.05510174000005,24.617554531284913],[121.05515631400006,24.617666109284912],[121.05523349300005,24.617772025284953],[121.05528208300005,24.617830776284936],[121.05534697000002,24.617890740284924],[121.05543825600002,24.617938197284854],[121.05547953200006,24.61795788228498],[121.05570878600012,24.618001344284909],[121.05584782299999,24.618030646284954],[121.05594173800003,24.618056307284938],[121.05604562400001,24.618093486284909],[121.05623729900006,24.618128743284888],[121.05640143100005,24.618155867284919],[121.0564941480001,24.618171183284947],[121.05659936500001,24.618193443284913],[121.05672954700003,24.618237626284849],[121.05683714500005,24.618284003284952],[121.05691583200007,24.618342879284935],[121.05699298500004,24.618453407284932],[121.05703035800003,24.618499476284914],[121.05715118100011,24.618651503284887],[121.05725586700005,24.618772467284941],[121.05732690600004,24.618854269284871],[121.05748925500008,24.618980070284881],[121.05754287999999,24.61903540428494],[121.05769119200009,24.619205911284823],[121.057707388,24.61922548828494],[121.05780224200005,24.61930969228488],[121.05793212800003,24.619408976284923],[121.05820595700006,24.619725422284905],[121.05826600400006,24.619784186284878],[121.05833591699998,24.619850989284892],[121.05839707400006,24.619912010284875],[121.0584470240001,24.619956928284861],[121.05852578500004,24.620006529284879],[121.05861208100008,24.620053869284895],[121.05869211000004,24.620100030284878],[121.05880965300001,24.620168116284834],[121.05887965200009,24.620215390284844],[121.05894218000005,24.620251182284875],[121.05902347000001,24.620296195284865],[121.05910845300002,24.620356150284831],[121.05918974400001,24.620401162284839],[121.05925598600007,24.620447281284839],[121.05941354200004,24.620539603284826],[121.05950361000002,24.620584650284833],[121.05959999500011,24.620618235284866],[121.05973521700002,24.620657682284833],[121.05986054099999,24.62066839528482],[121.05992072300002,24.620667441284841],[121.06000713600007,24.620688372284881],[121.06008729700002,24.620705837284824],[121.06021369100009,24.620756728284846],[121.06029623700007,24.620801748284837],[121.06045740400009,24.620928510284855],[121.06054483000003,24.621003398284838],[121.06064723599997,24.621093248284886],[121.06073456300011,24.621191085284817],[121.06086065300005,24.621312003284867],[121.06091677800006,24.621377601284792],[121.06100796500007,24.621452503284853],[121.06108665900001,24.621518175284869],[121.06120786100011,24.621610373284852],[121.061357938,24.621693484284794],[121.06141544100004,24.621731536284834],[121.06151808,24.621768584284791],[121.06160702200009,24.621784928284811],[121.06173486200009,24.621793352284808],[121.06196414600007,24.621826204284861],[121.06205313600003,24.621831062284798],[121.06214592199998,24.621829064284828],[121.06225249000009,24.621828234284852],[121.06233146500007,24.621829637284883],[121.06241552000002,24.62181725028482],[121.062562489,24.621752281284792],[121.06259653599999,24.62170877528483],[121.06263456400001,24.621613614284854],[121.062646177,24.621539031284819],[121.06265665800007,24.621436910284807],[121.06267216800003,24.621331348284876],[121.06268875700007,24.621264824284872],[121.06271040099999,24.621190265284824],[121.06274586599999,24.621108892284852],[121.06277757600002,24.621025190284865],[121.06291141400001,24.620810952284806],[121.06294799300011,24.620760556284814],[121.06299090700008,24.620695250284921],[121.06302253099996,24.620631070284858],[121.06306290700002,24.620572663284808],[121.06311456100002,24.620515426284875],[121.06324437800002,24.620359714284874],[121.06336912800003,24.620215471284844],[121.06341700500001,24.620161657284928],[121.06349397400005,24.620049404284877],[121.06352183300007,24.619986353284812],[121.06360510700001,24.619866081284801],[121.06374873099999,24.619705823284868],[121.06381298200009,24.619634846284871],[121.06387975200001,24.619561595284846],[121.06391374000006,24.619529554284863],[121.06400666300011,24.619495414284881],[121.06411708200004,24.61947394128488],[121.0641684630001,24.619478677284917],[121.06432011000005,24.619489473284919],[121.06440903500003,24.619509263284865],[121.06455193700003,24.619513148284835],[121.06463977300002,24.619496199284846],[121.064749041,24.619450619284908],[121.0648459060001,24.619375150284871],[121.06495550100011,24.619256103284886],[121.06506500400005,24.619157732284929],[121.06517593999996,24.619018025284916],[121.065259174,24.618905779284958],[121.06533355000013,24.618813031284922],[121.0654469020001,24.618694007284933],[121.06552875400003,24.618611601284861],[121.065584186,24.618549793284906],[121.06564217199998,24.618477655284902],[121.06572776400004,24.618399851284849],[121.06589641800008,24.618248853284886],[121.06595066200013,24.618172100284923],[121.066018727,24.618088518284939],[121.06606800100006,24.618001440284928],[121.06612100900011,24.61792126028487],[121.06627641500008,24.617646235284873],[121.06633062800003,24.61757637428494],[121.06638626900011,24.617466351284904],[121.066427987,24.617387266284933],[121.06652660699999,24.61719703128491],[121.06655584800001,24.61710413828488],[121.06659258500004,24.617017013284947],[121.066625628,24.61691494528494],[121.06665729100006,24.616841579284923],[121.06666764700003,24.61676700528497],[121.06674241900008,24.616582424284886],[121.06678667200002,24.616496467284875],[121.06680335699997,24.616408131284945],[121.06686543400004,24.616260248284956],[121.06692107400012,24.616150215284929],[121.066969007,24.616083786284932],[121.0670485280001,24.615960065285005],[121.06709018400007,24.615894767285013],[121.06718354000007,24.615760747284941],[121.0672642080001,24.615661123284973],[121.06738893600001,24.615520317284957],[121.06743428600004,24.615469951284975],[121.06754644100008,24.615337130284985],[121.06768233500003,24.615222765284944],[121.06778060100011,24.615112859284999],[121.06784227299995,24.615056806284983],[121.06792782900003,24.614985901284982],[121.06801335799999,24.614921865285012],[121.06808004600009,24.614865829284998],[121.068175502,24.614824795284971],[121.06829603400003,24.614782693284969],[121.06855718900013,24.614691645284982],[121.06867644899998,24.614654130284979],[121.06876314300004,24.614609632284939],[121.06897274900005,24.61455287128496],[121.06908081000003,24.614495795285031],[121.06927047100008,24.614412580284984],[121.06944621900007,24.614358020284989],[121.06960818100005,24.614302262285012],[121.06967343000002,24.614288671284942],[121.06978267300011,24.614247684285029],[121.06982786800002,24.614232900284943],[121.06994832100004,24.614209163284954],[121.07009643200003,24.614167136284937],[121.07018433600003,24.614132966284959],[121.07039768300001,24.614079660284983],[121.07051935900003,24.614062810285009],[121.07063223100005,24.614052815284989],[121.07079274800003,24.614040677284958],[121.07090063899997,24.614022632284971],[121.0710912630001,24.614005991285016],[121.07118914200014,24.613984475285019],[121.07125808400004,24.613985834284939],[121.07141608399998,24.613975980285023],[121.07150387800004,24.613967064284992],[121.07152271500003,24.613965158285012],[121.07161424600005,24.613955915284961],[121.07170955000002,24.613949315285044],[121.07181995800008,24.61392898328495],[121.07202202200003,24.613875641284988],[121.07215131500008,24.613837000284985],[121.07224046500008,24.613803985285006],[121.072345939,24.613765273285004],[121.07250792600009,24.613703772284975],[121.072671116,24.613652616285009],[121.07283181300008,24.613599142285032],[121.07286445700001,24.613587768284965],[121.07303527900002,24.613511363285046],[121.07321732300005,24.613449934285022],[121.07331023900004,24.613415769285051],[121.07340694500013,24.613374739285032],[121.07345972000006,24.613346192284968],[121.07358406900005,24.613290323284971],[121.07369838200007,24.61323671828498],[121.0737888120001,24.613197967285068],[121.07389063700008,24.613132828285007],[121.07396604100003,24.613089444285048],[121.07411311800003,24.612995760285038],[121.07424635300004,24.61291465228507],[121.07432806200003,24.612863246284991],[121.07439472500006,24.612811793284997],[121.07447403299996,24.612735127285056],[121.07459605600003,24.612637924285004],[121.07470939900007,24.612517730285003],[121.07477863300004,24.612451369285029],[121.07484542000006,24.612371207285062],[121.07492218399999,24.612303714284991],[121.07498788100011,24.612185683284988],[121.0750799560001,24.612055098285015],[121.07513540700006,24.611987543285039],[121.07519226899996,24.611883251285018],[121.07524275800006,24.611803058285037],[121.07531874400004,24.611624212285086],[121.07535298800005,24.61153248928504],[121.07541766699997,24.611359347285017],[121.07545184800004,24.611281400285058],[121.075482458,24.611159822285043],[121.07550946000001,24.611002634285096],[121.07554763499995,24.61087074928502],[121.07555414099997,24.610815668285074],[121.07557323200004,24.610749152285084],[121.07557516100005,24.610591897285047],[121.07560973400003,24.610423266285036],[121.07563878800013,24.610080136285081],[121.07570702500001,24.60995407728505],[121.07574874500008,24.609872707285071],[121.07579670599998,24.609797093285032],[121.07583969499998,24.60971112528502],[121.07588272200009,24.609617131285059],[121.0759270760001,24.609505920285091],[121.07598673800005,24.609333917285085],[121.07601595800008,24.609243306285045],[121.0760248910001,24.609206609285124],[121.07607688400006,24.609067881285107],[121.07608256300001,24.608912926285075],[121.07608838100012,24.60872584428505],[121.0760912640001,24.60863861628512],[121.07607781500005,24.608559376285136],[121.07605689100001,24.608469766285097],[121.07603472000004,24.608377882285129],[121.07601244800006,24.60831009628512],[121.07595186200003,24.608114768285144],[121.07590097199997,24.607997537285108],[121.07587252800013,24.607906766285161],[121.07580420400006,24.607761942285176],[121.07574831200006,24.60764124628513],[121.07571245800001,24.607525206285121],[121.07564157199999,24.607392988285113],[121.07558699900001,24.607257375285176],[121.07553492500008,24.607124071285167],[121.07548419100004,24.606970101285118],[121.0754346020001,24.606841391285148],[121.07539373900012,24.606724192285128],[121.07537919099998,24.606609360285127],[121.07533480000004,24.606438196285175],[121.07532514500005,24.606350917285159],[121.07531427900003,24.60625447028518],[121.07528125500005,24.606063823285119],[121.07527917200005,24.605965103285126],[121.07525960200003,24.605851411285141],[121.075253792,24.605745777285197],[121.07524717600008,24.605535697285134],[121.07526389100002,24.605438186285149],[121.07527335700001,24.605277505285173],[121.07527616800007,24.605206346285165],[121.07528408499999,24.6051145452852],[121.07530000900009,24.604910270285188],[121.07532052800001,24.604802445285227],[121.07533091900007,24.604718671285141],[121.07534135600004,24.604623429285173],[121.07535048700001,24.604540810285172],[121.0753634130001,24.604450163285225],[121.07542824599993,24.604240291285176],[121.07546238800003,24.604171528285185],[121.07549041500013,24.604067159285169],[121.07552968500009,24.603970864285188],[121.07558039800001,24.603838999285205],[121.07567750000004,24.60370383328522],[121.07573166100009,24.603643159285181],[121.07579725900001,24.603546943285206],[121.07586279200002,24.603465632285232],[121.07593583100001,24.603387793285282],[121.07601641800012,24.603304245285212],[121.07609818700004,24.603236767285225],[121.07617991599999,24.603178472285286],[121.07629178800006,24.603106481285192],[121.07634962799997,24.603065334285244],[121.07648408599999,24.602988827285216],[121.076668724,24.602902138285241],[121.07675038500008,24.602859905285221],[121.07687357300009,24.602779928285269],[121.07697154200001,24.602734301285217],[121.07727552400003,24.602587137285223],[121.07737975200004,24.602543817285273],[121.077435088,24.602501516285244],[121.07755187400008,24.602452509285264],[121.07769632800004,24.602382922285194],[121.07782316700005,24.60232818728521],[121.07791863800004,24.602280267285224],[121.07799015599998,24.602264411285265],[121.07811947100004,24.602217729285211],[121.07834674700003,24.602126581285226],[121.07851747300002,24.60206853528522],[121.07862421000007,24.602024085285283],[121.07870204900001,24.601995622285227],[121.07886654700006,24.601928387285263],[121.07900713300002,24.601884036285238],[121.07910503200007,24.601854479285283],[121.07917660300001,24.601825991285224],[121.07928957099996,24.601790746285246],[121.07941637300006,24.601744054285209],[121.07983318199999,24.601593765285287],[121.08002538299999,24.601496774285255],[121.08022011800003,24.601392894285286],[121.08031310700001,24.601339230285291],[121.08040365900003,24.601268315285285],[121.08053303300008,24.601206714285247],[121.08066877800003,24.601121029285256],[121.08076803199998,24.601067371285268],[121.08083091600005,24.601018184285294],[121.08092650100002,24.600943862285266],[121.08103719200007,24.600853514285248],[121.08114043100007,24.60074706328534],[121.08119593700005,24.600664580285269],[121.081271547,24.600570677285308],[121.08132479400005,24.600429643285274],[121.08136052300006,24.600280521285288],[121.08137633300005,24.600100360285303],[121.08138431300009,24.599992470285258],[121.08138095700008,24.599897199285291],[121.08138262400004,24.599799632285297],[121.08139327700003,24.599652736285311],[121.08139013900004,24.599506949285338],[121.08140814400012,24.599399098285296],[121.08143366600008,24.599292427285345],[121.08145661800002,24.599200664285316],[121.08150864000008,24.599052743285331],[121.08159570700001,24.598917551285336],[121.08164624200001,24.5988247172853],[121.08170179300008,24.598730758285342],[121.08177499000007,24.598592200285339],[121.081835231,24.598414950285331],[121.08185887700009,24.598298758285306],[121.081865267,24.598196362285368],[121.08185868300009,24.598028356285322],[121.08186723499999,24.597904296285375],[121.08190527200011,24.597689982285306],[121.08197034200009,24.59751107528535],[121.08203792900008,24.597348222285294],[121.08214553200001,24.597043167285367],[121.08221557200001,24.596813806285308],[121.08224305500008,24.596678484285317],[121.08226052600001,24.596568413285354],[121.08228302900001,24.596485848285369],[121.08228541900004,24.59633220428536],[121.08228010600013,24.595960723285355],[121.08230007400002,24.595834578285405],[121.08232754900006,24.595696982285389],[121.08237507700008,24.595536432285432],[121.08240513300008,24.595488255285371],[121.08247022900005,24.595346043285396],[121.08270326500008,24.59509593128541],[121.0827983580001,24.594829871285437],[121.08281827800006,24.594650989285377],[121.08280559600009,24.594467547285372],[121.08279292300001,24.594300159285396],[121.08275010700002,24.594070877285439],[121.08265706400006,24.593756787285383],[121.0826369470001,24.593687999285379],[121.082616796,24.593580240285444],[121.0825589650001,24.59338994528542],[121.08254881800006,24.593247781285388],[121.08252609200005,24.59305287928543],[121.08255850100007,24.59280749228547],[121.08257346299997,24.592701999285456],[121.082575848,24.592546061285436],[121.0826158010001,24.592330493285463],[121.08265835100009,24.592227270285438],[121.08273839600004,24.591965793285485],[121.08281093800007,24.591734137285506],[121.08284087900009,24.591543801285482],[121.08288589900008,24.591387829285544],[121.08291587499998,24.591238765285471],[121.08294330600003,24.591043825285507],[121.08297819299997,24.590770926285501],[121.08297808799999,24.590637941285511],[121.08298039300007,24.590561128285465],[121.08298297400002,24.590475111285457],[121.08301545500004,24.59032143828545],[121.08306800600005,24.590179243285498],[121.0830980190001,24.590080612285504],[121.083095437,24.589988888285479],[121.08307281400008,24.589920109285469],[121.08305771800006,24.589860502285518],[121.08302754500006,24.58975962028552],[121.08295978300004,24.589697756285538],[121.08286690700001,24.589590047285519],[121.08274394500005,24.589489236285537],[121.08262098200011,24.589392992285472],[121.08250050500006,24.589264668285509],[121.08238004300004,24.58915467228557],[121.08218683200005,24.589017212285569],[121.08206640000004,24.58894391128554],[121.08192588000004,24.588838521285524],[121.08172266300002,24.588735466285524],[121.08153199100005,24.588634690285541],[121.08129619500006,24.588554588285568],[121.08118331299995,24.588515680285557],[121.08104283400009,24.58846303728555],[121.08084971500001,24.588440224285527],[121.08068417600008,24.588408223285551],[121.08047348500004,24.588362497285502],[121.08025277300008,24.58832825228551],[121.08015243000001,24.588291630285585],[121.08004707500002,24.588255001285489],[121.07988157100009,24.588271161285579],[121.07964831399998,24.588227748285536],[121.07955798700006,24.588168177285485],[121.07949774600003,24.588099426285584],[121.07945001600001,24.587993977285564],[121.07936709800005,24.587780768285612],[121.07934189500011,24.587620256285557],[121.07931921000012,24.58747122728558],[121.079296544,24.58734511628554],[121.07926373899996,24.58708143728558],[121.07923596900005,24.586842962285573],[121.07921330000013,24.586714557285607],[121.079195633,24.586567818285545],[121.07917038800007,24.58635227728556],[121.079145131,24.586116096285565],[121.07910731199998,24.585852418285608],[121.07907709900007,24.585698798285602],[121.07906946100003,24.585547452285599],[121.07906682800001,24.585386947285652],[121.07903401800006,24.58511178228563],[121.07901873800002,24.584809106285636],[121.07897594700002,24.584600461285607],[121.07895825600008,24.584426187285665],[121.07895059400006,24.584245044285609],[121.07890031699998,24.584089141285585],[121.07884504500012,24.583956156285609],[121.07873705699998,24.58375444628561],[121.07863160600007,24.583589406285647],[121.07853371700004,24.583474819285669],[121.07841072300008,24.583321255285664],[121.07820492300002,24.583103542285681],[121.07810705200008,24.583009584285644],[121.077966508,24.58286291928567],[121.07781092600008,24.582725427285673],[121.07768293800007,24.582597094285624],[121.07747966900004,24.582409180285723],[121.07728647300003,24.582269422285709],[121.07712840500001,24.582157156285653],[121.07697034200008,24.582054065285647],[121.076882533,24.582003683285752],[121.07663412799997,24.5818066192857],[121.07644344900001,24.581680619285663],[121.07629792200004,24.581572932285731],[121.07614488600009,24.581481295285709],[121.07601693800007,24.581405706285668],[121.07575853000002,24.581247632285741],[121.07545745200005,24.581032273285683],[121.07525405800003,24.580667789285734],[121.07522881999995,24.580447659285738],[121.07520860999999,24.580248176285661],[121.07521098000011,24.580064725285681],[121.07518825999999,24.579858355285747],[121.075190644,24.579693250285683],[121.07517543900008,24.579479998285727],[121.07517783200001,24.579321791285771],[121.07516768900007,24.579175023285718],[121.07516508700004,24.579046607285743],[121.07515240300006,24.578849404285791],[121.075119693,24.578700372285791],[121.07506684799998,24.578452754285738],[121.07498640800007,24.578186803285771],[121.074981275,24.578030867285747],[121.07495105499999,24.577856606285813],[121.07491834600003,24.577707574285839],[121.07489318400009,24.577588343285736],[121.07486799000004,24.577432434285807],[121.07478243800007,24.577035766285761],[121.07474722000011,24.576884451285771],[121.07472453600008,24.576726231285832],[121.0746591620001,24.576485488285808],[121.07455362900006,24.576192040285779],[121.07452592900007,24.576033831285848],[121.07445809600004,24.575861891285836],[121.07441786200002,24.575708276285827],[121.07433994300007,24.575460669285771],[121.0742168960001,24.575219967285843],[121.07413153300004,24.5750755552858],[121.07403863899998,24.574919672285866],[121.07396832500004,24.574782115285863],[121.07379768400004,24.574605666285827],[121.07365459900001,24.574397069285887],[121.07354916900009,24.574236623285863],[121.07342115599997,24.574062418285845],[121.07337341900002,24.573934022285872],[121.07322532100002,24.573725448285845],[121.07308468200002,24.573425133285884],[121.07302943600007,24.573317381285857],[121.07292400600014,24.573161523285844],[121.07285871100008,24.573021670285904],[121.07273817899996,24.572785558285911],[121.07267283500006,24.572583803285923],[121.07265016100006,24.57243705028586],[121.0726174390001,24.572262799285923],[121.07260225800006,24.572077063285828],[121.07256436800003,24.571694139285963],[121.0725541930001,24.571494642285895],[121.07254908000003,24.571361647285901],[121.07254645100008,24.571191952285901],[121.07253126300004,24.57100164028596],[121.07252862200004,24.570813596285873],[121.07249082100009,24.570552201285913],[121.07246059200006,24.570361893285988],[121.07240261299999,24.569935407285971],[121.07232461900001,24.569575435285945],[121.072286886,24.569403470285923],[121.07224163500008,24.569240692285955],[121.07221645100005,24.569093938285988],[121.07216858399998,24.568779802285945],[121.07207801100003,24.568355640285933],[121.07199994599998,24.56789477128601],[121.07190442899999,24.567566904285982],[121.07188935799999,24.56753022828596],[121.07185665700001,24.567388075286022],[121.07182143900003,24.567227575285965],[121.07177618300003,24.567057917285968],[121.07172085999999,24.566833223286025],[121.07168060600011,24.56664520728603],[121.07161526100003,24.566434286285983],[121.07157757200001,24.566321938286027],[121.07152234899999,24.566239424286046],[121.07149719800013,24.566133950286009],[121.07138676100013,24.565975788285989],[121.07132902899998,24.565890981285989],[121.07123110600003,24.565700707286059],[121.07116081199999,24.565579211286042],[121.07106037499993,24.565377480286067],[121.07101516300011,24.565267440286021],[121.07091975600002,24.565088622286058],[121.070806733,24.564822693285993],[121.07074896500004,24.564682845286065],[121.07070872000007,24.564504000286011],[121.07066850300011,24.564366446286098],[121.07068065300008,24.563827550286103],[121.07065546500002,24.563662459286032],[121.0706327800001,24.563497359286057],[121.07058504200006,24.563357514286125],[121.07049973399999,24.563272726286129],[121.07043700900005,24.5632154322861],[121.07030156599996,24.563146722286096],[121.07010091599996,24.563057403286077],[121.06995543700009,24.562977230286116],[121.06974477600008,24.562910848286126],[121.06954917599995,24.562871997286109],[121.06937863499999,24.56280557828612],[121.06907771000012,24.562734659286122],[121.06890466000002,24.562670560286147],[121.06873411500014,24.562601856286147],[121.06858111400007,24.56252168628609],[121.0683603870001,24.562400276286084],[121.06822743600004,24.562308627286043],[121.06811955999997,24.56221925528612],[121.06797156900011,24.562129909286096],[121.06786620300008,24.562045130286105],[121.06767053800003,24.56190305728607],[121.06744224000009,24.56170598628611],[121.06725406700005,24.561524932286144],[121.06713114700003,24.561433281286114],[121.06700319000001,24.561304937286064],[121.06688778300003,24.561204100286066],[121.0667071700001,24.561073496286109],[121.06639858399997,24.560789321286133],[121.06602477200011,24.560454729286175],[121.06589179600005,24.560317214286165],[121.06575631800004,24.560191175286132],[121.065598268,24.560053670286127],[121.06547282300004,24.559934499286122],[121.065367452,24.559833654286223],[121.06522945400005,24.559686968286162],[121.06506638200004,24.559535723286182],[121.06492840700001,24.559425729286136],[121.06480800100007,24.559336358286121],[121.06470012300005,24.559237810286131],[121.06457720600008,24.559143861286195],[121.064361467,24.558967412286162],[121.06420843000005,24.558820731286183],[121.064130654,24.558742807286226],[121.06398013200005,24.558609885286149],[121.06385220900003,24.558527406286178],[121.06367156700001,24.558344060286192],[121.06344575099999,24.558091933286221],[121.06333538300008,24.55801403228617],[121.06322248299999,24.557899431286199],[121.06309203800004,24.557791726286162],[121.06293646700014,24.557603782286158],[121.06281103400012,24.55748918528618],[121.06272827300006,24.557457121286195],[121.06262295400003,24.557434249286249],[121.06253018000008,24.557420536286195],[121.06249261000009,24.557482472286157],[121.06242999800006,24.557583396286244],[121.06239998900006,24.557704957286184],[121.06231737000006,24.557886156286159],[121.06225987900009,24.558154484286149],[121.06218978700007,24.558326495286153],[121.06214725400002,24.558464113286174],[121.06211223300014,24.558587959286211],[121.06200209800009,24.558867774286167],[121.06193453400009,24.559071899286181],[121.06188197200001,24.559211807286125],[121.06181438500001,24.55938153328621],[121.06176683899999,24.559521437286154],[121.06166917800009,24.55970953228617],[121.06158650900008,24.559817343286209],[121.06152889500001,24.559902221286119],[121.06139858200007,24.560003181286117],[121.06122312300012,24.560074373286142],[121.06107020700007,24.560115724286192],[121.06091980000005,24.560161661286173],[121.06070419899999,24.560198468286117],[121.06050115700006,24.560269651286134],[121.06027052600008,24.560327096286183],[121.06015770400009,24.560338627286157],[121.05990954000004,24.560423597286182],[121.05974157200001,24.560453494286161],[121.05927529699997,24.560572977286096],[121.05906721100008,24.560600597286154],[121.05889923400005,24.560614441286155],[121.05877388400006,24.560637433286104],[121.05859587000006,24.560642108286128],[121.05842035900004,24.5606353222861],[121.05819950100003,24.557911214286193],[121.05826066600005,24.557830923286208],[121.05832076400004,24.557707059286177],[121.05835081600004,24.557654309286249],[121.05843601400009,24.557576294286189],[121.05853624100003,24.557477641286201],[121.05862143800006,24.557399635286234],[121.05873921400003,24.557298681286227],[121.05885950399995,24.557213773286225],[121.05890209200003,24.557156421286177],[121.05902238900003,24.557076098286213],[121.05910258700008,24.557030200286235],[121.059207859,24.556975110286203],[121.05939836800003,24.556917693286252],[121.05961645300005,24.556855667286275],[121.05974930900003,24.556816610286234],[121.05994484800013,24.556777518286204],[121.06012282900002,24.556733866286237],[121.06029830600005,24.556692497286271],[121.06057657100008,24.556639611286247],[121.06068686700006,24.556607451286169],[121.06081471399999,24.556575284286254],[121.06102279600006,24.556556834286233],[121.0612208360001,24.556513162286269],[121.06140132400002,24.556467196286292],[121.06158932800004,24.556412061286256],[121.06184249800003,24.55632479228623],[121.06198536000012,24.556253631286211],[121.06210566800004,24.556198541286271],[121.06218587000001,24.556154917286218],[121.06230865799996,24.556058544286227],[121.06242141000007,24.555946124286269],[121.06252661200006,24.555792435286246],[121.06260921400005,24.555588302286232],[121.06268177200002,24.555356653286267],[121.06269927100004,24.55528097628622],[121.06275934900005,24.555141065286286],[121.06281946900003,24.555058480286277],[121.06290466100008,24.554980462286228],[121.06301742399997,24.554890973286291],[121.06311016000002,24.554847353286242],[121.06322548000006,24.554833535286242],[121.063348322,24.554817421286238],[121.06349120100002,24.554778366286211],[121.06360148700001,24.554732444286316],[121.06385716500002,24.554654334286255],[121.06406018200001,24.554560203286286],[121.06419802600006,24.554486757286252],[121.06442108600004,24.554371966286254],[121.06454138600004,24.554309994286289],[121.06468673000008,24.554202138286247],[121.06484460500009,24.554096566286297],[121.06509770400005,24.553908395286271],[121.06522301100006,24.553839531286268],[121.0653332600001,24.553743161286288],[121.06550620500005,24.553669690286263],[121.06571421400011,24.553552621286247],[121.06587462200005,24.553479155286293],[121.06606259999997,24.553394210286292],[121.06626313300004,24.553341348286271],[121.06640348100002,24.553265598286313],[121.06657388800009,24.553153140286341],[121.06673174899998,24.55302693428629],[121.06689211900002,24.552903016286333],[121.06728050300002,24.552581756286326],[121.06746843600001,24.552437189286266],[121.06762881500008,24.552329324286312],[121.06773155600006,24.552258175286283],[121.06822767499997,24.55184513128631],[121.06841058399999,24.551691392286301],[121.06864111100005,24.5515101042864],[121.06886162800001,24.551358634286309],[121.06909716500004,24.551177333286319],[121.06922498200005,24.551115347286338],[121.06938283500006,24.550982261286343],[121.06951565600002,24.550906500286306],[121.06961590099998,24.550853706286379],[121.06998675600003,24.550582903286362],[121.07013463200011,24.550525490286411],[121.07024739399999,24.550447454286342],[121.07034013200004,24.550415306286357],[121.07049299600007,24.550318904286364],[121.07065341500004,24.550272944286391],[121.07076870700006,24.550229308286426],[121.07097423600011,24.550160393286312],[121.07119733500009,24.550116697286342],[121.07128756799999,24.55008912528637],[121.07155074700003,24.550004128286357],[121.0717362270001,24.54994668928639],[121.07185654800001,24.549921386286357],[121.07205457400005,24.549877700286373],[121.07212224999996,24.54986160528637],[121.07228016400006,24.54981794728641],[121.07252334200004,24.549808629286435],[121.07262360000006,24.549778758286354],[121.07286926100005,24.549735048286387],[121.07294696100008,24.549712069286354],[121.07304217800004,24.549640929286422],[121.07316999200006,24.549578928286351],[121.07331785400004,24.549507753286331],[121.07346069300003,24.549420528286387],[121.07365611100013,24.549243853286349],[121.07377132599999,24.54909701428646],[121.07398174199999,24.548860687286357],[121.07409694100012,24.548693226286364],[121.07425729400005,24.548564710286392],[121.07438006600002,24.548466035286399],[121.07445911500005,24.548398282286392],[121.07451370400004,24.548331684286389],[121.07453996000001,24.548241070286444],[121.07453584700011,24.548150477286413],[121.07449865099996,24.547997340286361],[121.07431684000001,24.547706518286454],[121.07426623400008,24.547603414286453],[121.07422812700003,24.547491086286481],[121.07422013100009,24.547385524286369],[121.074214633,24.54727765728644],[121.07424661500006,24.547142109286398],[121.07435851800008,24.546939671286445],[121.07451018800012,24.546659041286404],[121.07462206200003,24.546449731286419],[121.07472649600005,24.546258798286424],[121.07481356900006,24.546109254286495],[121.07494294700003,24.545890691286456],[121.07512947000008,24.545557124286468],[121.07518420000008,24.545462798286483],[121.07531880200006,24.545290125286499],[121.07537361200004,24.545214165286446],[121.07548061200011,24.545036998286442],[121.07554521500005,24.544908213286533],[121.07568453600001,24.544671225286475],[121.07576167400011,24.544542397286559],[121.07588602500006,24.544321543286507],[121.07595074000001,24.544217994286463],[121.07604769300006,24.544036273286522],[121.07614241600008,24.543916546286489],[121.07622711400005,24.543796835286525],[121.07634945499997,24.543686196286522],[121.07647688100005,24.543591589286514],[121.07663185500006,24.543489990286549],[121.07681438900005,24.543385982286548],[121.07727498300008,24.543234992286497],[121.07738010800009,24.543197856286554],[121.07756032100005,24.543135193286503],[121.07770293300004,24.543072639286489],[121.077873039,24.542991642286538],[121.07816566900006,24.542841303286526],[121.07831328399999,24.542776445286496],[121.07844322500002,24.542684129286499],[121.07866822200008,24.542545524286492],[121.07892817800008,24.542376938286576],[121.07903816600003,24.542307655286528],[121.07913311700007,24.542238417286562],[121.07931294100003,24.542090808286535],[121.07944554000008,24.542030604286523],[121.07962298299999,24.541910552286549],[121.07985274000012,24.541716833286511],[121.07997518900004,24.541631428286546],[121.08014010000009,24.541511426286569],[121.08023756800006,24.54144447828655],[121.080349791,24.541315487286528],[121.08045679300008,24.541140628286545],[121.08053619900008,24.54096125528654],[121.08055327600009,24.540857899286518],[121.08052747899998,24.540697315286554],[121.08051708800011,24.540617017286571],[121.08049898600002,24.540495426286544],[121.08041756100012,24.540229468286579],[121.08033879800008,24.539997937286614],[121.08030796600009,24.539832787286631],[121.08029472400008,24.539676755286585],[121.08029662600005,24.539543605286596],[121.08028334200003,24.539378382286621],[121.08023012600006,24.539252348286581],[121.08011612300007,24.538988809286629],[121.08004532100004,24.53885365728663],[121.08001701400011,24.538693083286589],[121.08000133100005,24.538550831286635],[121.08001060700009,24.538385525286639],[121.08004750000005,24.538229287286683],[121.08011431899997,24.538038506286618],[121.08011632700008,24.537928307286659],[121.08007810100001,24.537790735286649],[121.08004005200006,24.537692177286669],[121.08000968800005,24.537630327286688],[121.07982817100003,24.537403779286688],[121.079666907,24.537220775286666],[121.07959621400001,24.537110868286629],[121.07952562200003,24.537021618286701],[121.07948254100002,24.536918494286713],[121.07944193299997,24.536808471286669],[121.079370443,24.536521812286658],[121.07932423999999,24.536283266286649],[121.07929611500006,24.536161724286636],[121.07921256100009,24.535978418286653],[121.07915444099997,24.535875346286648],[121.07894034800002,24.535651225286674],[121.07879939799999,24.535525524286676],[121.07869618700006,24.535429521286733],[121.07856774100001,24.535296879286676],[121.07844925100007,24.535148135286725],[121.07835352900005,24.535045219286747],[121.078030947,24.534665431286673],[121.07791994600005,24.534509757286674],[121.07788453999997,24.534441038286676],[121.07786419500006,24.53437684428668],[121.07779838800003,24.534237083286676],[121.07782297800011,24.534131404286729],[121.07785240300007,24.533986664286665],[121.07789182900004,24.533835012286715],[121.07795884499998,24.533687843286732],[121.07798619100004,24.533637239286708],[121.0780609870001,24.533547425286734],[121.07812823300006,24.533450754286743],[121.07818805000014,24.533374772286763],[121.07826288800003,24.533294140286749],[121.078355253,24.533208849286709],[121.07849706500012,24.532971865286733],[121.07853933500006,24.53289596528677],[121.07858149199998,24.532794782286736],[121.07861363299997,24.532695952286733],[121.07864575000006,24.532592536286799],[121.07866540900001,24.532505225286769],[121.07866736600009,24.532383568286747],[121.07867193400001,24.532284844286742],[121.07866604800006,24.532092042286791],[121.07865556300008,24.531991087286698],[121.07862753299999,24.531890202286789],[121.07855685,24.531780294286765],[121.07850615499997,24.531656552286744],[121.07848307600003,24.531541851286846],[121.07845738700003,24.531404227286728],[121.07846684200001,24.531277954286772],[121.07846887100001,24.531172341286734],[121.07848832099999,24.531039136286736],[121.07851544900002,24.530940327286739],[121.07853250600012,24.530832358286769],[121.07854428300003,24.530664757286772],[121.07854875600005,24.530545373286742],[121.07852932000004,24.530127678286831],[121.07851110000004,24.529978547286849],[121.078490288,24.529811053286757],[121.07845410600012,24.529570181286825],[121.07839985799997,24.529214594286803],[121.07836148200009,24.529042576286784],[121.07829818500011,24.528902806286851],[121.078232658,24.528825020286817],[121.078111605,24.528662516286783],[121.07796312600007,24.528532251286851],[121.07780472000005,24.528424979286854],[121.07759354800005,24.528288073286813],[121.07743025800005,24.528208367286791],[121.077284832,24.528199756286785],[121.07709151299998,24.528131641286844],[121.07678037400001,24.528061691286826],[121.07655959000013,24.528016639286918],[121.07644420399997,24.527998730286853],[121.07625359000004,24.527974215286871],[121.07609280699994,24.527894496286855],[121.07580429200009,24.527838229286807],[121.07558840600005,24.527767912286858],[121.07553300400001,24.527710742286839],[121.07541231500012,24.527628567286879],[121.07528653200005,24.527528056286833],[121.07518842700009,24.527450392286791],[121.0749222430001,24.527343541286836],[121.07477910899996,24.527286702286847],[121.07456824900009,24.527218656286806],[121.07437999800001,24.527162003286826],[121.07418435100007,24.527132918286824],[121.074061376,24.527098965286868],[121.07376283800009,24.527042726286837],[121.07365742800008,24.527013297286889],[121.07345895700008,24.526913066286848],[121.07331308000001,24.526803453286835],[121.07320475200001,24.526682210286843],[121.07310656700004,24.526586173286901],[121.07295087200004,24.526522503286866],[121.07270991100002,24.526449981286905],[121.07253675600009,24.5264047392869],[121.072366299,24.526403098286846],[121.07217306900009,24.526353350286907],[121.072112737,24.526314554286902],[121.07202477100007,24.526262100286829],[121.07179860700002,24.526134422286912],[121.07169029200013,24.526015481286848],[121.07152911500009,24.525846237286885],[121.071441099,24.525782300286924],[121.07135314200002,24.525732141286849],[121.07119988500003,24.525652389286932],[121.0709687530001,24.525533920286907],[121.07075532800003,24.525452100286884],[121.07057705500003,24.525383926286917],[121.07046147900004,24.525322393286892],[121.07028558099996,24.525224367286871],[121.07017242900011,24.525144451286913],[121.06994110199997,24.524982371286931],[121.06975238700008,24.524820117286911],[121.06959394700002,24.524701360286862],[121.06944049500012,24.524578005286962],[121.06934994499998,24.524507187286968],[121.06906314999998,24.524271854286948],[121.06891967600002,24.524136972286897],[121.06879143600008,24.524045649286894],[121.068648139,24.523949791286949],[121.06849487200006,24.52386774228691],[121.06821591600007,24.523703540286927],[121.06802001200001,24.52361475728695],[121.06783128100003,24.523447915286919],[121.06738404500005,24.52320631228692],[121.06702211200006,24.522982743286896],[121.06700646099999,24.522845077286966],[121.06694025600004,24.522611193286895],[121.06692494199999,24.522549281286931],[121.06692109200003,24.522246288287004],[121.06690233700009,24.521973206286972],[121.06687917000011,24.521835571286953],[121.0668658540001,24.521658881286985],[121.06685536000009,24.521553316286973],[121.06680439500006,24.521365295286952],[121.06672577000002,24.521156706287019],[121.0667328830001,24.521064860286973],[121.06670982600004,24.520952469287003],[121.06668399100015,24.520778123286963],[121.066696319,24.520732160286993],[121.066715892,24.520624202287014],[121.06676257099997,24.520410546287028],[121.06685707200006,24.520242619287085],[121.066939023,24.520070148287026],[121.06704879700011,24.519954953286998],[121.06730811200006,24.519648667287054],[121.06751250100001,24.519390799287038],[121.06757700299995,24.519241340287032],[121.06765392800001,24.51906659628705],[121.06769602000011,24.518949371287047],[121.06775542099997,24.518779294287004],[121.06785925400001,24.518455224287116],[121.06789144700005,24.518367882287077],[121.06793569500006,24.518172591286998],[121.06798024,24.518043883287095],[121.0680770040001,24.517820851287041],[121.06819358100007,24.517544955287047],[121.0682380840001,24.517407053287098],[121.06829511500003,24.51726911128705],[121.06834223200002,24.517154158287131],[121.06839635800004,24.516926705287066],[121.06844321800003,24.516754355287109],[121.06848257400007,24.516586644287091],[121.06851207900003,24.516457984287104],[121.06851630600013,24.516281214287044],[121.06853582699998,24.516161780287117],[121.06853692600006,24.515845016287109],[121.06852092799998,24.51562929428713],[121.06851776000006,24.515480109287132],[121.06851708800004,24.51532860428712],[121.06851386700009,24.515167936287149],[121.06852397200004,24.514621579287081],[121.068530796,24.514465465287131],[121.068547056,24.513611498287098],[121.06854139700008,24.513466912287129],[121.06854767299998,24.513186849287145],[121.06854757800015,24.512601491287128],[121.06854737600004,24.512555588287157],[121.06854941200004,24.512449994287209],[121.06857148100006,24.512339731287145],[121.06860861300005,24.512236297287213],[121.068623194,24.512132934287184],[121.06868950700006,24.511827391287135],[121.06873629900004,24.511641291287205],[121.06875336300001,24.511533326287235],[121.06879521600004,24.511363308287219],[121.06883939900004,24.511154260287231],[121.06892271400001,24.510726988287235],[121.06894478000004,24.510616707287181],[121.06897660700011,24.510446731287242],[121.06898631400011,24.510375533287203],[121.069031102,24.510301909287247],[121.069090231,24.510072131287256],[121.06917183100002,24.509823915287239],[121.06920667699995,24.509768694287192],[121.06924124100007,24.509651491287279],[121.06925827400006,24.509536653287189],[121.06931250200003,24.509332148287243],[121.06931437800007,24.509189834287273],[121.06931652400009,24.509109485287279],[121.06930599300001,24.508994750287211],[121.06927292800003,24.508886986287273],[121.06924485100001,24.508772321287292],[121.06919672300003,24.508657739287219],[121.06906571500011,24.508504451287248],[121.06900017800004,24.508419753287249],[121.06871218500008,24.507906687287264],[121.06860638400003,24.507785440287279],[121.06847515299999,24.507581652287296],[121.06843223500002,24.507510668287292],[121.06822550399995,24.507235993287299],[121.06812203700011,24.507075703287281],[121.06809915599999,24.507002343287336],[121.06811640300008,24.506935710287241],[121.06820119599999,24.506841265287242],[121.06833630499996,24.506790244287288],[121.0684212980001,24.506741720287366],[121.06853641200011,24.506702258287298],[121.06878165800006,24.506620974287323],[121.06906204200007,24.506551033287316],[121.06919975000002,24.506520662287286],[121.06935492700005,24.506474163287344],[121.06951013700002,24.506434537287362],[121.06998804400006,24.506260552287355],[121.07031806000008,24.50608023528736],[121.07038273000003,24.505969807287364],[121.07049960900011,24.505765058287313],[121.07061858499998,24.505468490287281],[121.07069299000003,24.505293745287311],[121.07072488700007,24.505139831287373],[121.07074942300007,24.50502266828736],[121.07085815900011,24.50467792728735],[121.07091783300005,24.504572116287392],[121.07099728400007,24.504404239287371],[121.07115937299999,24.504222274287415],[121.071354132,24.504060833287387],[121.071653707,24.503800297287327],[121.071883316,24.503585939287358],[121.07206310700006,24.50344063028734],[121.07210791200012,24.503371591287383],[121.07214448900002,24.503144199287423],[121.07214319700002,24.502854983287374],[121.07211478899995,24.50266686928736],[121.07211890600003,24.502467146287351],[121.07210835999997,24.502350116287367],[121.07214221600012,24.502074537287388],[121.07217107600002,24.50180355328737],[121.07217047000003,24.501668129287435],[121.07213941400006,24.501447881287422],[121.07211124299995,24.501312558287417],[121.07194441700008,24.50099414228746],[121.07183832100009,24.500806317287466],[121.07176012100001,24.50069184928741],[121.07168911300003,24.500503900287416],[121.07166599399997,24.500377738287455],[121.07164505400011,24.500178118287472],[121.07166200000009,24.500044914287461],[121.07175851999999,24.499771381287481],[121.07180076100012,24.499690886287489],[121.07186001500003,24.499490946287466],[121.07187214400004,24.499401383287424],[121.07192859400003,24.499134884287496],[121.07196233700007,24.498834048287492],[121.07195170799997,24.498698655287473],[121.07192818799999,24.498482982287488],[121.07189773700003,24.498398169287494],[121.07188299700006,24.498381364287514],[121.07205819099998,24.498413622287526],[121.07246000600003,24.498602587287422],[121.07275879400005,24.498729970287485],[121.07288684999999,24.498784570287476],[121.07307503400003,24.498836638287425],[121.07341125300005,24.49892715428745],[121.07354172000008,24.498961085287512],[121.07376253800007,24.499024505287526],[121.07394070200004,24.499076604287477],[121.07415646299995,24.499130862287426],[121.07449528300005,24.499242023287476],[121.07467341500002,24.499287242287494],[121.07497704600009,24.499375585287424],[121.07521787300004,24.499429748287461],[121.07543349400012,24.499451860287429],[121.07567395900003,24.499425674287476],[121.07583682800008,24.499420454287495],[121.07610224100002,24.499368928287506],[121.07645273299998,24.499289513287504],[121.07680824699999,24.499212387287418],[121.07694585000002,24.499161339287475],[121.07723649600008,24.499148740287495],[121.07755709000006,24.499108467287542],[121.07767233600009,24.49910112328746],[121.07793521000006,24.499042714287512],[121.07809308400009,24.499042100287468],[121.07833368500008,24.499045759287494],[121.07868212700006,24.499067347287422],[121.0788349930001,24.499066753287462],[121.07891519500006,24.499068733287444],[121.07906325799999,24.499114061287461],[121.079191325,24.499170950287454],[121.07940222600004,24.499257355287416],[121.07952554100004,24.499371641287457],[121.07966145699999,24.499501958287492],[121.07976700000005,24.499565819287437],[121.08006316000004,24.499663355287424],[121.08078811000006,24.499816614287393],[121.08090858700007,24.499857460287501],[121.08102154199999,24.499898337287412],[121.08115218100008,24.499968982287488],[121.08127034900006,24.500053455287453],[121.08187569300004,24.500356377287456],[121.0819986250001,24.500385736287402],[121.08223469300002,24.500494984287382],[121.08245562400008,24.500581343287418],[121.08316395699998,24.500936643287417],[121.08366607800004,24.501134389287419],[121.08395458700012,24.501202117287431],[121.08418029000003,24.501235651287445],[121.08435830500004,24.501253313287407],[121.08460655100008,24.501284468287402],[121.08503775900013,24.501319494287458],[121.08555146200001,24.501308288287422],[121.08605945500001,24.501145594287465],[121.08625702400002,24.501055300287454],[121.08641186100013,24.500937609287401],[121.08646191,24.500921345287392],[121.08668175800007,24.500771274287498],[121.08686889000002,24.500591492287459],[121.08703369100007,24.500459980287403],[121.08713338499997,24.500340235287467],[121.08722786500006,24.500176891287452],[121.08729744500013,24.500048060287455],[121.08739175700012,24.499847987287421],[121.08754357100007,24.499617840287478],[121.08768324399999,24.499472664287449],[121.08774806500003,24.499398942287492],[121.08782556900003,24.499359630287433],[121.08797325700002,24.499322317287469],[121.08806082200007,24.499289834287438],[121.08869355300008,24.49900729028743],[121.08906869500005,24.49884051228749],[121.08925363199998,24.498729608287459],[121.08937598300007,24.498632699287516],[121.08955087500006,24.498517241287484],[121.08994528000001,24.498234581287452],[121.09012656500008,24.498097375287568],[121.09026530300002,24.49797180028747],[121.0904165100001,24.497857737287465],[121.09080874900006,24.497708017287504],[121.09104225600002,24.497672312287488],[121.09133817300005,24.497685053287469],[121.09157946000005,24.497608087287507],[121.09187130600004,24.497467114287481],[121.09213740500003,24.497433843287482],[121.09232798600009,24.497443829287505],[121.09245603999999,24.49742373428753],[121.09272268700013,24.497301002287507],[121.09307970900009,24.497167171287529],[121.09331373300002,24.49704658028751],[121.09373885500008,24.496851101287501],[121.09410848399995,24.496705867287485],[121.0945406940001,24.49658153728749],[121.094882197,24.496523357287479],[121.09523360800006,24.496485855287492],[121.09560759000007,24.496448456287499],[121.09595907200004,24.496399485287533],[121.09619746300004,24.496384444287543],[121.09669177800001,24.496359020287478],[121.09697522300009,24.496360238287579],[121.09721598400003,24.496368146287523],[121.09775019600008,24.496381896287506],[121.098073521,24.496424573287566],[121.09831901900006,24.4964783892875],[121.09837650300003,24.496513041287503],[121.09851381900003,24.496619158287587],[121.09872045000006,24.496876982287507],[121.09887748600011,24.497040556287534],[121.09905662499999,24.497282198287461],[121.09920357300008,24.497454898287529],[121.09941058000008,24.49765079228748],[121.09959514199996,24.497825932287487],[121.09978745200007,24.497964400287479],[121.10000752200007,24.498075454287434],[121.10033349300014,24.498227945287432],[121.10056640700006,24.498296302287496],[121.10067430300001,24.498325710287531],[121.10089508700005,24.498379890287477],[121.10105057899996,24.49840451628749],[121.10119348200007,24.498417711287502],[121.10134634800009,24.498417094287444],[121.10154923900009,24.49839561428745],[121.10173443300003,24.498342055287466],[121.10189962399994,24.498297783287434],[121.10199970000008,24.498262945287493],[121.102077342,24.49825344928751],[121.10234290200003,24.498236293287505],[121.10245574600005,24.498251910287472],[121.10264699199998,24.498418707287502],[121.10269482000004,24.498464415287469],[121.10277800299998,24.498567371287546],[121.10282092999996,24.498636062287453],[121.10285147900004,24.498736940287444],[121.10289475900005,24.498881381287486],[121.1029403360001,24.498979903287456],[121.10305878800003,24.499121748287479],[121.10325486100008,24.499249491287479],[121.10348349099999,24.499372516287437],[121.10362655300003,24.499417843287457],[121.10383244500009,24.499501934287483],[121.1039529840001,24.49955424628746],[121.10444500499997,24.499731280287453],[121.104630821,24.499808576287446],[121.10471666400007,24.499943653287428],[121.10475957100006,24.500007746287402],[121.10482522499998,24.500113079287409],[121.10489843399999,24.500225258287447],[121.10498172900004,24.50035116328748],[121.10510008600008,24.500472340287459],[121.10521574200006,24.50055221128741],[121.10532376300003,24.500606860287398],[121.10555711900005,24.500667887287456],[121.105732618,24.500683239287405],[121.10588558300006,24.500703277287471],[121.10616871100004,24.500690645287399],[121.10634910899996,24.500683024287394],[121.10649447300001,24.500684727287439],[121.10676492900008,24.500642298287392],[121.10690281600004,24.500653215287414],[121.10705071300002,24.50066178728742],[121.107288787,24.500660815287411],[121.10754696000004,24.500671241287495],[121.10787525000001,24.500669897287452],[121.10804068000003,24.500676107287447],[121.10815802500004,24.500707589287373],[121.10833980500001,24.500755245287419],[121.108609074,24.500821074287444],[121.10872692400007,24.500855860287391],[121.10886723500003,24.5009343662874],[121.10892986899997,24.500971294287432],[121.10903757900009,24.501042815287391],[121.10917268500009,24.501187921287411],[121.10925257400004,24.501337492287441],[121.10933491500009,24.501507727287397],[121.10950731400007,24.501779311287397],[121.10958973800003,24.501919687287369],[121.109677164,24.502066959287383],[121.10974969300004,24.502154479287434],[121.10983971600002,24.502269596287444],[121.10993466300008,24.502419191287395],[121.10999220400002,24.502483679287387],[121.11014489300004,24.502624258287376],[121.11035292900011,24.502716726287396],[121.11044567699997,24.50275373928735],[121.11049825599997,24.502797536287428],[121.11060096500003,24.502862154287346],[121.11070110199998,24.502949725287394],[121.11081859300009,24.503115472287345],[121.11090352700003,24.50325585728741],[121.11101344900005,24.503435361287337],[121.11109596400004,24.503543577287402],[121.1112460290001,24.503727783287367],[121.11132110400001,24.503803806287358],[121.11170125099994,24.504275850287318],[121.11182136200001,24.504402535287308],[121.11193646700005,24.504522319287375],[121.11204650099999,24.504662764287342],[121.1121389330001,24.504816957287311],[121.11229651800009,24.505003486287372],[121.11248656000009,24.505252138287336],[121.11258893500002,24.505440812287311],[121.11266391800002,24.505551297287305],[121.11281141700005,24.505756180287282],[121.11297643600004,24.505979497287285],[121.11307394300002,24.506113008287318],[121.11315902099994,24.506202846287287],[121.11322393300009,24.50632709028736],[121.11333146299999,24.506465233287319],[121.11355436400007,24.506628969287274],[121.11373971400005,24.506760427287308],[121.11401784100006,24.506919723287261],[121.11433104800004,24.507099774287312],[121.11464436100002,24.507240777287254],[121.11502789700003,24.507398051287289],[121.11522091300003,24.507479010287241],[121.11539633300006,24.507571379287249],[121.11552663500002,24.507645253287315],[121.11592256299998,24.507859993287308],[121.11604281100009,24.507938433287233],[121.11622568500002,24.508058404287297],[121.11643373700011,24.508148570287286],[121.11658662199997,24.508222499287278],[121.11695759200011,24.508388922287281],[121.11714315800008,24.508442277287262],[121.11731626300001,24.508463421287306],[121.11748443000008,24.508454686287209],[121.11771026900011,24.508464489287221],[121.11790852300007,24.508465028287265],[121.11838784300004,24.508470919287227],[121.11869646600009,24.508492436287316],[121.11900777700008,24.508447327287225],[121.11927635700009,24.508427378287269],[121.11965539700012,24.508393924287258],[121.12002688300004,24.508369657287286],[121.12029295400011,24.508349699287237],[121.1206041610001,24.508343645287265],[121.12072710000004,24.508355463287266],[121.12095780800006,24.508420414287226],[121.12121350300008,24.508526787287227],[121.12142146300005,24.508651410287236],[121.12176974500007,24.508859120287273],[121.12203778500006,24.509041335287254],[121.12218799299998,24.509179591287229],[121.12234812699997,24.509359228287249],[121.12269092599999,24.509741523287257],[121.12279842400001,24.509898044287233],[121.12291350500004,24.510033908287284],[121.1230161540001,24.510126075287271],[121.123158961,24.510216056287167],[121.1232341890001,24.510239254287217],[121.12332455600003,24.510232599287193],[121.12340237500008,24.510223605287258],[121.12369639900005,24.510075055287214],[121.12386993500006,24.509935380287228],[121.12398316400001,24.509823093287256],[121.12408880800002,24.509733782287238],[121.12444869200004,24.509353347287213],[121.12455943100008,24.509234174287315],[121.12461986800011,24.509156222287245],[121.12470036100001,24.509087518287249],[121.12481361000005,24.508968340287247],[121.1249495080001,24.508823963287199],[121.12511297299994,24.508695734287254],[121.125206058,24.508608681287249],[121.12537448100009,24.508503436287256],[121.12549006599997,24.508448606287249],[121.12561321800003,24.508380010287247],[121.12581165200001,24.508313914287292],[121.12596731200003,24.508289054287285],[121.12613045900002,24.508280296287278],[121.12634871900003,24.508308446287288],[121.12654189100003,24.508334232287289],[121.12663968000005,24.508366656287301],[121.12685552800006,24.508358042287202],[121.12708396900007,24.508331079287299],[121.127309959,24.508283414287252],[121.12744805700008,24.508256210287229],[121.12766159800006,24.50816947928725],[121.12797320099999,24.508011768287265],[121.12816179800005,24.507867531287328],[121.12829503899998,24.507778277287311],[121.1284233570001,24.507652248287279],[121.12854159000004,24.507544586287249],[121.12873276399996,24.507375067287263],[121.12893408000001,24.507164240287317],[121.12905482200006,24.507056567287286],[121.12920572400003,24.506930610287366],[121.12939670600009,24.506832310287304],[121.12955249400002,24.506756903287286],[121.12965303899999,24.506695138287323],[121.12977357000001,24.506667886287282],[121.12999947600005,24.506650103287331],[121.13023031700004,24.506664495287271],[121.13036081700001,24.506662541287294],[121.13091540600007,24.506670891287278],[121.13117890900003,24.506671583287336],[121.13164307700006,24.506709552287273],[121.13205961900006,24.506726722287276],[121.1322176900001,24.506738628287298],[121.13243846999997,24.506762181287279],[121.13259656600009,24.506764905287319],[121.13307333900002,24.506779915287328],[121.13325900499999,24.506796491287275],[121.133429737,24.506764766287315],[121.13357280300013,24.506755945287296],[121.13421289599997,24.506695588287272],[121.13442124100007,24.506675449287297],[121.13473743000013,24.506680863287308],[121.13532473800004,24.506652529287265],[121.13554804700004,24.506669186287308],[121.13594455699999,24.506667908287291],[121.13640891500003,24.506632348287383],[121.13671255900012,24.506637736287285],[121.13683300199995,24.506642636287335],[121.13699107400006,24.506654539287343],[121.13719669000001,24.506719396287284],[121.13734708600012,24.506788718287254],[121.13756256700003,24.506922522287311],[121.13777050300007,24.507063201287309],[121.13788327100008,24.5071255252873],[121.13799349200005,24.507203941287319],[121.13816136899999,24.507307746287285],[121.13847706200008,24.507508432287274],[121.13860490400009,24.507566208287265],[121.13884048700005,24.507690880287278],[121.13892313699996,24.507755417287278],[121.13919885500005,24.507887094287248],[121.13943438300008,24.508034733287285],[121.13960478099996,24.508133957287335],[121.139765138,24.508235458287292],[121.13988784700004,24.508336875287245],[121.14012830300011,24.508521286287309],[121.14038381700003,24.508703442287274],[121.14051406899999,24.508802566287304],[121.14065436100012,24.508899416287239],[121.14079968899998,24.508989398287301],[121.14111784400002,24.509213065287245],[121.141313208,24.50936519228722],[121.14145847400006,24.509480445287245],[121.14164134500008,24.509611872287184],[121.141799276,24.509681192287246],[121.14213521999997,24.509817611287243],[121.14237084400003,24.509928489287272],[121.14252624800012,24.510004708287177],[121.14264395699999,24.510101497287188],[121.14270905700003,24.510161396287263],[121.14283174500007,24.510274287287274],[121.14301689300009,24.510499917287184],[121.14320718400005,24.510675006287297],[121.14329977400008,24.510780927287264],[121.14344245399998,24.510928326287189],[121.14355265300003,24.511018222287262],[121.14367789400001,24.511115028287179],[121.14384074200007,24.51122572128719],[121.14405125599998,24.511343420287165],[121.14418909400001,24.51141959228725],[121.14438705400005,24.511541863287146],[121.14450227000009,24.511631754287208],[121.14465505500004,24.511753904287193],[121.14484553600006,24.511855486287146],[121.14502104900011,24.51192025528718],[121.14505127200003,24.511876680287219],[121.14505665300013,24.511731949287238],[121.14508951000001,24.51164012928718],[121.14512005400006,24.511467908287237],[121.14515302500001,24.511327838287201],[121.1451883430001,24.511254407287254],[121.14530438300002,24.511015760287233],[121.14535245900001,24.510857346287182],[121.14540042799996,24.510742596287201],[121.14546094800001,24.510625586287198],[121.14553414000002,24.510460339287206],[121.14569295900002,24.510173552287192],[121.14582641800006,24.509992373287222],[121.14596730900007,24.509850304287188],[121.14608313900007,24.509694351287273],[121.14627422200006,24.509552402287241],[121.14635218200011,24.509485974287252],[121.14648805500009,24.509343861287228],[121.14672205400008,24.509098615287279],[121.14686798999998,24.50894505328727],[121.14698871300003,24.508839668287258],[121.14711698300007,24.508725119287284],[121.14727532600001,24.508629031287249],[121.14739098100009,24.508542007287247],[121.14778312000011,24.508281083287333],[121.1478560610001,24.508214640287246],[121.14799434700002,24.508109300287249],[121.14816277799999,24.507992543287262],[121.14838905500007,24.507823092287282],[121.14849213500008,24.507747535287248],[121.14863550600003,24.50761465028728],[121.14877380200002,24.507504703287232],[121.14887939600007,24.507426860287278],[121.14910319100011,24.507245915287239],[121.14932703500006,24.507044295287258],[121.14953575100002,24.506872502287344],[121.14977468200004,24.506659434287311],[121.14990548400012,24.506533404287357],[121.15005642300002,24.506384439287388],[121.15021980200001,24.506279162287303],[121.15034296500001,24.506199042287328],[121.15046602599998,24.506160303287317],[121.15058163300003,24.506091667287322],[121.15096045700004,24.506138555287297],[121.15181845200003,24.506246375287333],[121.15209941900001,24.506288430287352],[121.15241291600005,24.506367325287311],[121.15258099199998,24.506393015287294],[121.15273650000006,24.506427863287335],[121.15288197700012,24.506458088287356],[121.15315783500003,24.506536894287297],[121.15351647100013,24.506631975287249],[121.15366443800012,24.506671397287324],[121.15379986300003,24.506708485287284],[121.15396293300003,24.506729574287341],[121.15420373599997,24.506776117287284],[121.15448971100001,24.506822765287318],[121.15465031500005,24.506825463287363],[121.1548837160001,24.50681914728737],[121.155016774,24.506798795287288],[121.15532561100005,24.506730635287255],[121.155614453,24.506627948287285],[121.15586560599996,24.506545860287321],[121.15609163100012,24.50647748528726],[121.15644063500004,24.506402526287381],[121.15666418800008,24.506315778287302],[121.15685013299999,24.506217432287343],[121.15706875600006,24.506093905287337],[121.15718439600003,24.506009174287353],[121.15730511099999,24.505901497287315],[121.15743086799999,24.505784620287326],[121.15751896800009,24.505672263287359],[121.15768501400007,24.505498056287351],[121.15786359900001,24.505326192287342],[121.15794410300008,24.505243666287342],[121.15813081600001,24.50512181428731],[121.15843660300008,24.505047330287365],[121.15866554700001,24.504971463287305],[121.15883410900001,24.504915685287305],[121.15900537000006,24.504843833287318],[121.15914893400004,24.504783206287364],[121.15959780199996,24.504548629287321],[121.15975636900011,24.504490449287299],[121.15990040400004,24.504390753287325],[121.16003920500007,24.504309380287342],[121.1605107580001,24.504063536287344],[121.16061668300009,24.504007129287373],[121.160826442,24.503859815287356],[121.16091727900007,24.503807854287331],[121.161413658,24.503580645287364],[121.16178034200007,24.503510747287358],[121.16191084500004,24.503493643287367],[121.16208859199998,24.503506914287392],[121.16240628099999,24.503551447287357],[121.16260665900006,24.503558038287352],[121.16282455000005,24.503567104287391],[121.16317539400005,24.503563700287383],[121.16356626800005,24.503565290287419],[121.16372424800008,24.50355537728732],[121.16404750600009,24.503553988287369],[121.16433309400007,24.503559122287356],[121.16457885100007,24.50354318028737],[121.16472953700011,24.503514800287331],[121.16493256000004,24.503509920287378],[121.165063313,24.503472144287365],[121.16536958500004,24.503424623287344],[121.16567346400006,24.503367877287349],[121.16604276100004,24.503288793287386],[121.16632406000005,24.503234119287388],[121.16682510700002,24.503034524287397],[121.16707658800007,24.502958873287351],[121.16734800200005,24.502892605287379],[121.16758392800004,24.502860472287388],[121.16782992800005,24.502823847287384],[121.16799556200004,24.50280249128739],[121.16824164799999,24.502758960287341],[121.16842244900012,24.502726272287386],[121.16871140300006,24.502660182287343],[121.16897499600009,24.502619130287407],[121.16913322499994,24.502588516287361],[121.16920816700002,24.502607636287348],[121.16934081300009,24.502620437287426],[121.169456852,24.502764120287409],[121.169498502,24.502842677287337],[121.16956944299999,24.502985898287367],[121.16965533300001,24.503136152287365],[121.16973109199996,24.503295508287398],[121.16983735900013,24.503418380287354],[121.16992853700003,24.503545713287313],[121.17000774500002,24.50362694728738],[121.17021083700004,24.503824335287351],[121.17029298999998,24.503868818287401],[121.17037200000004,24.503966144287372],[121.17048856800001,24.504066133287381],[121.17057565200003,24.504117574287374],[121.17064574600015,24.50412285528737],[121.17083070600007,24.50416146328735],[121.17097357,24.504158293287357],[121.171099313,24.504120457287335],[121.17120203400006,24.504121468287334],[121.17139734799999,24.504132597287363],[121.17155686900001,24.504203140287338],[121.17164934800003,24.50422244628734],[121.17179283800012,24.504375567287386],[121.17194434400004,24.504487398287399],[121.17202655300001,24.504527285287335],[121.17216848100011,24.504602245287316],[121.17228094900008,24.504626342287359],[121.17243091600007,24.504657708287365],[121.17269588600003,24.504710892287328],[121.1729262230001,24.504726963287329],[121.17306371700009,24.504753612287306],[121.17327412100009,24.504760287287336],[121.17346450700003,24.504764465287323],[121.17379012900005,24.504774581287368],[121.17401325299998,24.504765297287292],[121.17414097399997,24.50477115428734],[121.17434405399999,24.504761664287358],[121.17451676400006,24.504777166287308],[121.17468388500004,24.50484088028734],[121.17493775900009,24.504983605287329],[121.17509461000009,24.505067897287379],[121.17524867900013,24.505175155287361],[121.17541552500009,24.50526184628735],[121.17550987900007,24.505334032287372],[121.17571860000012,24.505480906287339],[121.17590419500002,24.505675813287393],[121.17612255300007,24.505854957287287],[121.17632293100003,24.506070704287357],[121.17654261599999,24.506348702287358],[121.17664847700004,24.506506052287314],[121.17674932800003,24.506663344287283],[121.17680843900004,24.506748968287337],[121.17685986900004,24.506848326287308],[121.17698544900006,24.507033453287328],[121.177131096,24.507216470287286],[121.17724750400005,24.507330251287293],[121.1773940620001,24.507437434287269],[121.17747635800006,24.507470420287245],[121.17773056700005,24.507585564287258],[121.17791270100011,24.507651711287235],[121.17833252100003,24.507747790287269],[121.17847737300001,24.507788295287249],[121.17870253700002,24.507818095287327],[121.17887269000005,24.507838182287287],[121.17894766400002,24.507854995287264],[121.17912759099998,24.507895845287262],[121.17930991600009,24.50794590928723],[121.17941220200011,24.507983692287329],[121.17960735599999,24.508008597287265],[121.17983254800006,24.508036102287232],[121.18004824199996,24.508019837287296],[121.18020627899998,24.508005300287266],[121.18036184000009,24.507988438287292],[121.18062745400002,24.507988754287229],[121.18082032100008,24.507995250287308],[121.18101572400008,24.50799947628731],[121.18119884500004,24.507982886287255],[121.18140944399998,24.507973460287285],[121.18167246499998,24.507980646287251],[121.18190762599998,24.508012839287261],[121.18204834800008,24.507979743287276],[121.18226373800005,24.507988754287229],[121.18236649100002,24.507987465287293],[121.18286508499996,24.507992371287248],[121.18298545800006,24.507984352287306],[121.1831840240001,24.50793343928726],[121.18327757800002,24.507863108287303],[121.18337369100006,24.50778819528723],[121.18349260200003,24.50769282428725],[121.18355137899999,24.507596863287318],[121.18361778300002,24.507491769287327],[121.1837069840001,24.507366230287232],[121.18379389700009,24.507222274287319],[121.18385270000007,24.507124013287275],[121.18396510900004,24.506943523287269],[121.18406443900001,24.506808889287321],[121.18411779499998,24.506747353287295],[121.18423439000004,24.506635867287311],[121.18435847200008,24.506526746287346],[121.18449725900004,24.506445369287263],[121.1845679610001,24.506400093287347],[121.18472189000012,24.506309651287328],[121.18495079199997,24.50623604528737],[121.18510711800003,24.506154830287304],[121.185310691,24.506103963287369],[121.18546654900003,24.506061824287336],[121.18552199899997,24.506034796287338],[121.18572793899999,24.505995419287355],[121.18592135299998,24.505955943287287],[121.18606740800008,24.505895313287336],[121.18626156000008,24.505793787287292],[121.18636270700001,24.505716628287303],[121.1864970280001,24.505589215287326],[121.18655297100011,24.505520816287362],[121.18661163400009,24.505434047287299],[121.18670521100002,24.505361419287322],[121.18677013300005,24.505380446287294],[121.18688205899998,24.505450489287316],[121.18696421800004,24.505494962287347],[121.1870562900001,24.505548734287348],[121.1871882590001,24.505618986287299],[121.18734013399995,24.505700925287339],[121.187449989,24.505734179287341],[121.187604863,24.50577477028731],[121.18773206500006,24.505824290287325],[121.18791951000001,24.505865201287339],[121.18799671300002,24.505905031287352],[121.18820371000001,24.505987505287333],[121.18844768799994,24.506120920287341],[121.18856231000002,24.506174905287288],[121.18871396799994,24.506275234287322],[121.1888809850001,24.506348124287317],[121.18904811399997,24.50641181228734],[121.18933814600007,24.506465225287325],[121.18947074600013,24.506482611287332],[121.18963776700001,24.506555500287323],[121.18975522200003,24.506581934287297],[121.18985010100008,24.506610446287347],[121.1899793230001,24.506701357287316],[121.19027545200001,24.506874341287322],[121.19042477100001,24.506960849287289],[121.19055687900003,24.507019603287265],[121.19067880200006,24.507092052287298],[121.19086316800005,24.50718120528731],[121.19110736900008,24.507296215287315],[121.19125478400002,24.507332134287253],[121.19148651100012,24.507442436287331],[121.19161649700003,24.507468987287307],[121.19175168200002,24.507479505287293],[121.19186715400008,24.507462240287278],[121.19210084699995,24.507407065287239],[121.19221637000011,24.507385204287299],[121.19237443200002,24.50736836328733],[121.19256277999999,24.507333424287285],[121.19275848100003,24.507312344287307],[121.19303468200006,24.507264471287353],[121.19318275000003,24.507245232287271],[121.19322033500003,24.507245598287298],[121.193393593,24.50721511128727],[121.19357687200014,24.507184720287242],[121.19395863100011,24.507110292287301],[121.19427258000006,24.507048997287299],[121.19443069899999,24.507027540287293],[121.19456351400007,24.507026548287307],[121.19476403400006,24.50702160228732],[121.19493190099999,24.507023246287286],[121.19506204900001,24.50703600828728],[121.19522983400005,24.507044529287359],[121.19528244700005,24.507045049287321],[121.19541733600009,24.507080836287255],[121.19554969099995,24.507118903287299],[121.19568439,24.507170799287227],[121.19602017999999,24.507380926287311],[121.19611985499995,24.50742787528727],[121.19630376599999,24.507556081287319],[121.19645339000012,24.507617300287226],[121.19663463100001,24.507759279287331],[121.19677861800001,24.507873318287263],[121.19689539500008,24.507957197287279],[121.19703437400004,24.508071178287288],[121.19716618500003,24.508155219287225],[121.19729527500006,24.508257609287259],[121.19741197400002,24.50834837828722],[121.19772759100012,24.508569815287323],[121.19783917300001,24.508669747287243],[121.19794609300007,24.508739742287261],[121.19806521599999,24.508837433287258],[121.19818409600005,24.508955827287281],[121.19835464400003,24.509155161287254],[121.19851050800006,24.509324466287222],[121.19863451000002,24.509433715287194],[121.19872130500001,24.509510400287233],[121.19882997600004,24.509644779287239],[121.19893363199998,24.509779102287261],[121.19905679300007,24.509959590287178],[121.19913081800006,24.510056851287228],[121.19923423200008,24.510211859287267],[121.19930812300007,24.510320605287198],[121.19946118500002,24.510515176287214],[121.19950049000006,24.510582218287261],[121.19959189300002,24.510693441287209],[121.19967599599994,24.510786193287167],[121.1997700940001,24.510881351287217],[121.19989145500001,24.511002061287165],[121.20024388199995,24.511290502287221],[121.20039307600004,24.511388483287256],[121.20051754000005,24.511458655287189],[121.20068242099998,24.511501630287185],[121.20087243500009,24.511537953287178],[121.20121028000004,24.511575714287197],[121.20135037400011,24.511595445287217],[121.20152581700006,24.511592565287167],[121.201648564,24.511596058287186],[121.20174116000013,24.511606154287229],[121.20194146900008,24.511619584287175],[121.20240364500003,24.51173901428719],[121.20247821599999,24.511790288287262],[121.20259740000007,24.511883388287149],[121.20263907500006,24.511961938287165],[121.20275505000006,24.512114768287198],[121.20285623300002,24.512246770287195],[121.20298021500004,24.512358302287183],[121.20304974900003,24.512411848287165],[121.20316293400006,24.512493941287207],[121.20318143600001,24.51250736828716],[121.20328405600004,24.512517542287199],[121.20344503300007,24.512466249287126],[121.20354073200008,24.512425796287165],[121.20367216100009,24.512330527287201],[121.20373762900009,24.512303585287185],[121.20386123900002,24.512233525287161],[121.20400985600006,24.512168307287183],[121.20430833999997,24.512143616287183],[121.20446349800004,24.512161212287218],[121.20458373800003,24.512164669287152],[121.20473110600004,24.512205171287206],[121.20488292099999,24.512293982287186],[121.20498963400004,24.512382365287205],[121.20509844600006,24.512505235287158],[121.20515256700001,24.512590821287123],[121.20528659899999,24.512700142287208],[121.20540101900008,24.512772507287163],[121.20560073600006,24.512836503287193],[121.20571548000004,24.512881283287186],[121.20589305100007,24.512910583287205],[121.20601067800006,24.512923216287192],[121.20622095899996,24.512941340287178],[121.20649139900003,24.51295774528711],[121.20666183300001,24.51295479428714],[121.20686279300004,24.512913067287148],[121.20696611700006,24.512863493287135],[121.20720657500004,24.512658965287184],[121.20734341700002,24.512529256287195],[121.20743687800001,24.512465798287185],[121.20762175399994,24.512299790287223],[121.20770799500005,24.512210971287157],[121.20784286600004,24.512035282287194],[121.20793032299999,24.511843063287188],[121.20804210600008,24.511713117287179],[121.20817239500005,24.511632150287245],[121.20830047800008,24.511596838287161],[121.20842280200006,24.511582179287185],[121.20871714100008,24.511541747287225],[121.20902263900004,24.511480441287219],[121.209160375,24.511448613287257],[121.2092829820001,24.511460381287151],[121.20954570500007,24.511486245287163],[121.20972578899996,24.511530299287163],[121.20988079399999,24.511594966287195],[121.20993827599993,24.511627255287188],[121.21022310300008,24.511816232287188],[121.21032805600004,24.511878492287185],[121.21043041200008,24.511977488287208],[121.21060272300004,24.512124871287234],[121.2107301770001,24.512198657287197],[121.21090987199995,24.512394289287222],[121.21112712200009,24.51258540828713],[121.21124951300008,24.512679859287136],[121.21138938500002,24.512790422287207],[121.21155182200005,24.51288496228722],[121.21178409700009,24.513073819287118],[121.21203387900006,24.513267310287144],[121.21218628000007,24.513371011287184],[121.21237108199996,24.513529913287194],[121.21249596300001,24.513631250287123],[121.21265331399998,24.513757929287134],[121.21287313100002,24.513926089287096],[121.213013003,24.514036651287181],[121.21315788399998,24.514147222287175],[121.21327274599997,24.514250839287133],[121.21342765000009,24.514356835287117],[121.21359996900006,24.514504231287138],[121.21384230200012,24.514677018287127],[121.21397218300002,24.514780668287081],[121.21411709400003,24.514879760287112],[121.21426452900006,24.514969661287097],[121.21446447400001,24.515080361287104],[121.21463191700001,24.51517720228712],[121.21477686600008,24.515262509287147],[121.21490438099998,24.5153133322871],[121.21513192000008,24.515398818287068],[121.21522940200006,24.51544956528717],[121.21542202799998,24.515486753287142],[121.21560970000007,24.515503260287083],[121.21581238500006,24.515522084287138],[121.21596266599995,24.515478793287102],[121.216123004,24.515417140287159],[121.21624823400006,24.515382975287086],[121.21653398799997,24.515213671287114],[121.21673964600004,24.515046476287132],[121.21687268100003,24.514895203287143],[121.21699056500002,24.514796701287167],[121.21710352900004,24.514663750287099],[121.21722151100005,24.514526214287095],[121.21736458500006,24.51436347828713],[121.21752536300004,24.514127275287141],[121.21757565200001,24.514035524287181],[121.21761353100003,24.513902401287091],[121.21763132000002,24.513796791287145],[121.21764929199999,24.51361769428717],[121.21763965400007,24.513470690287182],[121.21761795300006,24.513144506287198],[121.2175561680001,24.512834316287211],[121.21753389200002,24.512735500287206],[121.21751657300001,24.512657379287234],[121.21751449900003,24.512487412287207],[121.21750979500008,24.51236797628718],[121.21753272900003,24.512207263287205],[121.21760828700008,24.512019109287188],[121.21763630799998,24.51182624628721],[121.21765669300008,24.511683904287164],[121.21766229900001,24.511445053287222],[121.21766516900006,24.511300370287241],[121.21762318000003,24.511079807287196],[121.21758363500005,24.510882186287201],[121.21753640500008,24.510755776287226],[121.21749916999998,24.510633958287272],[121.21745210100001,24.510443217287204],[121.21744244000003,24.51030539428718],[121.21738795500004,24.510077900287207],[121.21736593200001,24.5098803342872],[121.21738113999999,24.509804577287241],[121.21739879800006,24.509749501287292],[121.21746662200006,24.509650889287219],[121.21761709499997,24.509529514287212],[121.21774243800006,24.509447115287237],[121.21796548200004,24.509328181287255],[121.21829871400007,24.509181946287253],[121.21841900800008,24.509117909287273],[121.21849919300006,24.509079041287265],[121.21865959300007,24.508989837287253],[121.21876235999997,24.5089280572872],[121.21883507100004,24.508875395287284],[121.21909821900006,24.508731291287262],[121.21929870700004,24.508623799287271],[121.21944160500004,24.508527658287214],[121.21968219900006,24.50839499028725],[121.2197974720001,24.508335537287216],[121.22000040300011,24.508251011287253],[121.22013068300012,24.508196178287239],[121.2203160370001,24.508134583287294],[121.22041869000006,24.508118733287226],[121.22056645100005,24.508077723287297],[121.22064155500003,24.508068711287265],[121.22079181800002,24.508027707287248],[121.22092202799998,24.508000430287293],[121.22100718300008,24.507975359287268],[121.22124768700007,24.507877125287227],[121.22141555200004,24.507804014287309],[121.22156336100009,24.507744630287281],[121.22171621800014,24.507666894287237],[121.22182898800004,24.507607425287297],[121.22213706800005,24.507507050287256],[121.22237518500003,24.507362894287319],[121.22263585400003,24.507207295287245],[121.22277119,24.507129508287289],[121.22292915600005,24.507010428287298],[121.22306449100006,24.506934936287262],[121.22325002400012,24.506799850287283],[121.22339290900005,24.506706000287334],[121.22355091400006,24.50657084828735],[121.22359360100003,24.506513523287314],[121.22363666099996,24.506306913287283],[121.22360685500007,24.506214989287312],[121.22356452900011,24.506127615287365],[121.22346221700001,24.506007962287324],[121.22332478300008,24.505922678287295],[121.22319239300006,24.505821326287261],[121.22308492199996,24.505763672287284],[121.22296494899997,24.505701397287272],[121.22283499900006,24.505625330287394],[121.22275006100006,24.505565413287314],[121.22262759100013,24.505500838287311],[121.22243274099999,24.505357999287298],[121.2222953940001,24.505238270287343],[121.22218054700009,24.505127781287356],[121.22208817500007,24.505037996287292],[121.22201583700006,24.504941375287391],[121.22192355000006,24.504817147287415],[121.22186887600007,24.504663150287392],[121.22177432099998,24.504444751287345],[121.22170992200006,24.50417819528732],[121.22169268300003,24.504065621287335],[121.22166819700007,24.503849675287416],[121.22163351700014,24.503707196287355],[121.22158120900005,24.503608322287342],[121.22147665700003,24.503385310287374],[121.22137941399997,24.503242704287384],[121.22126463800006,24.503104640287333],[121.22116986100005,24.502975819287425],[121.22109500200008,24.502888375287394],[121.22098278200011,24.5027296562874],[121.22093563500003,24.502568775287415],[121.22091112700004,24.502362030287461],[121.22094902500008,24.502219713287406],[121.22095923500004,24.50213933328742],[121.22103301200001,24.501659510287435],[121.22096096100006,24.501450341287441],[121.22071345000002,24.501353317287418],[121.22056602300007,24.501263424287433],[121.22044854800006,24.501205748287468],[121.22027613500008,24.501099727287404],[121.22015622200001,24.501016764287456],[121.21996872100003,24.500940555287382],[121.2198362690001,24.500866764287402],[121.21973642200011,24.500765487287463],[121.21968164300002,24.500655124287398],[121.21962693500001,24.500517197287447],[121.21954505800008,24.500236815287433],[121.21947807200003,24.500004697287416],[121.21945583700005,24.499889817287414],[121.21941614500005,24.499751920287466],[121.21936378300009,24.499676011287491],[121.21931162700004,24.499517421287432],[121.21918449100008,24.499321920287425],[121.21900247900012,24.499055091287467],[121.21891263200007,24.498958431287463],[121.21883291100005,24.498815860287486],[121.21879304400012,24.498746864287465],[121.21874080899998,24.498620429287488],[121.218681034,24.498507753287495],[121.21863627900002,24.498392815287488],[121.21864276200003,24.498310354287511],[121.218667095,24.498262507287453],[121.21899203500007,24.498085280287452],[121.21918331700007,24.49800833728748],[121.21923645300004,24.49795351728757],[121.21939817599998,24.497812033287492],[121.21953960000009,24.497698018287476],[121.21974936500011,24.497510878287535],[121.21986591900007,24.497371428287465],[121.21993944900011,24.497277664287534],[121.22009571200007,24.497189006287563],[121.22014367600005,24.497152540287484],[121.22029740900007,24.497066162287524],[121.22047661000008,24.496933986287527],[121.2206553660001,24.496854660287539],[121.22085942100003,24.496750222287506],[121.22106082700007,24.496661850287474],[121.22125235800003,24.496555019287523],[121.22141625700009,24.496452635287589],[121.22145439900007,24.496390819287527],[121.22154795499999,24.496301784287542],[121.22172244500004,24.496132804287502],[121.22186685799998,24.495961340287533],[121.22198093599999,24.495817278287518],[121.22206225800008,24.495691385287582],[121.22210541700009,24.495629608287537],[121.22219652099999,24.495533659287503],[121.22240673999998,24.495291366287539],[121.22258888600004,24.495106356287515],[121.22267487500007,24.495021862287622],[121.22278100900002,24.494928311287612],[121.22290224500003,24.494827937287571],[121.22306353700006,24.494737013287605],[121.22319480699997,24.494636706287565],[121.22333630400006,24.494513487287577],[121.22350035400005,24.494392716287546],[121.22364640300005,24.494324666287596],[121.22376717900009,24.494279458287576],[121.22403890900001,24.494180027287612],[121.22418742500005,24.494116594287526],[121.2244466320001,24.494014779287546],[121.22465831300011,24.493896591287541],[121.22492023700011,24.493769515287585],[121.22523000800007,24.493619760287551],[121.22540107800002,24.493558759287563],[121.22561498000005,24.493475057287576],[121.22595714000011,24.493350786287593],[121.22626397900002,24.493251558287557],[121.2264828980001,24.493167874287568],[121.22670910899998,24.493111818287549],[121.22691280600006,24.493048734287566],[121.22736543399999,24.492911345287659],[121.22754657800007,24.492845821287563],[121.227795763,24.492741640287658],[121.22810489499999,24.492667704287669],[121.22834393299996,24.492577252287568],[121.2286180250001,24.4924939162876],[121.22877923400002,24.492412177287584],[121.22893085000011,24.492277523287644],[121.22898723300001,24.492133093287592],[121.22900153100009,24.491921749287616],[121.22905655500004,24.491639447287618],[121.22908538700003,24.491490254287704],[121.22915427100006,24.491350490287605],[121.22920282399998,24.491242790287664],[121.22927659000004,24.491119143287655],[121.22936125000003,24.490892173287609],[121.22943327400004,24.490676598287632],[121.22949970600003,24.490529928287671],[121.22955602999997,24.490392397287664],[121.22960511799995,24.490220338287646],[121.22965359500007,24.490121821287662],[121.22968223300003,24.4899956082877],[121.22971855,24.489851061287649],[121.22972446399997,24.489743084287689],[121.22973024400001,24.489651207287636],[121.22972693100009,24.48944666028768],[121.22971277899997,24.489338561287706],[121.22972382499999,24.489216833287685],[121.22974723700008,24.489115863287672],[121.2298333130001,24.489019872287724],[121.22992197400006,24.488914712287649],[121.23012613700008,24.488794163287711],[121.23031261399997,24.488689602287675],[121.23054702500009,24.488550850287748],[121.23082893900008,24.48843079428767],[121.23125660499998,24.488277161287755],[121.23146034600009,24.488207155287657],[121.23175992800007,24.488073419287684],[121.23199371000007,24.488010509287726],[121.23218244100005,24.487935830287761],[121.23237599900008,24.487884147287751],[121.2326402560001,24.487775467287737],[121.23307074799999,24.487582775287688],[121.23327205700005,24.48750356028771],[121.23342544800005,24.487456255287707],[121.23357606199998,24.487441089287696],[121.23367115800011,24.487466935287777],[121.23374351000007,24.487513350287717],[121.23404732000007,24.487777183287694],[121.23427142500005,24.487973884287715],[121.23435392400003,24.488006558287662],[121.23442906800005,24.488018505287673],[121.23457826000003,24.487872338287755],[121.234642044,24.487741753287693],[121.23464921000004,24.487482114287701],[121.23464951800007,24.487142001287729],[121.23465145600005,24.486907616287716],[121.23465271000006,24.486755964287688],[121.23463745800005,24.486477815287778],[121.234627065,24.486218069287776],[121.23459895000006,24.485978907287716],[121.23457295700005,24.485785711287715],[121.234567146,24.485578858287756],[121.23456376600008,24.485381201287744],[121.23458341400013,24.485128541287715],[121.23460349800008,24.484823023287756],[121.23459253899998,24.484632222287782],[121.23462704399999,24.484402627287793],[121.23462588499999,24.484239457287796],[121.23462807400007,24.483975203287795],[121.23463423000005,24.483837358287762],[121.23471344100004,24.483660898287809],[121.23487758100011,24.48352632028779],[121.2351070200001,24.48338064228782],[121.23521818700003,24.483282496287774],[121.23548034500006,24.483123240287835],[121.23573917300007,24.483062776287824],[121.23589776200006,24.482992508287772],[121.23617004300004,24.482821824287857],[121.23628099900004,24.482748959287775],[121.23654603900006,24.482543759287775],[121.23681860500005,24.48233859228786],[121.237002651,24.482222506287862],[121.23730008200002,24.482042787287817],[121.23771848300008,24.48179254228781],[121.23789473699999,24.481708594287788],[121.23806844800006,24.481629226287801],[121.23824536700005,24.481464836287888],[121.23844434400009,24.481362640287866],[121.23860617400008,24.481202771287883],[121.23875045000003,24.481042785287876],[121.23889248200013,24.480850605287888],[121.23897885300008,24.480717852287828],[121.23910927200005,24.480413006287836],[121.23919824000002,24.480268774287889],[121.23939044900011,24.480074600287907],[121.23957714600013,24.479940160287889],[121.23982660200006,24.479799201287864],[121.24023678299997,24.479631632287862],[121.24064247900007,24.479399710287865],[121.24086933800001,24.479260898287929],[121.24121420100002,24.479106730287864],[121.24144122800006,24.478947231287915],[121.24177127,24.478765410287881],[121.24196532100009,24.47865168828789],[121.24208136000001,24.478569654287934],[121.24228777600005,24.478476686287891],[121.24253760300012,24.47828977528788],[121.24268170000003,24.47815046028791],[121.24280835500002,24.477997261287939],[121.24294498599997,24.477851008287921],[121.24310230200001,24.477629057287931],[121.24314806399998,24.477553500287918],[121.24329314400011,24.477294696287906],[121.24335453700012,24.477148012287934],[121.24351283300005,24.476806553287936],[121.24356483500002,24.476581657287902],[121.24367158000005,24.47640996128791],[121.24374873700003,24.476176023287909],[121.24388421299997,24.475864307287964],[121.24397194900003,24.475563798287979],[121.24401699400002,24.475269912288013],[121.24404497200013,24.474916195287975],[121.24407434999998,24.47469806228797],[121.24412484600005,24.474351367287984],[121.24416709800002,24.474091934288012],[121.244201359,24.473889918287998],[121.24422077800001,24.473662529288013],[121.24430445599999,24.473244796288007],[121.24435834300002,24.473095738288027],[121.244387227,24.472937360287979],[121.24442216500007,24.472652621288056],[121.24445985699998,24.472338009288052],[121.24449109599999,24.471892379288054],[121.24451507900002,24.471720167288012],[121.24451988500007,24.471439836288102],[121.24450679900006,24.471200770288032],[121.24445364900008,24.470954555288014],[121.24446999500002,24.470796088288143],[121.244459038,24.470602987288068],[121.24440156700007,24.470271734288115],[121.24439078100013,24.470057946288101],[121.24442185300002,24.469938630288084],[121.24447244000005,24.469886083288106],[121.24488791899995,24.46967946728806],[121.24503383300006,24.469622899288073],[121.2452780210001,24.46950947928811],[121.24551997700004,24.469361571288122],[121.24573422,24.469229580288061],[121.24589052200005,24.469129411288112],[121.24606207700002,24.469004063288143],[121.24621070700007,24.468922226288125],[121.24642013900009,24.468764926288078],[121.24654904400008,24.468641615288185],[121.24690804400005,24.468287589288114],[121.24702674900003,24.46818489128815],[121.24722867400011,24.468025243288078],[121.24737567600002,24.467835395288109],[121.24770937100001,24.467508786288171],[121.24785887800013,24.467318949288106],[121.24799532400003,24.467193386288198],[121.24818568200007,24.466914168288195],[121.24838064600011,24.466685542288115],[121.24852755200001,24.466507185288197],[121.24879793000001,24.466256032288122],[121.24905069700003,24.466011664288153],[121.24930512800003,24.465870716288219],[121.24956438500011,24.465752776288227],[121.24979091000003,24.465650728288228],[121.25005233500005,24.465574163288203],[121.25045169600006,24.465496124288226],[121.25069521200007,24.465463135288164],[121.25090424000003,24.465354069288207],[121.25117573200011,24.465272991288156],[121.25134688400006,24.465195879288174],[121.251639185,24.465022992288173],[121.25178758100002,24.464968726288216],[121.25221815100009,24.464753001288233],[121.252540056,24.464640025288205],[121.25284172800001,24.464547616288179],[121.25311029900003,24.464517063288248],[121.25363501500009,24.464442072288172],[121.25406659500004,24.464410190288191],[121.25457319500002,24.464404028288225],[121.25471349000007,24.464420957288201],[121.25488164500005,24.464403581288174],[121.255233261,24.464336742288243],[121.25568040599997,24.464240586288202],[121.2559847150001,24.464132122288191],[121.25642747900007,24.463957816288264],[121.25675940499997,24.46384489628824],[121.25716674200011,24.463709456288221],[121.25746129500006,24.463566432288221],[121.25782362800012,24.463414624288259],[121.25796455100013,24.463353419288268],[121.25808582400003,24.463241542288248],[121.258089637,24.462770476288277],[121.25808715000005,24.462457916288269],[121.25808994000012,24.462113220288266],[121.25809235200005,24.462037528288224],[121.25808749000011,24.459658753288355],[121.25805924699996,24.459399046288368],[121.25803967600005,24.459028948288299],[121.25801735500006,24.458688710288332],[121.25800220100007,24.458392170288388],[121.25797896700007,24.458164526288385],[121.25797555500007,24.457966871288388],[121.25797969800006,24.457764666288355],[121.25800351100008,24.457610837288325],[121.25803478999998,24.457463946288343],[121.25813161400001,24.45731300328838],[121.25826222800006,24.457208401288355],[121.25852041000003,24.457031729288392],[121.25880725400005,24.456867733288412],[121.25898332000004,24.456776716288438],[121.25933255900006,24.456652097288426],[121.25956362100011,24.456582024288402],[121.25988054200002,24.456418191288357],[121.26001133500002,24.4563499232884],[121.26022985300006,24.456282083288382],[121.26056635500001,24.456187267288442],[121.26082970399996,24.456161017288402],[121.26097284199999,24.456120385288404],[121.26127152800001,24.456057532288359],[121.26151015700005,24.455980598288399],[121.26176674800004,24.455841722288369],[121.26203602600003,24.455679944288395],[121.2623129000001,24.455506712288464],[121.26247125000009,24.455404084288407],[121.26258729700008,24.455328871288387],[121.26263296700006,24.455246385288422],[121.26262121600004,24.455131449288416],[121.26249988100002,24.454912589288423],[121.26233861800002,24.454668238288466],[121.26210752100009,24.454373003288467],[121.261854275,24.454017926288408],[121.261675907,24.453709172288434],[121.26155678599997,24.453533962288432],[121.26134850100009,24.453202084288421],[121.26114994300009,24.452913906288483],[121.26092465799999,24.452501518288468],[121.26082387699999,24.452209234288453],[121.26073030700002,24.451962930288506],[121.26064949799999,24.451682224288472],[121.26060622300002,24.45141090528849],[121.26059323900003,24.451107563288446],[121.26055830900005,24.450714518288532],[121.26060289000011,24.450422932288568],[121.26067799700002,24.450064913288525],[121.26075487800007,24.449814866288548],[121.26084218900009,24.449505131288582],[121.26094148600006,24.449275876288539],[121.26098788899999,24.449085411288504],[121.26109515399997,24.448789562288553],[121.26126804500008,24.448425125288601],[121.2613796740001,24.448209057288587],[121.26216950400004,24.448105075288595],[121.26218989200007,24.448032222288518],[121.2621850590001,24.447914953288603],[121.26213508200004,24.447765457288572],[121.26209506800004,24.447664239288539],[121.26208008200004,24.447615942288646],[121.26204506899998,24.447530831288521],[121.26198749,24.447422718288646],[121.26193746800003,24.447303099288611],[121.26188486800004,24.447222571288606],[121.2618147400001,24.447114452288549],[121.26176462500005,24.447052321288556],[121.261694472,24.446955678288557],[121.26164185899999,24.446884360288617],[121.26152659500006,24.44673939928861],[121.26145143200006,24.446638161288586],[121.26139633600005,24.446550747288633],[121.26133121500006,24.446449509288612],[121.26123851100013,24.446327562288666],[121.26116084900001,24.446219421288585],[121.26109822999999,24.446125102288605],[121.26106315600009,24.446076786288597],[121.26095042499999,24.445918026288609],[121.26091788400007,24.445855917288618],[121.260897888,24.445798410288575],[121.26088552800005,24.445681127288641],[121.26087554100002,24.445646635288639],[121.26089823800012,24.445584565288559],[121.26093858,24.44548112328863],[121.26097883500005,24.445432875288635],[121.26101914500009,24.4453478252886],[121.26106195899999,24.445267385288609],[121.261238174,24.444986992288609],[121.26144203099999,24.444692836288603],[121.26156030700011,24.444529686288611],[121.26160309200007,24.444465326288626],[121.26162830200003,24.444405564288651],[121.26164597300007,24.444345798288676],[121.26165371300009,24.444217040288692],[121.26162875699998,24.444122748288699],[121.26159625900006,24.444035332288664],[121.261508607,24.443894992288683],[121.26145855100003,24.443796076288685],[121.26142099600004,24.443729362288664],[121.26126828700001,24.443451009288648],[121.26116313200009,24.443266963288707],[121.26111808500002,24.443174946288632],[121.26101039000001,24.443009297288697],[121.26096283800005,24.44291499028872],[121.26092030000008,24.442825270288665],[121.26070988199999,24.442523874288696],[121.26047932200001,24.442256940288637],[121.2600832060001,24.441895586288769],[121.25970451800004,24.441623951288683],[121.25945872700002,24.441462780288663],[121.25927821100001,24.441303972288669],[121.25907029100004,24.441014064288687],[121.25893366300011,24.440724160288674],[121.25892816100011,24.438036120288729],[121.2595506790001,24.4374388592888],[121.25971427800005,24.437192955288797],[121.25980751000013,24.436986084288826],[121.25992113300002,24.436595276288823],[121.25997451600007,24.436190624288844],[121.25995095800009,24.435243259288818],[121.25994444800008,24.43461778628885],[121.25981264200001,24.433847368288902],[121.25979454300003,24.432633252288912],[121.25971520600002,24.432021538288939],[121.25962810600002,24.43155008328894],[121.259475411,24.431274023288935],[121.25923980700003,24.431036973288951],[121.25914213400006,24.430889733288943],[121.25920296200002,24.430540269288993],[121.25930113700005,24.430379394288913],[121.2595379830001,24.429859920288933],[121.2597998680001,24.429377267288977],[121.26003119499997,24.429159018288953],[121.26030018600001,24.42893618828899],[121.260815337,24.428635392288975],[121.26136778200008,24.428555373288937],[121.26189757800002,24.428509827288988],[121.26232188499995,24.428491792289009],[121.26256782800007,24.428547174288962],[121.26319022400006,24.428681058288941],[121.26379269499996,24.428716034288993],[121.26450067900012,24.428707415288997],[121.26507317499997,24.428648103288964],[121.26535197600002,24.428565548288972],[121.26582931800012,24.428349786288987],[121.26611822600002,24.428225841289031],[121.26635172000006,24.428214541288984],[121.26684627600005,24.428226438288991],[121.26725807099999,24.428183067289048],[121.2676573690001,24.428102905288984],[121.26828804800004,24.427758488289005],[121.26930027500003,24.427444258289032],[121.26989537000009,24.427375743289076],[121.27029441900004,24.42745423328898],[121.27064822700004,24.427564873288983],[121.27084636800008,24.427686899289046],[121.27088894600004,24.42775362128905],[121.27093907800011,24.427801944289055],[121.27105683700007,24.427956102289002],[121.27108680500008,24.428057298289037],[121.27110673500012,24.428158487288968],[121.27115164600002,24.428337885288965],[121.27117156000007,24.428448264288946],[121.27119400900006,24.428542559288939],[121.2712189670001,24.42863684928901],[121.27123387100006,24.42874034228905],[121.27123372100007,24.42883690828895],[121.27123860800009,24.42892430028899],[121.27123852500002,24.428977181289014],[121.27124093200003,24.429043874288926],[121.271260887,24.429128965288957],[121.27128336400008,24.429204867289013],[121.27129828500007,24.429296854288989],[121.27131067700012,24.429402634289023],[121.27132806699996,24.429519926288968],[121.27133550600004,24.429579713288938],[121.27140563400009,24.429687844288999],[121.271465818,24.429733874288992],[121.27152102600003,24.429747715288972],[121.27164151100007,24.429763906288983],[121.27185495800003,24.429729572288991],[121.27215381599999,24.429665417289016],[121.27249791800003,24.429559907288983],[121.27298511400009,24.429463700289009],[121.27332908399997,24.429445574288945],[121.27401193299998,24.429459877288977],[121.27461448199999,24.429446531288935],[121.275199531,24.429387179289002],[121.27582728199998,24.42930947028896],[121.27636460400004,24.429266179289019],[121.27687678100006,24.429248151288952],[121.27725081700009,24.42927142028902],[121.27774534600005,24.429303966288948],[121.27815453400001,24.429322662288993],[121.27847838900006,24.429325190289035],[121.27884987399997,24.429376044288965],[121.27911341800001,24.429417624288941],[121.27972828799999,24.42956523428899],[121.2803832840001,24.429738154288998],[121.28100818000003,24.429894957288983],[121.28141225900006,24.429975720289008],[121.28175858100003,24.430067939289003],[121.28226558600007,24.430155677288965],[121.28276763700002,24.430197409288951],[121.28319677100002,24.430314978288919],[121.28368865000003,24.430446386288956],[121.28400987899995,24.430531685288987],[121.28432362700008,24.430582487289023],[121.28461988700006,24.430573489288982],[121.28490615899997,24.430527687288926],[121.28530042500007,24.430454388288986],[121.2857975400001,24.430438642288937],[121.28610636300004,24.430422736288953],[121.28648538100008,24.430478181288912],[121.28697723800008,24.430630271288969],[121.28728337900009,24.430733949288928],[121.28760968500001,24.430784749288968],[121.28819204800006,24.430847223288964],[121.288586184,24.430865874288916],[121.2889526900001,24.430893707288917],[121.28937199800009,24.430864093288953],[121.28965327500008,24.43079759028895],[121.28988176900006,24.430777035288948],[121.29019558900009,24.430777246288965],[121.29045911900003,24.430834907288926],[121.29088559500008,24.43106741328889],[121.2910210900001,24.431122680288933],[121.29127963800009,24.431152747288937],[121.29159855900001,24.43109776028891],[121.29189994200009,24.431015177288923],[121.29219376400013,24.430955568288965],[121.29246497800001,24.430902859288963],[121.29274864700005,24.430921432288891],[121.29303223400007,24.431002090288906],[121.293185284,24.431071164288941],[121.29329059600001,24.431167813288937],[121.29333071200006,24.431204628288871],[121.29336076399996,24.431259837288916],[121.29341838000005,24.431354140288896],[121.29350109700012,24.431450772288891],[121.29357121300008,24.431581891288896],[121.29364639900008,24.431678507288908],[121.293678943,24.431747508288929],[121.29374911100004,24.431841833288907],[121.29381425800001,24.431936158288977],[121.29387693800004,24.43199827428889],[121.29394713200008,24.432071903288936],[121.29403490000007,24.432147828288915],[121.29413770700003,24.432242171288902],[121.29424304500003,24.432320420288899],[121.29428818300005,24.432359535288924],[121.29448888900004,24.432465435288904],[121.29467708700008,24.432536839288943],[121.29512880900008,24.432677381288936],[121.29598713700003,24.43290325228887],[121.29674768900007,24.433027880288872],[121.29762883500005,24.433092800288925],[121.29844234100005,24.43304728928889],[121.29950432200008,24.433059421288913],[121.30082744800004,24.433041800288876],[121.30173879800003,24.433046918288859],[121.30224091600009,24.433054095288913],[121.30284350200006,24.433029146288899],[121.30348881200005,24.432967421288851],[121.30412659400008,24.432903398288889],[121.30466645999996,24.432841611288929],[121.30497534700002,24.432779700288961],[121.30517384700012,24.43265563928891],[121.30528688900007,24.4326051102889],[121.30545012000007,24.432575319288929],[121.305497812,24.432582239288873],[121.305570596,24.432602975288908],[121.30567097200004,24.432639817288933],[121.30570359899998,24.432649024288896],[121.30575876800005,24.432699646288903],[121.30578134400004,24.432715754288921],[121.30591176599998,24.432817004288943],[121.30596946700005,24.432851523288853],[121.30607476400006,24.432968849288891],[121.30609734000006,24.43298726628888],[121.30617759200004,24.433056293288917],[121.30623779100004,24.433100015288893],[121.30630801299999,24.433159836288869],[121.30638324500002,24.433226562288883],[121.30649110600005,24.433304804288966],[121.30661653700002,24.433385342288872],[121.30668175700009,24.433429072288938],[121.30674449199996,24.433454399288898],[121.30682981599999,24.433484346288893],[121.306940227,24.433530385288886],[121.30712846900002,24.433574183288858],[121.30736943000007,24.433622603288864],[121.30746480200006,24.433650237288852],[121.30748488400005,24.433652562288856],[121.30755513400007,24.433691685288899],[121.30760028100008,24.433726193288919],[121.30766800700007,24.433774523288907],[121.30774572600002,24.433864249288877],[121.30777579300003,24.433910244288846],[121.30781586999997,24.433986150288831],[121.30783339199999,24.434027549288871],[121.30789353599999,24.434117255288839],[121.30792608500005,24.43418855428888],[121.30795113899995,24.434229954288835],[121.30798118900005,24.434292067288823],[121.30802377700002,24.434365666288869],[121.30807387500008,24.434457668288836],[121.30809388500005,24.434517463288902],[121.30810137000006,24.434554268288846],[121.30813645900004,24.434602564288927],[121.30817908900009,24.43464627828881],[121.30825430600009,24.434726797288814],[121.308304462,24.434772807288887],[121.30843987899999,24.43489935228888],[121.30849756899998,24.434945374288866],[121.30860291600005,24.435025914288872],[121.30883373700007,24.435154800288856],[121.30906823600002,24.435301566288835],[121.30944930600003,24.435704418288854],[121.309755072,24.436007916288812],[121.31002662100001,24.43621918828881],[121.31032132300004,24.436375454288854],[121.31065435900007,24.436465329288826],[121.3110485090001,24.436470606288815],[121.31149782600008,24.436483179288789],[121.31217963499998,24.436596378288833],[121.31274841900004,24.436713312288827],[121.31304352000006,24.436830493288831],[121.31344288700004,24.437065711288835],[121.31383893500005,24.437381374288837],[121.31454965300004,24.438115552288817],[121.31524077800005,24.43880129828878],[121.31577328600004,24.439281223288784],[121.31630500900009,24.439839313288765],[121.31652294899999,24.440139837288751],[121.31686016100002,24.440565414288685],[121.31716828200003,24.440887312288762],[121.31746134300009,24.441209085288733],[121.31765886400001,24.44148940828865],[121.31770890699998,24.441560423288667],[121.31797858800009,24.441960191288686],[121.31810172400004,24.442200229288751],[121.31818476200009,24.442433075288648],[121.31827505500009,24.442693569288696],[121.31837794400008,24.442949532288644],[121.31845063900006,24.443212184288701],[121.31852100500009,24.443456422288651],[121.31864032000014,24.443827487288701],[121.31868210600011,24.443917463288688],[121.31873584400003,24.444067313288642],[121.3188051770001,24.444164388288584],[121.31889664800009,24.444307622288626],[121.31901576000008,24.444448764288662],[121.31914979899999,24.444603824288617],[121.31931120200011,24.444784352288636],[121.3194354540001,24.444914035288605],[121.31955472800004,24.445039087288645],[121.31963101800002,24.445193700288645],[121.31966446600003,24.445364085288624],[121.31967911700011,24.445405589288679],[121.31966856700002,24.445456083288597],[121.31966020500015,24.445538796288599],[121.31964944700003,24.445609984288634],[121.31963850600005,24.445699568288664],[121.31963811,24.445738663288704],[121.3196373740001,24.445812224288652],[121.31965895800012,24.445913556288595],[121.31966324100004,24.445987150288641],[121.31967754500006,24.446063134288632],[121.31970680000008,24.446150717288585],[121.31974349399999,24.446247556288601],[121.31978012100004,24.446351302288654],[121.31980972100006,24.446404401288614],[121.32000917900005,24.447257168288626],[121.32019893700014,24.448008437288593],[121.32043292700003,24.448520121288563],[121.3208674550001,24.449304411288502],[121.32091014,24.449432957288579],[121.32098790300003,24.449572929288514],[121.3211058510001,24.449848342288561],[121.32117610100006,24.449990624288514],[121.321291544,24.450263740288541],[121.32146464600004,24.450589623288497],[121.32152486000005,24.450713544288551],[121.32157253300009,24.450809935288525],[121.32169045700009,24.451053205288481],[121.32187106400009,24.451367606288468],[121.32197140200005,24.451542021288503],[121.32202159500001,24.451654469288496],[121.32206177100005,24.451780708288435],[121.32210445500003,24.451909233288504],[121.322144628,24.452026289288508],[121.3222199300001,24.452219069288475],[121.32230785600011,24.45253811828848],[121.32239567999999,24.452724009288492],[121.32244842800002,24.452905324288476],[121.32250367300003,24.453077459288505],[121.32257147300005,24.453286316288455],[121.32267446600007,24.453646669288425],[121.322722235,24.453869301288453],[121.32278503100005,24.454082765288447],[121.32282274000006,24.454250316288441],[121.32292821300008,24.454580813288427],[121.32301359900003,24.454851642288432],[121.32310644800009,24.455053602288448],[121.32316418600006,24.455207368288381],[121.32324953000003,24.455423112288376],[121.32333496400008,24.455751330288354],[121.32353320200004,24.456169009288349],[121.32368375400007,24.456478833288408],[121.323789162,24.456722108288368],[121.32397228000005,24.45702272328835],[121.32416040799997,24.457325647288371],[121.32433099800008,24.457623975288342],[121.32449399900005,24.457830498288391],[121.32469213000002,24.458105852288334],[121.32485769400003,24.45838122228837],[121.32493549800006,24.458562536288376],[121.32507088400008,24.458693310288353],[121.32514362300007,24.458803467288316],[121.32534424800005,24.459060460288352],[121.32561007600012,24.459402338288381],[121.32575553500007,24.459597401288342],[121.32596868300001,24.459849798288264],[121.32609911300007,24.460042554288314],[121.32644765100005,24.460425722288292],[121.3267961170001,24.460717074288326],[121.3270493330001,24.460946502288305],[121.32727994099999,24.461097887288286],[121.32741532500009,24.461217182288305],[121.32757573400012,24.461306627288245],[121.32765344399998,24.461363974288286],[121.32774871100005,24.461446562288277],[121.32788406200004,24.461524541288334],[121.32794924600005,24.461581895288276],[121.32825761199997,24.461848003288257],[121.32843311600001,24.462008609288223],[121.328611045,24.462077384288225],[121.32880907400012,24.462210410288318],[121.32899201500007,24.462276890288209],[121.32928023300002,24.462409880288302],[121.329390522,24.462476391288291],[121.32949079600004,24.462552088288241],[121.329568546,24.462653052288246],[121.32961625700003,24.462790757288268],[121.32965151800011,24.463011102288192],[121.32968189100005,24.463382955288303],[121.32978753799999,24.463892498288178],[121.32979019400004,24.464071546288249],[121.32985298499999,24.464262045288205],[121.32998838000002,24.464388228288243],[121.33013131500002,24.464546536288189],[121.33081327100004,24.465145296288163],[121.33087094600002,24.46520725328822],[121.33104887900001,24.465273723288217],[121.33153750300002,24.465369875288179],[121.33198352700006,24.465452270288242],[121.33221404700011,24.465484276288226],[121.33248967200009,24.465530033288196],[121.33280796599996,24.465663006288178],[121.33294080200005,24.465722621288133],[121.33298849000009,24.465825877288236],[121.33312143600006,24.466011752288242],[121.333249301,24.46611727328818],[121.33339467500004,24.466192949288132],[121.33353253200004,24.466264027288158],[121.33370545700006,24.466325908288212],[121.33398863400004,24.466408394288187],[121.33427932200003,24.466483982288139],[121.33447226300009,24.466516015288221],[121.33477049100007,24.466619142288131],[121.33498852700008,24.466694773288161],[121.33529682100003,24.466848394288174],[121.33551739000006,24.46695616028812],[121.33563775199997,24.467073160288209],[121.33580320300007,24.467183254288155],[121.33599377500002,24.467366776288159],[121.33608914900005,24.467559548288129],[121.33619705300008,24.467752310288162],[121.33624479700002,24.467912963288132],[121.33624244000008,24.468080537288134],[121.33619496000007,24.468220583288176],[121.33609237400003,24.468374446288195],[121.33601988300006,24.468560422288128],[121.33598000499997,24.468796879288139],[121.33596021800011,24.469086119288086],[121.33596855100008,24.470011195288148],[121.33594876599997,24.470302729288093],[121.33588884299996,24.470539193288115],[121.33582393100001,24.470800924288088],[121.33571896099997,24.47109251128806],[121.33565149100005,24.471292254288052],[121.33559655300004,24.47149887628801],[121.33557416400005,24.471684822288118],[121.3355843710001,24.471893712288072],[121.33563460600006,24.472036004288032],[121.33576501000003,24.47217135528803],[121.3359430590001,24.472352595288022],[121.33618622100006,24.47249937828807],[121.33638924800006,24.472593369288042],[121.33655972900007,24.47271493428806],[121.33676779800005,24.472841083288014],[121.33703108300006,24.473075075288012],[121.33717146400015,24.473155318288068],[121.337286865,24.473322818288072],[121.33739224100009,24.473483451288033],[121.33763045600001,24.473696787288013],[121.33790373799999,24.473898631288012],[121.33807422400005,24.474022488288032],[121.33831486799997,24.474150900288013],[121.33849280800004,24.474205875288018],[121.33869831099997,24.474260862287949],[121.33926472000005,24.474439575287992],[121.339575518,24.474561047287999],[121.33978857400005,24.47465503728796],[121.33996156800008,24.474778886287979],[121.34006686599999,24.474852280287937],[121.34021492500007,24.475104692287935],[121.34030773800011,24.475221714288018],[121.34048089600003,24.475524604288037],[121.34083476200011,24.476155651287915],[121.34108330400008,24.476688057287909],[121.34114103199995,24.47679820728796],[121.34124643000006,24.476974890287917],[121.34139961300002,24.477342073287925],[121.34154531700001,24.477755170287974],[121.34163577000004,24.478023693287902],[121.34168867600008,24.478333545287864],[121.34169893400012,24.478588334287885],[121.34169917400004,24.478845432287923],[121.34168199100004,24.47922878428794],[121.34169985300002,24.479575390287913],[121.34174017500007,24.479823279287899],[121.34176793700013,24.480039041287892],[121.34181822700013,24.480229538287844],[121.34193135200006,24.480631168287843],[121.34207201700008,24.48100294828787],[121.34222268300002,24.481351772287859],[121.34241094600003,24.481714344287823],[121.34253890800007,24.481900203287839],[121.34272202500003,24.482115857287813],[121.34283241100002,24.482260403287789],[121.34301297600003,24.48242557428777],[121.34326364500009,24.482535601287825],[121.34343157300012,24.482585997287817],[121.34382498300008,24.482604117287799],[121.3442460470001,24.482718628287859],[121.34442918600004,24.482950362287838],[121.34461732300008,24.483172903287876],[121.34481551100004,24.483420690287762],[121.34503377100008,24.483696006287797],[121.34537237900011,24.484047008287785],[121.34566331000005,24.484326870287756],[121.345951636,24.484498842287774],[121.346310109,24.484657003287793],[121.34677377299997,24.48476689228783],[121.34712965000004,24.484828637287769],[121.34748047800011,24.484855956287721],[121.347906446,24.484846496287755],[121.34826973200003,24.484802656287759],[121.34865804500011,24.484724356287771],[121.34916152500001,24.48454957728779],[121.34969005100004,24.484365589287762],[121.35002321500008,24.484271252287854],[121.3503464800001,24.484293987287796],[121.35073240799996,24.484344232287775],[121.35110840900008,24.48448401128778],[121.35133905200007,24.484600931287776],[121.35161993100003,24.484837169287779],[121.35176538800008,24.484961032287806],[121.35204624900004,24.485174325287769],[121.35232703499999,24.485316445287804],[121.35257519600012,24.485408096287745],[121.35277073200005,24.48549519128775],[121.35292109999995,24.48551804528778],[121.35327449400006,24.485600439287758],[121.35363541600009,24.4856920142877],[121.35405645500012,24.485758283287769],[121.35421433900004,24.485781136287791],[121.35448252700009,24.485849813287789],[121.35482834600012,24.485874821287812],[121.355058911,24.485906804287787],[121.35530450200007,24.485934180287746],[121.35547491900006,24.485959304287785],[121.35602377499998,24.486048453287779],[121.35645483000002,24.486107830287818],[121.356961102,24.486210766287705],[121.35730951600006,24.486318396287725],[121.35744664200003,24.486403489287749],[121.35752013899999,24.486449096287707],[121.35774332200006,24.486609617287744],[121.35784868000006,24.486717434287698],[121.35809977799998,24.487007183287687],[121.35823291300009,24.487171836287718],[121.35836180800001,24.487348076287727],[121.35861390800007,24.48768291028771],[121.3587224800001,24.487875627287661],[121.35900980900007,24.48823793328771],[121.35939218000007,24.488510427287682],[121.35981029200002,24.488957427287712],[121.36017544700005,24.4893287452877],[121.36058824100009,24.489688452287702],[121.360975838,24.490018363287625],[121.36115954500012,24.490167262287699],[121.36143116700011,24.490341213287696],[121.36169035400006,24.490547363287696],[121.36188693400007,24.490788125287622],[121.36209370200004,24.491072509287601],[121.36225258300013,24.491297264287638],[121.36256567600002,24.491845595287607],[121.362722229,24.492120906287653],[121.36279824900005,24.492329777287608],[121.36281655800008,24.49254108928768],[121.36279515400008,24.492876538287621],[121.36279090700009,24.493094794287558],[121.36281195100005,24.493370404287621],[121.36296653100004,24.493797358287587],[121.36321138600006,24.494205706287531],[121.36352141700004,24.494593211287512],[121.36384391500007,24.494957708287554],[121.36420385200003,24.495264716287547],[121.36460632900001,24.495537136287524],[121.36481265800002,24.495692867287524],[121.36502904699999,24.495855450287557],[121.365398442,24.495997022287561],[121.36581294400001,24.496120093287516],[121.36617974799998,24.496238683287558],[121.36657900500008,24.496308953287603],[121.366933174,24.496402300287503],[121.36729734200001,24.496484136287528],[121.36779500800004,24.496705794287561],[121.36810172900003,24.496863566287463],[121.36827019200003,24.49695506128749],[121.36872787299995,24.497222752287517],[121.36915779900002,24.497446853287578],[121.36948440900005,24.497551756287468],[121.36991642700001,24.497658683287522],[121.37026809500003,24.497752037287505],[121.37046158500009,24.497825067287504],[121.37066000100003,24.497870555287534],[121.3709215560001,24.498028442287463],[121.37114589000012,24.498239325287496],[121.37124686400001,24.498364163287519],[121.37137203000007,24.49857953928748],[121.37143752399999,24.498700961287486],[121.37151311800001,24.498849877287466],[121.37160632000011,24.499021694287457],[121.37172224000003,24.49925538228743],[121.37178784100003,24.499422660287419],[121.37185599599998,24.49961056428749],[121.37191913800005,24.499800782287423],[121.37195963700003,24.499961234287468],[121.37203806700003,24.500256879287399],[121.37207858500001,24.5004264952874],[121.37212410700013,24.500589219287452],[121.37216952299998,24.500706074287436],[121.37220994500004,24.500832127287467],[121.37225803400011,24.501020069287385],[121.37232145300001,24.501334101287426],[121.37235197900006,24.501522068287429],[121.37239499300007,24.501684808287393],[121.37243541799997,24.501813135287438],[121.37246330300005,24.501941500287391],[121.37251137500003,24.502122564287362],[121.37252663299994,24.502214260287399],[121.37254762000008,24.502622375287412],[121.37255787000007,24.502718662287382],[121.37257358600003,24.503014425287329],[121.37260420499997,24.503243673287383],[121.37261438600001,24.50330786228745],[121.37268822000009,24.503789262287395],[121.37272118699998,24.503945126287402],[121.37273929800006,24.504190440287349],[121.37276965099998,24.504300453287392],[121.37281030200005,24.504527385287336],[121.37283874000002,24.504901099287338],[121.37284659400005,24.50504553328739],[121.37282961000008,24.505302374287314],[121.37284255599998,24.505481212287357],[121.37284031400004,24.505600442287282],[121.37282078300005,24.505838944287291],[121.37280373300007,24.506065981287332],[121.37279906400012,24.506221902287258],[121.37279718099994,24.506499372287305],[121.37281531100005,24.506751548287284],[121.37279787900002,24.506808916287323],[121.37282831300003,24.506955604287299],[121.37286900400012,24.507198597287324],[121.37287205900012,24.507441646287258],[121.37293526800011,24.507659365287239],[121.37296082900001,24.507867986287263],[121.3729865370001,24.508143094287295],[121.37301457200007,24.508337958287235],[121.37306514500003,24.508514428287278],[121.37309591100008,24.508807881287204],[121.37313143499998,24.508984378287256],[121.37316447999997,24.509174625287269],[121.37322778200004,24.509433624287187],[121.37324577000004,24.509621622287202],[121.37330133500002,24.509786623287258],[121.37334674300004,24.5098966092872],[121.37350758700002,24.510020150287207],[121.37360805900008,24.51007272828722],[121.37372598199997,24.510074810287204],[121.37385891300005,24.510058535287282],[121.373951766,24.510069837287237],[121.37410978900004,24.510055810287231],[121.37439075900009,24.510046167287232],[121.37454632800009,24.510055061287261],[121.37485491800012,24.510056834287223],[121.37504805700003,24.510038168287192],[121.37523629300007,24.510069944287238],[121.37547966600005,24.510076409287251],[121.37570042800009,24.510069150287173],[121.37602403499996,24.510054837287239],[121.37623217300005,24.51001320128718],[121.37639019399997,24.509996882287247],[121.37665849200005,24.509932225287226],[121.37683905399999,24.509899803287205],[121.37715999699996,24.509816713287261],[121.37736308100001,24.509759034287196],[121.37750351500007,24.509733574287214],[121.37775924900011,24.509659754287242],[121.37796744900001,24.509645618287227],[121.37818059800006,24.509601701287234],[121.37844395899999,24.509571435287217],[121.37859698500004,24.50956658128726],[121.37873493200001,24.509550292287251],[121.378943134,24.509536170287234],[121.37914636000002,24.509540410287226],[121.37927930600003,24.509531003287258],[121.3794801170001,24.509576499287203],[121.37964579000004,24.509615205287194],[121.37979892300001,24.509656226287223],[121.37991194200004,24.509708760287207],[121.38006018999997,24.509807099287265],[121.38018822400009,24.509843560287266],[121.38036398699997,24.509905163287293],[121.38054466700007,24.509925484287198],[121.38072028600003,24.509925167287264],[121.38086320900005,24.509890534287241],[121.38117161300009,24.509812034287219],[121.38135470200004,24.509786481287257],[121.38155533200003,24.509754039287227],[121.38171841600001,24.50975833028722],[121.38186394500009,24.509764969287239],[121.38200690399999,24.50974636028722],[121.38218759300004,24.509768972287212],[121.38235073100012,24.509796204287248],[121.38253142000006,24.509818816287254],[121.38270210000005,24.509852917287237],[121.38287028200001,24.509891595287236],[121.38300087500009,24.509948687287249],[121.38318168500004,24.510024036287263],[121.38338511500001,24.510115396287187],[121.38356097399998,24.510218275287265],[121.38371935100001,24.510355563287259],[121.38381499700004,24.510488386287214],[121.38387547700009,24.510602925287191],[121.38393091800003,24.510708306287206],[121.38396632200013,24.510827477287208],[121.38400435900009,24.511001672287218],[121.38414340000001,24.51145313928717],[121.38419639700007,24.511586035287145],[121.384292082,24.51173491228721],[121.38435254700002,24.511842581287148],[121.38445067799995,24.511963922287144],[121.38448335100011,24.511989093287191],[121.38460663600007,24.512137917287152],[121.38472751100005,24.512330312287169],[121.38481569600006,24.51248836228719],[121.38492403400006,24.512683072287206],[121.384992044,24.51279760128719],[121.38527688300002,24.513363452287177],[121.38538830800009,24.513803494287174],[121.385416295,24.513968534287152],[121.38547957400012,24.514204593287133],[121.38555068100003,24.514569040287171],[121.38553351500005,24.514736461287168],[121.38551371099999,24.514851142287135],[121.38544637700012,24.515023231287181],[121.38536391600005,24.515165546287136],[121.38528401000008,24.515326193287102],[121.38522916899998,24.515477631287091],[121.38520439400007,24.515610660287084],[121.38520217499999,24.515734479287115],[121.38516993499996,24.515895049287074],[121.3851930200001,24.516108250287125],[121.38517853100007,24.516349032287053],[121.38514879700008,24.516507302287106],[121.38513908900008,24.516647192287021],[121.38510939300011,24.516821506287155],[121.38523773699998,24.51698637028711],[121.38534077200008,24.517057265287118],[121.38547130700012,24.517086823287077],[121.38565947499998,24.517084212287113],[121.3858551730001,24.517083859287094],[121.38606339500009,24.5170743152871],[121.3861838250001,24.517074106287087],[121.38640959700004,24.517059938287076],[121.38650700100003,24.517064599287107],[121.38664045000004,24.517070987287102],[121.3868160830001,24.517072965287078],[121.38697919700009,24.517086432287122],[121.38712977500003,24.517102209287099],[121.38731051999999,24.517145454287036],[121.38750630600012,24.517181788287115],[121.38781005300009,24.517250032287077],[121.38794826900008,24.517343794287097],[121.38808891100007,24.517403150287024],[121.38819449500012,24.517490097287034],[121.38833025300006,24.517604495287074],[121.38852642200004,24.517801333287117],[121.38862969600007,24.517973129287128],[121.38870792400004,24.518160998287112],[121.38879103400009,24.518293841287079],[121.38883650300012,24.518422160287038],[121.38890715200002,24.518589427287022],[121.38897522800005,24.518729162287034],[121.38907349700001,24.518905549287055],[121.38914665400004,24.519070515287023],[121.38921459800005,24.519155228287101],[121.38928767800004,24.519288080287083],[121.3893633560001,24.519459911287001],[121.38941375900001,24.519553832287034],[121.38949701500006,24.519746294287049],[121.3895576460001,24.519920448286985],[121.38959816899998,24.520078582287006],[121.38963113700005,24.520225270287057],[121.38966915500011,24.520385713287023],[121.38970977900007,24.520587412286996],[121.38974794600003,24.520809757287005],[121.38977098599997,24.521002327287043],[121.38980156600005,24.521199455287],[121.389842063,24.521346140286976],[121.38987505999998,24.521504285286991],[121.38992310000005,24.521657833286991],[121.3900115150001,24.521907593286965],[121.39008980499999,24.522118405286996],[121.390170482,24.522281049286949],[121.39021844500006,24.522402498286951],[121.39027405400003,24.522572067286951],[121.39038481600008,24.52272320328693],[121.39051578200007,24.522929319286927],[121.39061388399999,24.52303232728692],[121.39074213199996,24.523151328286982],[121.39079496000006,24.52320855028692],[121.39092570099994,24.523320668286967],[121.39104137800001,24.523428226286963],[121.39118972900005,24.523558649286937],[121.39130288400007,24.523661629286927],[121.39141599200005,24.5237439592869],[121.39152159500007,24.523835490286913],[121.391597045,24.523908725286933],[121.39171264600004,24.52398419428696],[121.39175792400007,24.524032255286933],[121.39186600700005,24.524112303286991],[121.39206695000006,24.524201348286883],[121.39225784100005,24.524283556286942],[121.39239845400006,24.52432686228688],[121.39250141199996,24.524361065286865],[121.39266461700005,24.52440892728692],[121.39285543600012,24.524461313286903],[121.39293074700005,24.52447722528688],[121.39311402300002,24.524522747286905],[121.39330732300002,24.52456366028693],[121.393543288,24.524609081286869],[121.39381682699999,24.524629216286939],[121.39398496600006,24.524640370286981],[121.39411299600006,24.524667646286918],[121.39432377200001,24.524671844286917],[121.39447683099998,24.524673855286895],[121.3946047850001,24.524669041286945],[121.39471263200004,24.524650495286913],[121.39614531100001,24.524643245286942],[121.39647904099999,24.524651796286928],[121.39664462000009,24.52464231328695],[121.39683537200007,24.524667183286972],[121.39703861500001,24.524669094286864],[121.3972092780001,24.524687117286927],[121.39738748900002,24.524714296286959],[121.39752051200001,24.524730116286932],[121.39762349100008,24.524773480286974],[121.39770639100003,24.524814596286902],[121.3978069990001,24.524912997286879],[121.39793540100007,24.525091610286903],[121.39801843300008,24.525185462286942],[121.39809648600006,24.525295372286887],[121.398187107,24.525414440286877],[121.3982149090001,24.525496933286853],[121.398257852,24.525613790286922],[121.39838616000004,24.525753415286843],[121.39849935800011,24.525870148286913],[121.39863753599998,24.525940966286907],[121.39877817800009,24.525993430286888],[121.39890127000004,24.526052822286832],[121.39906701200009,24.526109834286835],[121.39930070300015,24.526249270286826],[121.39940633200001,24.526347658286888],[121.39958487500002,24.526507825286902],[121.399685608,24.526656678286873],[121.39981902900001,24.526832981286883],[121.39992231599996,24.527000175286858],[121.40001047000007,24.527135283286849],[121.40011886300006,24.527336852286911],[121.40022968400001,24.527506327286893],[121.40036064600007,24.527703277286847],[121.400478976,24.527863550286863],[121.40058719400008,24.527994035286824],[121.40068785900009,24.528115377286824],[121.40076085600006,24.528206952286851],[121.4008891090001,24.528323651286822],[121.40107268700004,24.528488390286864],[121.40122616200001,24.52865548528683],[121.40132935000004,24.52878140628685],[121.40141486800009,24.528863783286827],[121.40149295800006,24.528987450286838],[121.401558494,24.529106555286837],[121.40162657400002,24.529239424286811],[121.40165954399998,24.529381511286843],[121.40164730000005,24.529503072286772],[121.40165769600002,24.529647505286821],[121.40165044800004,24.529759870286796],[121.40161554699999,24.529851651286833],[121.4015932540001,24.529968633286824],[121.40153847000011,24.530136119286816],[121.40150103600003,24.53021874128682],[121.40144101600002,24.530299104286808],[121.40136591899993,24.530370324286743],[121.40129080700004,24.530436958286749],[121.40117564600008,24.530542648286787],[121.40106793499997,24.530616231286743],[121.40096021600006,24.530687510286789],[121.40076482400003,24.530818576286787],[121.40060201100007,24.530933531286799],[121.40043667100007,24.531041612286764],[121.40011629600004,24.531365513286822],[121.40001110400011,24.531443674286798],[121.39986085200003,24.531565482286762],[121.3996555360001,24.53174242128674],[121.39947272399996,24.531889515286736],[121.39926742200005,24.532073335286753],[121.39916473900008,24.532151489286726],[121.39901961799995,24.532319148286753],[121.39894703100002,24.532392656286795],[121.39890204200003,24.532463822286729],[121.39885207100005,24.532551047286749],[121.39881227600004,24.532693274286689],[121.39878755800004,24.532844652286695],[121.39875513500012,24.532924969286768],[121.39870530900006,24.533069517286737],[121.39865556200004,24.533246169286691],[121.39863319800006,24.533335631286722],[121.39858332100002,24.533459540286746],[121.398513362,24.533581197286694],[121.39845590399995,24.533684486286713],[121.39840114200003,24.533863436286673],[121.39836135300003,24.534007965286733],[121.39833902899997,24.534113482286674],[121.39832697700004,24.534312978286742],[121.39836303500009,24.534688949286739],[121.39839086100007,24.534780619286696],[121.39841131899999,24.534934199286685],[121.39844678200009,24.535069410286695],[121.39847473100009,24.535209247286712],[121.39847998700007,24.535305525286677],[121.39850048800008,24.535477451286695],[121.3985134190001,24.535633344286708],[121.39850637400005,24.535828250286666],[121.39850669100008,24.535956666286626],[121.39848693999996,24.536087391286699],[121.39845473700004,24.536257127286628],[121.39841490500014,24.536385605286675],[121.39833511499998,24.536589821286693],[121.39829272100003,24.536697672286639],[121.39820277099999,24.536853757286682],[121.39809772099997,24.536991533286621],[121.39799261100008,24.537106369286615],[121.397910032,24.537198246286664],[121.39783265499997,24.537365772286659],[121.39775509800008,24.537459921286647],[121.39764497100009,24.537574796286645],[121.39748483199998,24.537760806286649],[121.39740992000011,24.537909986286664],[121.39733745900006,24.538036228286614],[121.397262501,24.5381670632866],[121.39716761500004,24.538357550286626],[121.39710792800007,24.538575492286633],[121.39705822000006,24.538770482286605],[121.397000918,24.538937971286593],[121.396961034,24.539045809286634],[121.39690365200015,24.539181193286559],[121.39684638800009,24.539364746286555],[121.3968141040001,24.539500073286558],[121.39678684899995,24.539642293286587],[121.39673962000006,24.539823518286568],[121.39674510200007,24.54001152628657],[121.39672794500007,24.540176647286557],[121.39672324800003,24.540307342286532],[121.39673611099995,24.540435725286589],[121.39673657600008,24.540623747286599],[121.39681771499995,24.540962944286591],[121.39683570700001,24.541134870286605],[121.39685856300004,24.541244888286556],[121.39689159200013,24.541409911286525],[121.39694219200014,24.541577197286593],[121.396967557,24.541687211286551],[121.39700545300003,24.541790327286556],[121.39709388399997,24.542033205286561],[121.39718987500009,24.542289830286567],[121.397230389,24.542436504286524],[121.39729606700008,24.542610641286554],[121.39740707800006,24.542851182286462],[121.39750294500007,24.543057363286554],[121.39756360600002,24.543233798286494],[121.39761405800002,24.543339184286513],[121.39766968400009,24.543508751286499],[121.39771280700002,24.54369438828649],[121.39777340800005,24.543845604286474],[121.397826502,24.544006006286505],[121.39788719200008,24.544191613286486],[121.39792775900004,24.544358918286488],[121.39798328500004,24.544487214286519],[121.39802124299996,24.544615557286484],[121.39805666000005,24.544730129286457],[121.39808199500013,24.544826382286431],[121.39815277100001,24.545032611286526],[121.39821333200005,24.545167774286426],[121.39824630400003,24.545307589286438],[121.39829438700009,24.545470287286495],[121.39832224200009,24.545571128286479],[121.39833756600002,24.545678864286515],[121.39834777799999,24.545749920286426],[121.39838571300001,24.545866788286407],[121.39841863199999,24.545985954286422],[121.39845152800002,24.546095945286456],[121.39848448300002,24.546228870286441],[121.39850739100004,24.546359530286427],[121.3985250970001,24.546414522286433],[121.39854289399997,24.546508491286392],[121.39857086900005,24.546657492286453],[121.39859375099999,24.546776674286452],[121.39863936900004,24.546955432286413],[121.39865214700004,24.547049416286455],[121.39866737900003,24.547120468286387],[121.39868768400004,24.547212145286412],[121.39871555700002,24.547319856286453],[121.39872588600009,24.547436780286429],[121.39871100000002,24.547505582286437],[121.39870622099998,24.547601906286417],[121.39874153499997,24.547675207286442],[121.39875176699999,24.547753143286403],[121.39876721100005,24.547909029286423],[121.39877007900009,24.54805348228637],[121.3987550730001,24.548204159286403],[121.39869463000001,24.548293108286394],[121.39855610599999,24.548514192286387],[121.39845020800011,24.548941453286389],[121.39836875300003,24.549228621286325],[121.39831196700004,24.549426202286416],[121.398102365,24.549663445286413],[121.39805253900006,24.549737089286378],[121.39785017700004,24.549912349286405],[121.39778272200012,24.549969995286364],[121.39765794500009,24.550108211286346],[121.39744327400003,24.55033400828637],[121.39732347900006,24.550465305286316],[121.39714882300008,24.550665663286363],[121.39698693199999,24.550916493286412],[121.39684471400004,24.551080001286351],[121.39667998199999,24.551257389286366],[121.39654288100003,24.551443840286346],[121.396336271,24.551788913286281],[121.39617928000007,24.552014460286298],[121.39608213300002,24.552161731286311],[121.39593737100002,24.552318381286288],[121.39572534600008,24.5525762842863],[121.39555330300004,24.552801886286318],[121.39543393400002,24.553027269286314],[121.39535271999998,24.553369519286292],[121.39532060200007,24.553477498286245],[121.39528947699998,24.553803474286308],[121.39524751500007,24.553952801286307],[121.39522363299994,24.554216785286297],[121.39516905700006,24.554350112286301],[121.39508749600006,24.55461663028624],[121.39495059900001,24.554848972286273],[121.39486596500001,24.554991598286257],[121.39480172200004,24.555205269286262],[121.39467297000013,24.555575252286321],[121.39475225700004,24.555912234286215],[121.39487364200011,24.556129709286257],[121.39503481500005,24.55627129028624],[121.39519872800011,24.556463345286243],[121.39550099900009,24.556744295286293],[121.39562700500002,24.556874567286233],[121.39584108500007,24.557066405286196],[121.39596952500003,24.557180592286233],[121.39614086599998,24.557351966286202],[121.39634227899995,24.557516313286197],[121.39647085800003,24.557660317286214],[121.39662754800011,24.557918949286208],[121.39671338300001,24.5580401952862],[121.39689271400003,24.558312494286156],[121.39698618600002,24.558458954286195],[121.3971125600001,24.558669524286191],[121.39729175400008,24.558911991286195],[121.39737527100009,24.559074549286141],[121.39743842900006,24.559172950286197],[121.39758293500003,24.559509639286155],[121.39764638600003,24.559672288286123],[121.39779530600001,24.559875874286156],[121.39791631299997,24.560008449286116],[121.3980775870001,24.560170675286116],[121.39825642000007,24.560332830286121],[121.39835731700005,24.560456311286128],[121.39854371700002,24.560627618286176],[121.39868725800001,24.56075091528616],[121.39888112000004,24.560908413286132],[121.39912509000008,24.561051931286105],[121.39929347000006,24.561122343286154],[121.39947933000009,24.561174325286093],[121.39983343299998,24.561266897286121],[121.40006938400005,24.561302593286136],[121.40031560999998,24.561391035286167],[121.40054938900006,24.561500175286145],[121.400725415,24.561595791286141],[121.400909133,24.561728091286163],[121.40112297300001,24.561864859286111],[121.40124904399995,24.562006581286102],[121.40136025300001,24.562189677286067],[121.40142864900007,24.562336239286104],[121.40146695000006,24.56248292828608],[121.40149789100002,24.562666373286064],[121.40146586299994,24.562792707286114],[121.40140406799999,24.562992615286134],[121.4013428200001,24.563311818286074],[121.40129103900006,24.563507086286066],[121.4012367710001,24.563706947286072],[121.40119787800009,24.5639778872861],[121.40120402099996,24.564223389286063],[121.40124035799995,24.564489396286046],[121.40130398599999,24.564688753286102],[121.40139528599998,24.564906356285995],[121.40156504500007,24.565275063286023],[121.40168664900003,24.565536130286034],[121.40176992100007,24.565643622286053],[121.40193382100006,24.565828781286001],[121.40224865900008,24.566107370286051],[121.40239476999997,24.566242115285991],[121.40256374600003,24.566441027286018],[121.40262960300005,24.566580717286033],[121.40269001400009,24.566626348285979],[121.40295024800002,24.567033663286008],[121.40303103100005,24.567145755286045],[121.40320282800005,24.567413477285985],[121.40328857300003,24.567514072285956],[121.40336193599998,24.567649134286029],[121.40337764500005,24.56779362428599],[121.4034040380001,24.568080334285991],[121.40339199800007,24.56819052728596],[121.40345085500005,24.568444972285956],[121.40357748100007,24.568708307285998],[121.403836779,24.568911399285994],[121.40392737700006,24.568975263285949],[121.40418633300007,24.569102641285998],[121.40430944500005,24.569145703285933],[121.404704094,24.569325273285944],[121.40501069000005,24.569447845285964],[121.40523450700002,24.569570791285912],[121.40543567599997,24.569677765285963],[121.40565946100001,24.569793823285892],[121.4058805210001,24.569861700285905],[121.40615663900002,24.569901805285951],[121.40630218200008,24.569912653285943],[121.40663810999999,24.569867596285938],[121.40674597300003,24.569867133285918],[121.40712967900005,24.569847110285941],[121.407337974,24.569866853285973],[121.40746369100007,24.569930563285915],[121.40765731700003,24.570032976285951],[121.40778574400008,24.570140260285939],[121.40789431000012,24.570293536285927],[121.40795781900012,24.570465344285928],[121.40803121500005,24.570607293285942],[121.40816871600006,24.570763542285906],[121.40829308900005,24.570876504285902],[121.40847412200002,24.57104364328589],[121.40867593500003,24.571272020285956],[121.40876554300004,24.571387282285887],[121.40890782400002,24.571505129285867],[121.409052606,24.571625260285945],[121.40925764500003,24.571738844285935],[121.40948017700003,24.571863993285891],[121.40966276400003,24.571956772285912],[121.40982818000006,24.571987480285888],[121.41012855300004,24.572103829285918],[121.41037637700003,24.572196953285893],[121.41054909100004,24.572264433285877],[121.41071933600007,24.572325013285923],[121.41087702100006,24.572387821285872],[121.41116231400005,24.572508686285843],[121.411475306,24.572613629285907],[121.41162773100008,24.572715437285883],[121.41180034300007,24.572798987285868],[121.41192524200001,24.572889186285881],[121.41203501100004,24.572990785285846],[121.41215474799999,24.573103903285872],[121.4122492920001,24.573232980285891],[121.41231625200012,24.573359615285881],[121.41232290700005,24.573499714285926],[121.41231969600005,24.57361221228582],[121.41230170199998,24.57368100728582],[121.41229336100001,24.573811847285818],[121.41223159299996,24.574059520285871],[121.41219529200006,24.574247625285796],[121.41216925600006,24.574399028285889],[121.41214572800004,24.574550459285888],[121.41209216100006,24.574690253285812],[121.4120710440001,24.574857766285817],[121.41197168200004,24.575098357285828],[121.41190502600001,24.575325331285864],[121.41182850599999,24.575524714285823],[121.41176490100008,24.575664455285846],[121.411685826,24.575870698285858],[121.41155841700004,24.576182330285789],[121.411517254,24.576345140285749],[121.41145876599997,24.576468841285767],[121.41138003500011,24.576619989285753],[121.4113314990001,24.576757503285751],[121.41127813200004,24.576865154285773],[121.41118146400002,24.577075905285803],[121.41108257200001,24.577240713285846],[121.41099162400005,24.577338988285806],[121.41091042299999,24.577483225285825],[121.41084971500001,24.577560994285783],[121.41080923700005,24.577613598285772],[121.41077366199994,24.577684596285785],[121.41073532300007,24.577796901285751],[121.41068391699997,24.577991818285806],[121.41066002900006,24.578200645285758],[121.41062915500005,24.578322185285774],[121.41062122499993,24.578386438285758],[121.41059028300005,24.57851945228574],[121.41054175900004,24.578654681285748],[121.41049838500008,24.578769266285725],[121.41044739499995,24.578897585285766],[121.41031779999997,24.579156394285771],[121.41025182800004,24.579273162285734],[121.41020594500004,24.579387736285721],[121.41009695500009,24.579561673285717],[121.41001056100004,24.579733445285814],[121.4099166550001,24.579902891285695],[121.40983555400004,24.580031049285743],[121.40975178600003,24.580184466285729],[121.40968829100004,24.580305841285732],[121.40960202900007,24.580456947285704],[121.4094980000001,24.580640098285663],[121.40944193000007,24.580777586285674],[121.40936828400002,24.580917270285767],[121.40928960599997,24.581059227285696],[121.40920336700003,24.581205736285735],[121.40913001000001,24.581299500285684],[121.409079277,24.581386504285675],[121.40897802800006,24.58152603728567],[121.40888178200008,24.581667906285691],[121.40881599300006,24.581754824285678],[121.40873749000004,24.581869231285737],[121.40864642100007,24.581985858285691],[121.4085629790001,24.582086458285673],[121.40850484799999,24.58215275128574],[121.40838345100005,24.582303680285698],[121.40827580500005,24.582448827285717],[121.40817563400003,24.582590058285668],[121.40807447300008,24.582736244285673],[121.40797967299997,24.582851382285615],[121.40787246700006,24.582996412285627],[121.40778040100008,24.583162013285641],[121.40766069900006,24.583318571285616],[121.40753840500007,24.583456770285594],[121.40739119300004,24.583631793285594],[121.407241398,24.58379077128561],[121.40710690500005,24.584004755285633],[121.40697754900008,24.584243951285607],[121.40686024899998,24.584377540285651],[121.40670316800005,24.584589327285585],[121.40656844200008,24.584752821285605],[121.40643389800007,24.584955330285645],[121.40627188100008,24.585185493285596],[121.40620712600003,24.585289021285636],[121.40602479900005,24.585466493285573],[121.40588019599997,24.585664458285599],[121.40577289799998,24.585791124285603],[121.40558351399994,24.586071886285552],[121.40540416600001,24.586352593285589],[121.40531453199998,24.586502133285613],[121.40526235100003,24.5866124962856],[121.40520014700003,24.586725198285592],[121.40500575500002,24.587008275285569],[121.4048863610001,24.587233654285651],[121.40477941900004,24.587438335285519],[121.40460484100007,24.587666245285547],[121.40454754800012,24.5877559842856],[121.40446855600008,24.588038559285614],[121.40423979099998,24.588486992285588],[121.40416509300009,24.588611228285558],[121.40407292800003,24.58875618028555],[121.40391364199998,24.589036804285495],[121.40377929899996,24.58928519328553],[121.40365017900005,24.589579442285526],[121.40353045700007,24.589733712285508],[121.40342872500001,24.589981968285507],[121.40327951500001,24.590271721285507],[121.40315302700002,24.590593508285558],[121.40306399700003,24.590876138285505],[121.40301214000009,24.591057620285497],[121.40299576700006,24.591319262285467],[121.403007028,24.591587692285472],[121.40303893800001,24.591708193285491],[121.40283204500012,24.591728402285476],[121.40255608800011,24.591734179285513],[121.40226749200002,24.591719367285435],[121.40210676800005,24.5916856322855],[121.40192604300002,24.591668047285545],[121.40169002200001,24.591627769285491],[121.40142858600008,24.591516454285543],[121.40125998900007,24.591407043285454],[121.401154281,24.591334075285456],[121.40102581699996,24.591222189285432],[121.40090495399998,24.591126329285501],[121.40048949700007,24.590799989285507],[121.40033590499999,24.590679034285454],[121.40012193100003,24.590521626285486],[121.3998401570001,24.590350738285562],[121.39974222899998,24.590332805285492],[121.39942833500004,24.590269896285449],[121.39923751100004,24.590238602285517],[121.39897879800006,24.590173161285527],[121.39884315100002,24.590137028285469],[121.398531648,24.590048865285549],[121.39828011000006,24.589905386285491],[121.39813173200005,24.58982800428549],[121.39788258900002,24.589659267285473],[121.39776177799999,24.589574886285504],[121.39770651100004,24.589559060285517],[121.397286354,24.589299267285536],[121.39705505000003,24.589192409285577],[121.39677372800006,24.58912018728547],[121.39667817700003,24.589072407285503],[121.39655518000008,24.589059161285572],[121.39628900500007,24.589007521285556],[121.39573421100009,24.588934160285532],[121.39552007200005,24.588737741285531],[121.39530341100006,24.588539038285532],[121.39517183800002,24.588291780285594],[121.39510576899997,24.588106196285526],[121.39499173600004,24.587854285285566],[121.39490573500001,24.587698622285568],[121.39475450500005,24.587543227285583],[121.39460102300005,24.587445215285559],[121.39438985900007,24.587352033285587],[121.39408577800003,24.587238597285609],[121.39387978700003,24.587179809285537],[121.39370884800003,24.587104811285553],[121.39344014900007,24.587048588285612],[121.39309089800005,24.586933047285555],[121.3929174320001,24.586853468285558],[121.39268124899999,24.586776455285563],[121.39236484000003,24.586711252285593],[121.39211368000011,24.586650358285624],[121.39165143199997,24.586512337285576],[121.39132503800005,24.586458653285575],[121.39116447400011,24.586459331285635],[121.39106165400003,24.586468943285535],[121.39063780800005,24.586502844285597],[121.39046971499999,24.58650355228556],[121.39020629000002,24.586504667285656],[121.38992271400002,24.586487508285568],[121.38928305500002,24.586510850285631],[121.38891175200004,24.586512405285575],[121.38872593400004,24.58647646928554],[121.38848750400004,24.586456826285605],[121.38819653200001,24.586469520285586],[121.38795820500003,24.586472817285593],[121.38773005800007,24.586508201285589],[121.38755940600004,24.586497445285595],[121.38720093000006,24.586563184285609],[121.38687536400005,24.586695345285619],[121.38668799900007,24.58687509928556],[121.3865833330001,24.587033878285549],[121.38640338800006,24.587190663285551],[121.38628351300009,24.58731507028563],[121.38590582900009,24.587575941285532],[121.38576079500001,24.587684387285531],[121.385578323,24.587836590285516],[121.38533315800005,24.587995944285549],[121.38515535400009,24.588070118285561],[121.38489244400003,24.588188245285554],[121.38462216800004,24.588343102285585],[121.38432707800004,24.588560020285499],[121.38415945100002,24.58866627428549],[121.38405448400012,24.588758500285568],[121.38388687799993,24.588869341285498],[121.38373169300007,24.588952592285551],[121.38328905299996,24.589277970285544],[121.38310886000005,24.589379684285536],[121.38303637500009,24.589441942285539],[121.38287612000006,24.589513741285515],[121.38265576100004,24.589611026285482],[121.38239281300005,24.589722258285523],[121.38210490500005,24.58986343228548],[121.38194477900004,24.589965050285457],[121.38164932800008,24.590101663285555],[121.381416595,24.590238001285464],[121.38118382100002,24.590365181285502],[121.38090323700008,24.590460414285491],[121.38069281200001,24.590534720285508],[121.38040730899998,24.590652925285507],[121.38017417000007,24.590697482285464],[121.38005405500007,24.590769121285433],[121.37980867400003,24.590882565285494],[121.37961327100003,24.590949925285479],[121.37947069800012,24.591049167285519],[121.37917773500014,24.591183474285426],[121.3789874700001,24.591278332285455],[121.37873462100005,24.591405587285518],[121.37836641099999,24.591544779285471],[121.378030835,24.591688439285452],[121.37786558900008,24.591767124285482],[121.37780052700006,24.591806400285442],[121.37756260700007,24.591906060285524],[121.37735726800007,24.591996392285431],[121.37718447200005,24.592070528285433],[121.37707930600006,24.592119148285466],[121.37685157400004,24.592253173285449],[121.37648593000007,24.592406122285393],[121.37616781300004,24.592526748285437],[121.37597999199996,24.592607833285484],[121.37572949800001,24.592700643285418],[121.37552909000014,24.592772605285433],[121.37524594700007,24.592858668285437],[121.37495027100012,24.592947074285387],[121.37474489499998,24.593030523285456],[121.37439657900003,24.593130626285468],[121.37421102400008,24.593156627285492],[121.37368488000003,24.593328579285416],[121.37344692600007,24.593421345285446],[121.37315158999999,24.593590047285449],[121.37299624099998,24.593638871285403],[121.37277591699998,24.593747627285435],[121.37271097100002,24.593814427285452],[121.3724316150001,24.59419647528544],[121.37236489900008,24.594433084285384],[121.37228083400005,24.59472025328542],[121.37220391499997,24.594917904285428],[121.37219449299999,24.595060210285379],[121.37220268799996,24.595213914285395],[121.37218341000008,24.595397551285402],[121.37215896399998,24.595546802285405],[121.37215468700002,24.595716636285417],[121.37216513899997,24.595812947285392],[121.37216318800007,24.595941456285352],[121.37216669000009,24.59617090628533],[121.37214269500008,24.596423399285339],[121.372110785,24.596586456285344],[121.37203616999994,24.596738195285361],[121.37196387500002,24.596846331285334],[121.37181652600009,24.597005259285332],[121.37164402500002,24.597150524285365],[121.37150646400001,24.597252049285334],[121.37135125900012,24.597335288285375],[121.37115347900011,24.597437050285354],[121.370895432,24.597527577285302],[121.37065725900001,24.597572161285338],[121.37028627100004,24.59765627528537],[121.37001317800001,24.597749174285337],[121.36955958899995,24.597879517285357],[121.36930659700008,24.597979210285342],[121.36866551500003,24.598319097285309],[121.36840206800001,24.598386888285319],[121.36816366200001,24.598466680285345],[121.36793023100006,24.598567128285303],[121.36773701000006,24.598626377285324],[121.3675337410001,24.59869247628529],[121.36733295600003,24.59877004428531],[121.36706922300006,24.598971343285346],[121.36691604799999,24.5990673582853],[121.36679041500005,24.599186363285281],[121.36665464200003,24.599358087285371],[121.36654907799999,24.599472549285323],[121.36640834500008,24.599616756285268],[121.36623727499996,24.599880153285287],[121.36617686600003,24.599987815285324],[121.3660607610001,24.60035221728527],[121.36600002800004,24.600618134285241],[121.36596221500012,24.600714383285297],[121.36586664800002,24.600844908285243],[121.36577368300006,24.600929571285238],[121.36556270700009,24.601082806285309],[121.36545710000006,24.601217905285292],[121.365311378,24.601348328285233],[121.36509540300007,24.601492372285247],[121.36494973500008,24.601595292285239],[121.36475883600011,24.60174168728528],[121.36460810600009,24.601867514285185],[121.36429153199998,24.602148967285206],[121.36415081900009,24.602279411285249],[121.363974919,24.602448755285227],[121.36389192200005,24.602563261285191],[121.36370598500005,24.602734886285276],[121.36352757200002,24.602904227285247],[121.36344210700004,24.602998087285194],[121.36332396500005,24.603128567285239],[121.36327593200005,24.603314223285224],[121.36327299800008,24.60352062928526],[121.36333013600003,24.603784473285231],[121.36339508199998,24.603910735285183],[121.36347488400008,24.604131062285223],[121.36356238000008,24.604268847285233],[121.36368481700006,24.604489257285163],[121.36378473600008,24.60468208728523],[121.36385222700005,24.604792310285191],[121.36395214600006,24.604985148285163],[121.36403711900006,24.605129799285127],[121.36422191300001,24.605517741285162],[121.36431399600008,24.605861926285122],[121.3643238420001,24.605953681285168],[121.36429832400003,24.606166921285126],[121.36422488100007,24.606513061285156],[121.36416918799999,24.60676521528514],[121.36407340399997,24.606998949285117],[121.36401018500008,24.607251093285097],[121.36394221100014,24.607377082285133],[121.36384893400005,24.607610809285099],[121.3637483550001,24.60773675028512],[121.36368285299999,24.607878804285068],[121.36349193200009,24.608029783285119],[121.36331351999998,24.608194536285151],[121.36318037800005,24.608299763285064],[121.36299197400001,24.608446168285109],[121.36285882800001,24.6085513852851],[121.36270057999999,24.608668021285155],[121.36255981300005,24.608821396285055],[121.36244170300004,24.608933529285093],[121.362341087,24.609075513285113],[121.36224558400006,24.609169344285064],[121.36210244700007,24.609256201285049],[121.36187388400006,24.60941396928504],[121.36175084899999,24.609482522285113],[121.36157003900007,24.609592249285047],[121.36146451500001,24.609681461285145],[121.36135143400007,24.609786730285052],[121.361293558,24.609878348285086],[121.36121788600005,24.610084583285087],[121.36121500200008,24.610265761285074],[121.36121472900005,24.610396487285044],[121.36123441900008,24.610577692285027],[121.3612465660001,24.610768071285051],[121.36123341300001,24.611061581285089],[121.36121806000006,24.611208336285053],[121.36126038800002,24.611357497285052],[121.36132256399999,24.611612174285067],[121.36133943199997,24.611942441285027],[121.361306408,24.612144194285019],[121.36125345100005,24.612281685285016],[121.36113270500003,24.612453458285032],[121.36102971200002,24.612531208285063],[121.36076847500009,24.612718729285028],[121.36060776600002,24.612810132285034],[121.36048711200007,24.612936020284977],[121.36032132300011,24.613057231285044],[121.36017805200001,24.613203704284995],[121.35994195400008,24.613363762285001],[121.35983889100008,24.613473634285036],[121.35968566900009,24.613581101285032],[121.35950969600002,24.613773381285046],[121.359486989,24.613837558285034],[121.35950674199997,24.613986665285012],[121.35954904700007,24.614147275284992],[121.35955374900004,24.614296356284967],[121.35953564100011,24.614560047284929],[121.35952793100003,24.614649477284956],[121.35949019200008,24.614704443284971],[121.359301285,24.615084743284989],[121.359235731,24.615247443285032],[121.3591776650001,24.615428490284906],[121.359137159,24.615607284284952],[121.35910423100005,24.615760878284959],[121.35903120600004,24.615898324284952],[121.35896544200001,24.616161922284917],[121.35888239400001,24.616294771284977],[121.35884183200001,24.616498788284883],[121.35879881300002,24.616679883284952],[121.35881098000003,24.616858784285007],[121.35881563600005,24.617030797284933],[121.35881031599997,24.617175271284889],[121.35885002799999,24.617374864284887],[121.35901500100012,24.617648114284925],[121.35912005400003,24.617788223284894],[121.35927267600006,24.617969706284889],[121.35937527000009,24.618086871284898],[121.35952059999995,24.618155973284921],[121.35975599600006,24.618337628284856],[121.359893766,24.618425058284895],[121.36010421900001,24.618540166284912],[121.36021431700004,24.618666513284882],[121.36031689300002,24.618792849284933],[121.36047701000003,24.61899039328485],[121.36058713200008,24.619105292284932],[121.36070720500005,24.619261489284892],[121.36079978300008,24.619371761284871],[121.36107262800012,24.619638339284887],[121.36115525700004,24.619707310284912],[121.36121769200004,24.619838167284897],[121.36133525199999,24.619996636284856],[121.361425293,24.620120665284819],[121.36150259300005,24.62034097828483],[121.36159259300005,24.620483352284882],[121.36168519600008,24.620582157284801],[121.36177282600015,24.620660306284872],[121.36188806700001,24.620727041284884],[121.362043586,24.620725059284808],[121.36235218500011,24.620686702284825],[121.36252277600011,24.620673290284884],[121.36271596400002,24.620648464284869],[121.362916603,24.620660332284878],[121.36305453400004,24.620672071284872],[121.363161418,24.621144719284889],[121.36319380700004,24.621250277284823],[121.36323873200001,24.621358153284859],[121.363253558,24.621468267284829],[121.363285871,24.621610508284782],[121.363333184,24.621778022284783],[121.36331749500005,24.622087591284796],[121.36332469800003,24.622243554284829],[121.36329431999998,24.622378796284828],[121.36329644200006,24.622566859284834],[121.36327859600011,24.62270671228487],[121.36326794900003,24.623004821284741],[121.363305146,24.623211298284765],[121.36336456700003,24.623589810284802],[121.36343954400003,24.623722983284733],[121.36352922800006,24.624021302284792],[121.36360661400006,24.624202627284784],[121.36367400100005,24.62436788028478],[121.36368637300001,24.624450471284785],[121.36374881300002,24.624581319284758],[121.36383886400002,24.624703024284798],[121.36407873000007,24.625157608284738],[121.36416131000006,24.625251794284704],[121.36421871500008,24.625391799284746],[121.36428622600009,24.625497425284685],[121.36436375400001,24.625609962284763],[121.36445614700004,24.625811962284683],[121.36457852900003,24.626069057284717],[121.36466602499998,24.626213710284709],[121.36477590700008,24.626450148284714],[121.36480823200013,24.626590098284755],[121.36482029600006,24.626824048284742],[121.36484992300009,24.627053440284708],[121.36484967600008,24.627174985284718],[121.36485944199998,24.6273057242847],[121.364891777,24.62743880328469],[121.36496173600003,24.627574252284713],[121.36508929700003,24.627753389284692],[121.36519416100008,24.627992114284634],[121.36529661200002,24.628184945284683],[121.3653716020001,24.62831352128466],[121.36540146000007,24.628432836284677],[121.36542139900004,24.628494795284652],[121.36543103000004,24.628692039284719],[121.36544815900005,24.628903063284671],[121.36543032599998,24.629036036284663],[121.36540729100003,24.629260745284679],[121.36540194100004,24.629423555284649],[121.36538642700008,24.629650566284681],[121.3653834170001,24.629895945284641],[121.36538815800004,24.630031265284639],[121.36540521000005,24.630278981284622],[121.36543992500006,24.6304762732846],[121.36548969200011,24.63067360128467],[121.365559533,24.630866384284619],[121.36564959900009,24.630983538284635],[121.36578721000004,24.631155815284583],[121.36586230700001,24.631233920284654],[121.36592236999999,24.631302851284662],[121.36602751800001,24.631403970284598],[121.36619530699994,24.631541900284635],[121.36629550400006,24.631610896284663],[121.36639565000009,24.631705129284647],[121.36641052500008,24.631792301284655],[121.36614720600006,24.631757379284604],[121.36585626400004,24.631736138284623],[121.36579288400004,24.631740895284587],[121.36561792300004,24.631754026284597],[121.36550497700003,24.631785891284565],[121.36526653600002,24.631851938284619],[121.36512597300012,24.631895219284555],[121.36507323000002,24.631927228284635],[121.36476186800009,24.632077960284562],[121.36460117000001,24.632153314284579],[121.36439029299999,24.632233160284624],[121.36421460000011,24.632280969284583],[121.364018856,24.632321847284587],[121.36379800600001,24.632371858284543],[121.36366497600001,24.632410560284637],[121.36346921800009,24.632456042284581],[121.36322813900003,24.632581709284594],[121.36297201900005,24.632702725284563],[121.36284644300007,24.632775853284581],[121.36265054100011,24.632890123284611],[121.36243704200004,24.633022701284556],[121.36220849200004,24.633155251284592],[121.36213314700001,24.633198662284638],[121.36191457300005,24.633358753284643],[121.36175632700011,24.63345934428461],[121.36158301100006,24.633566777284528],[121.36131180199999,24.633706109284613],[121.36116370200001,24.633751680284558],[121.36098049800005,24.633790294284552],[121.36082242700003,24.633806031284522],[121.36058666699995,24.633784911284547],[121.360275761,24.633710880284561],[121.36006760000011,24.633687515284567],[121.35981934499999,24.633643436284576],[121.35966886400004,24.633629369284563],[121.35913969600006,24.633564063284588],[121.358986681,24.633561466284537],[121.35874085500011,24.633556376284556],[121.35858534600001,24.633546868284572],[121.35834100600003,24.633541365284575],[121.3580915470001,24.633534612284535],[121.35803010199999,24.633574085284611],[121.35791754200001,24.633636588284531],[121.35780755300006,24.633712871284533],[121.35768342700008,24.633984580284547],[121.35756953499997,24.634299917284597],[121.35747041800005,24.634557723284523],[121.35738904900008,24.634856847284578],[121.35738547400004,24.63516714628458],[121.35737204900008,24.635516562284526],[121.35737083199996,24.635794675284526],[121.35739443799997,24.636017529284484],[121.35739507800004,24.636155433284536],[121.35740855499998,24.636357643284466],[121.35739552499997,24.636792091284523],[121.35743614300004,24.636897658284457],[121.35750949899997,24.637032976284466],[121.35740093800005,24.637417253284546],[121.35738171700008,24.63759890028447],[121.35724052200013,24.637976402284441],[121.35709742499999,24.638484923284487],[121.35691903499998,24.638954505284428],[121.35677304200009,24.639380292284468],[121.35667334600008,24.639513991284435],[121.35650426000004,24.639827245284419],[121.35635766000009,24.640122029284456],[121.35630556800004,24.640246352284446],[121.35624098200002,24.640379913284377],[121.35615890300006,24.640527338284414],[121.35600739300007,24.640845109284399],[121.35592058300008,24.641054618284418],[121.35582074800007,24.641158441284379],[121.35564370699998,24.641379793284397],[121.35535841400011,24.641511924284409],[121.35503535900001,24.641614323284358],[121.35483250700008,24.6416771732844],[121.35466228699997,24.64174678928438],[121.35438922300001,24.641812222284383],[121.35412634700003,24.641912085284371],[121.35391849900005,24.641979558284369],[121.35372586500002,24.642083743284367],[121.35347309300005,24.642199660284362],[121.35339307400002,24.642250537284408],[121.35324562399998,24.642363741284353],[121.353170714,24.642435289284407],[121.35309076600004,24.642502262284349],[121.35297348600004,24.642631423284371],[121.35289366399999,24.642725968284378],[121.35276423800003,24.642940235284438],[121.35267957000005,24.643071584284371],[121.352582363,24.643202990284411],[121.35252504800006,24.643283643284416],[121.35244291099998,24.643419564284383],[121.35238829600011,24.643541606284348],[121.35235153399998,24.643727919284395],[121.35234464400004,24.64386584828436],[121.35232014599997,24.64399236228433],[121.35229347800008,24.644192437284357],[121.35226661200008,24.644348831284326],[121.352270006,24.64454189328432],[121.35224298800007,24.644666110284284],[121.35221611100005,24.64482021328433],[121.35222639500003,24.644875335284272],[121.35222691300005,24.64498795828435],[121.35222491300007,24.645098276284319],[121.35225054300007,24.645217710284353],[121.35226090200005,24.645288922284287],[121.35228906200008,24.645412928284323],[121.35230450100002,24.645497906284344],[121.35231240800015,24.645580618284253],[121.35234577000004,24.645745982284254],[121.35236386700004,24.645863121284265],[121.35238455500007,24.645998648284284],[121.35243820700006,24.646212197284278],[121.35247674900005,24.646412020284284],[121.35248712900004,24.646487819284332],[121.35252013600008,24.646575040284262],[121.35258858599998,24.646733369284313],[121.35261156600001,24.646822907284257],[121.35264739800004,24.646979063284292],[121.35267863700005,24.6472271712843],[121.35271166600002,24.647318988284251],[121.352757457,24.647459014284294],[121.35278812400007,24.647583006284243],[121.35280864299999,24.64768175928425],[121.35285228500005,24.647899944284259],[121.35289573600008,24.64807675928424],[121.35286117899999,24.648194223284268],[121.35298772400006,24.648562630284289],[121.35300686499994,24.648784764284269],[121.35291303900009,24.648998367284261],[121.35285394500009,24.649156789284213],[121.3527598730001,24.649336031284221],[121.35263487499999,24.649753711284216],[121.35265146000005,24.649968979284164],[121.35271587800004,24.650206896284221],[121.35273205400004,24.650364898284238],[121.35276392300001,24.650612153284172],[121.35267771900007,24.650839464284228],[121.35259892400003,24.651050694284205],[121.35250718200008,24.651204705284158],[121.35246014499999,24.651294324284205],[121.35239738400007,24.65164293428418],[121.35231676200011,24.651950398284203],[121.35226340300007,24.652209600284149],[121.35223280400011,24.652493876284126],[121.35221455500003,24.652750588284132],[121.35223827400003,24.652910828284156],[121.35228014200005,24.653153456284151],[121.35231973200003,24.65342816128414],[121.35231904400007,24.653684775284145],[121.35230754100009,24.6538314752841],[121.35232163100001,24.654049051284158],[121.35253148000007,24.654272407284164],[121.35268065700005,24.654431936284119],[121.35293039300001,24.654618433284099],[121.35318771900008,24.654814015284117],[121.35339553800003,24.655103816284107],[121.35351587800004,24.655442225284109],[121.35349230200005,24.655655431284085],[121.35339074600009,24.655841578284114],[121.35325106399999,24.655959218284071],[121.35294527800009,24.656006757284093],[121.35289313899996,24.656084943284082],[121.35285391999999,24.656215761284077],[121.35287052300011,24.656433322284045],[121.35289983200008,24.656673722284026],[121.35298533600003,24.657053576284088],[121.35309725199997,24.657266047284079],[121.35327449100006,24.657489587284104],[121.35343947300012,24.657754443284077],[121.35346329400014,24.657928443284078],[121.35340535300006,24.65824953928399],[121.3534220380001,24.658478568284007],[121.35349029100009,24.658549209284001],[121.35364680400005,24.658681220283999],[121.35378355500008,24.658856876284045],[121.35381001500004,24.659049187283966],[121.35368406500002,24.659334014284003],[121.35360201199998,24.659439869284043],[121.353465797,24.659692658284087],[121.353361843,24.659894875284021],[121.35317254499998,24.660092986283974],[121.35309311199997,24.660214860284011],[121.35306423900006,24.660389165284041],[121.35311090300002,24.660599685283955],[121.35309281400004,24.660879319284014],[121.35308178400011,24.661092447284059],[121.35310312600011,24.661271058283994],[121.35330218700004,24.66138678928397],[121.35345867200013,24.661514222283937],[121.35352006600013,24.661678842283976],[121.353509035,24.661891980283922],[121.35346483000001,24.662027416283941],[121.35340348100007,24.662222507283996],[121.35332805500005,24.66255515628389],[121.35330431600006,24.662745464283919],[121.35328547900008,24.662919708283944],[121.35331166200004,24.66307306028402],[121.35338298000006,24.663221596283954],[121.35340118000005,24.663310855283967],[121.35339512000012,24.663517085283971],[121.35340657299997,24.663716357283935],[121.35338776900002,24.663895186283892],[121.35343210500005,24.664130929283953],[121.35352133199997,24.664327473283961],[121.35361790600004,24.66449877128391],[121.35370493399998,24.66473886628388],[121.35371902900008,24.664956451283931],[121.353632391,24.665124191283859],[121.35345993300004,24.665221393283911],[121.35322706900004,24.665293727283849],[121.35303742000009,24.665443724283914],[121.35308820800002,24.665528204283881],[121.35315371100003,24.665564507283868],[121.35317926200001,24.66562850628393],[121.35319270300012,24.66575445128386],[121.35316385999997,24.66593333228392],[121.35317513299999,24.666107404283835],[121.35322183499997,24.666322530283871],[121.35330737900004,24.666354120283824],[121.35352061100001,24.666343757283844],[121.353601184,24.666382247283828],[121.3536420690001,24.666485122283909],[121.35370999700004,24.66686280428388],[121.35371680900005,24.667114797283855],[121.35367762000013,24.667250210283875],[121.35364156199996,24.667472662283881],[121.35351087500007,24.667798752283851],[121.35337039999999,24.667806412283877],[121.35318430000007,24.667750179283836],[121.35305558800009,24.667647798283891],[121.35285067100007,24.667415248283845],[121.35268873700009,24.667228266283832],[121.35257263900007,24.66713498228383],[121.35249154200001,24.667023163283822],[121.35240288500006,24.666906811283802],[121.35219762699997,24.666626140283842],[121.35196973800011,24.666338723283875],[121.35185859600004,24.666236237283929],[121.351674437,24.666099803283831],[121.35153882000009,24.666084517283888],[121.35134297700003,24.666069591283826],[121.35105013100006,24.666176624283882],[121.35077752200006,24.666306462283867],[121.35045280400001,24.666519078283866],[121.35023117400006,24.666760904283905],[121.35006729200011,24.667006991283817],[121.34989835800003,24.667248514283816],[121.34966950800002,24.667533919283802],[121.34948752500009,24.667704480283785],[121.34926010900008,24.667838651283862],[121.34898459700003,24.667913515283853],[121.34873871100002,24.667919468283898],[121.34861314500003,24.667906424283885],[121.34848738399999,24.667865888283817],[121.34828632700008,24.667823478283854],[121.34793626200006,24.667646712283897],[121.34755847900009,24.66745406728386],[121.34721350300005,24.667286451283843],[121.346883594,24.66712102328384],[121.34657874800008,24.666950876283892],[121.34635954700001,24.66682609228387],[121.34600430800002,24.666626436283867],[121.34574740399997,24.66649268328382],[121.34547347900005,24.666436928283822],[121.345200363,24.666495727283895],[121.34500777200007,24.666586160283824],[121.34484822,24.666735986283868],[121.34475919100009,24.666922074283907],[121.34466034799999,24.667140297283833],[121.34456998300007,24.667493652283834],[121.34453448500005,24.667798586283833],[121.34446892399998,24.668110560283804],[121.34447001999996,24.668266367283817],[121.34445065500007,24.668367288283807],[121.34441906400001,24.668514104283787],[121.34432922900007,24.668943062283827],[121.34420017300012,24.669147705283795],[121.34402813400001,24.669306759283813],[121.34386032599997,24.669353525283856],[121.34365986200008,24.669395886283798],[121.34344868400002,24.66934207828379],[121.34323737700004,24.66926993528379],[121.34310426400013,24.669254647283761],[121.34284711400008,24.669086515283801],[121.34258509100007,24.668939051283768],[121.34244395100002,24.668852779283835],[121.3423706980001,24.668784446283855],[121.34226454400002,24.668677354283783],[121.34212028800006,24.668504015283844],[121.34188760800009,24.668246398283845],[121.34165999400001,24.667995621283797],[121.34145760500004,24.667763051283828],[121.34118690200003,24.667450659283837],[121.34101248600007,24.667270609283861],[121.34079726200002,24.66699685928387],[121.34060221100006,24.666736733283845],[121.34054137500007,24.666650016283867],[121.34040438100013,24.666437684283888],[121.34031364400006,24.666380909283824],[121.34024314000011,24.666346939283841],[121.34002160899998,24.666247349283864],[121.33985329100008,24.666220797283884],[121.33968022500007,24.666233197283852],[121.33954272499996,24.666307298283854],[121.33942037400006,24.666395046283824],[121.33919568300003,24.666561257283895],[121.3390915550001,24.666742852283914],[121.33908981400006,24.666852843283852],[121.33917855400001,24.666982953283874],[121.339224509,24.667094968283813],[121.33930113600005,24.6672870052838],[121.33933846100001,24.667600696283802],[121.33937043300001,24.667866311283849],[121.33945420400001,24.668003321283798],[121.33961142000005,24.668236149283796],[121.33959533000007,24.668447041283837],[121.33955396699999,24.668632864283843],[121.33939586200007,24.668991172283814],[121.33929422600011,24.669170458283812],[121.33930545000005,24.669339946283809],[121.33948244000011,24.669529140283814],[121.33969763099999,24.669798313283788],[121.33983549800003,24.670134365283779],[121.33983980000002,24.670390967283783],[121.33978986100009,24.670785336283707],[121.33975566600009,24.671278143283718],[121.33972678599999,24.671454730283759],[121.33979996700009,24.67187133528375],[121.33977467100004,24.672201418283802],[121.33965842100002,24.673162097283779],[121.33957474800003,24.673398567283702],[121.33938150700014,24.673757081283696],[121.33931224900006,24.673901813283763],[121.3392879400001,24.67401421328373],[121.33923613600007,24.674142817283716],[121.33916838399999,24.674502916283657],[121.33912740499997,24.674743730283684],[121.33910913700005,24.675002749283696],[121.33916789600003,24.675151347283652],[121.33930563800007,24.67546907128364],[121.3393522050001,24.675668147283677],[121.33930489500007,24.676080837283699],[121.33921852299994,24.676649557283675],[121.3391880170001,24.677311898283655],[121.33916150000003,24.677467847283598],[121.33913546500001,24.677692540283619],[121.33911636499994,24.677832410283649],[121.33907397800006,24.678231327283605],[121.33901952200002,24.678699046283569],[121.33900061400004,24.678866406283557],[121.33898449000006,24.679072722283568],[121.33892816000001,24.679272373283563],[121.33882411500009,24.679467709283557],[121.33856904800004,24.679959452283558],[121.33839495500003,24.680187258283574],[121.33829307000003,24.680332173283567],[121.338128375,24.680468271283541],[121.33802365799995,24.680567371283573],[121.33765924799999,24.680855808283539],[121.33753943700005,24.68095040928355],[121.33741504200006,24.681106903283531],[121.33726330899999,24.681302497283536],[121.33698001600013,24.681707338283541],[121.33686318200003,24.681868356283537],[121.33651588000009,24.68245226928352],[121.33630995599999,24.682794807283521],[121.33622566200006,24.68294420528353],[121.33601498500002,24.683325731283471],[121.33587111200002,24.683569394283477],[121.33573956500005,24.683780913283478],[121.33556786300007,24.683992666283487],[121.33522189300002,24.684409291283497],[121.33493315200003,24.684754578283453],[121.334564544,24.685164461283438],[121.33427831100003,24.685509731283478],[121.33407899300006,24.68572161728342],[121.33392205500006,24.685892039283484],[121.3337927380001,24.686064610283459],[121.33349660400002,24.686430551283447],[121.33328252400005,24.686686068283443],[121.33316318399997,24.686849381283444],[121.33290694700008,24.68717846728341],[121.33277012900014,24.687355651283404],[121.33258589700009,24.687572032283363],[121.33237716900011,24.687875632283426],[121.33218316600006,24.688131041283423],[121.33198889100007,24.688347497283388],[121.33177984399997,24.688605259283392],[121.33155846500006,24.688895181283389],[121.33145401900003,24.689035526283366],[121.33130960700008,24.689203581283412],[121.33113780699998,24.68940386328336],[121.33104066800004,24.689512095283355],[121.33091355300007,24.689641107283364],[121.33076888600012,24.6897725032834],[121.33056227900005,24.690021101283357],[121.33005689000007,24.690619614283396],[121.32975809700004,24.69096723128337],[121.32961852600013,24.691110055283378],[121.32951126400005,24.691206872283303],[121.3293916130001,24.69132668228335],[121.32894732,24.691686563283369],[121.32868758500001,24.691875867283308],[121.32852025800001,24.691998228283296],[121.32830554200002,24.692164374283276],[121.32802364599998,24.692415681283279],[121.32785401700006,24.692567832283345],[121.32753200400006,24.692826212283308],[121.32703252600004,24.693193259283277],[121.32667292300003,24.693461012283251],[121.32659408299999,24.693513660283237],[121.32635810500001,24.69367124228323],[121.32610313100004,24.693823856283235],[121.32580558000004,24.693990459283249],[121.32542059099997,24.694217100283247],[121.32509806400003,24.694402164283286],[121.32475819099996,24.694619407283231],[121.32441820200007,24.694820606283265],[121.3241607130001,24.694973232283274],[121.32376026000009,24.695142687283262],[121.32360004699999,24.695205430283298],[121.32337221900005,24.695291440283214],[121.32322190300013,24.695333512283234],[121.3230564800001,24.695368793283226],[121.32265006500009,24.695400787283283],[121.32245428300004,24.695401867283294],[121.32226103000002,24.695405208283209],[121.32207797400009,24.695431414283249],[121.3217143520001,24.695481518283223],[121.32143350000004,24.695521999283198],[121.32124276999998,24.695527626283219],[121.3210220320001,24.695549440283248],[121.32088926900006,24.695589117283237],[121.32053604600004,24.695691860283212],[121.32026565600005,24.695794144283234],[121.32012553600009,24.695859070283269],[121.31990297299997,24.695981711283206],[121.31948318300006,24.69626122128324],[121.31940100799999,24.696357912283244],[121.31927273799997,24.696688553283231],[121.31924335500003,24.696796391283186],[121.31913754800006,24.697108575283252],[121.31902123000012,24.69735207128323],[121.31891408200013,24.697467225283248],[121.31873199000006,24.697635472283231],[121.31851954200009,24.697769521283217],[121.31843964300003,24.69783182628321],[121.31826459500004,24.697929010283165],[121.31817214500002,24.69799136928318],[121.31786152299998,24.698084705283257],[121.31764581500011,24.6981087922832],[121.31744507200008,24.69811903928316],[121.31733467500008,24.698126522283157],[121.31717662100009,24.698138829283209],[121.31665684000005,24.698111864283202],[121.31643586100007,24.698099311283219],[121.31622992699999,24.698084397283139],[121.31590882500007,24.698113630283167],[121.31546207000004,24.698120636283203],[121.31511549299998,24.698095009283215],[121.31474622000009,24.698053478283164],[121.31445717600003,24.697997762283173],[121.314122763,24.697914793283147],[121.3138233860001,24.697815599283199],[121.31350913100005,24.697743982283228],[121.31319732599999,24.697663186283208],[121.31283995600009,24.69752535928318],[121.31258307499996,24.69740072928326],[121.31225066600008,24.69724213728319],[121.31193038600006,24.697021619283166],[121.31171052700007,24.69680284328318],[121.31142105100002,24.696682974283217],[121.31113650600001,24.696549326283264],[121.31078169600006,24.696418342283263],[121.31061561600008,24.696357380283203],[121.31033852400007,24.696212232283173],[121.31006662200002,24.696092270283195],[121.30973155400002,24.695910771283199],[121.309333288,24.695663169283236],[121.30891494300013,24.69541568028319],[121.30864988200007,24.695192566283204],[121.30842562699999,24.695065462283264],[121.30835915200007,24.695023064283223],[121.30815378700005,24.694919539283276],[121.30739196800006,24.694679963283274],[121.30726866900001,24.694560748283259],[121.30703721300004,24.694352127283231],[121.30681311300005,24.694076885283295],[121.30670250700003,24.694012782283327],[121.30651154699997,24.693932772283276],[121.30635577500003,24.693871073283322],[121.30613972800002,24.693795708283307],[121.30594630600001,24.693734085283268],[121.30554189400004,24.693610873283291],[121.30499670800012,24.693402940283235],[121.30451920599997,24.693162700283263],[121.30441363200011,24.693100888283301],[121.304220169,24.693023181283259],[121.30409706200011,24.692975182283291],[121.30389612500002,24.692918165283373],[121.30360278700007,24.693040574283284],[121.30320713800002,24.693104452283325],[121.302852648,24.693161684283265],[121.30253922300001,24.693281838283344],[121.30242387100006,24.6933211542833],[121.30223328700001,24.693385904283339],[121.30206772400005,24.693420718283281],[121.30175666700008,24.693485726283242],[121.30155112999996,24.693591874283229],[121.30131796600003,24.693691188283271],[121.30105225,24.693820426283313],[121.30081165999999,24.693961113283315],[121.30064896400002,24.694133806283293],[121.300533727,24.694219068283243],[121.30042603800004,24.694311213283221],[121.30030841399999,24.694444749283253],[121.30011071500006,24.694672658283288],[121.29994043900001,24.69482698228326],[121.29983285299998,24.694960487283282],[121.29977041200006,24.695080098283228],[121.29965294000012,24.695273384283237],[121.29957296300007,24.695406832283261],[121.29947800000004,24.695567885283257],[121.29946114200006,24.695845967283262],[121.29946405700002,24.696004522283232],[121.29947225000001,24.696264161283306],[121.29954838299999,24.696590306283195],[121.299649402,24.696833660283247],[121.29973271499996,24.697021915283184],[121.29985623000006,24.697228469283221],[121.29994704300012,24.697405205283186],[121.30006304500002,24.697616369283153],[121.30014376100004,24.697772460283186],[121.30021448900004,24.697946950283239],[121.300262561,24.69809620628315],[121.30030561300013,24.698246871283168],[121.30034963900005,24.698391053283192],[121.30043716799999,24.698547733283192],[121.30056232800004,24.698729824283152],[121.30070997900009,24.698957963283199],[121.30078522700002,24.699013412283154],[121.30090787200001,24.699197782283136],[121.30107807400007,24.699451318283145],[121.301230644,24.699718586283151],[121.30138070000005,24.699985857283131],[121.30154580200005,24.700266977283121],[121.30169321900009,24.700580246283096],[121.30178555899998,24.700815158283167],[121.30188298900006,24.701027054283117],[121.30199777200005,24.70132644028309],[121.30211751000002,24.701651112283134],[121.30225503100002,24.701909146283072],[121.30227972000004,24.702067936283054],[121.30236655300001,24.702475343283098],[121.30237844600002,24.702714606283067],[121.30241307000004,24.702917121283132],[121.30239202400001,24.703250619283097],[121.30232863000001,24.703448248283092],[121.30222495600003,24.703668774283042],[121.30217158399996,24.703877950283026],[121.302201275,24.704045958283064],[121.30222597500003,24.704200146283021],[121.30229085300006,24.704370558283006],[121.30237586599999,24.704529517283095],[121.30249608599999,24.704683988282994],[121.30262881000013,24.704861495283037],[121.30276644900006,24.705078123283013],[121.30287410700009,24.70523024528298],[121.30293144200006,24.705400636283034],[121.30296388300006,24.705485838283082],[121.30302606500004,24.705720647283041],[121.30305547400008,24.705989867283026],[121.30304475700009,24.706226765282985],[121.30305929600004,24.706420029282988],[121.3030686300001,24.706677689282987],[121.30308529099999,24.707011271282958],[121.30307454099996,24.707259672282987],[121.30308405800005,24.70745062728297],[121.30311626199996,24.707620942282919],[121.30316337600003,24.707851104282966],[121.30322031299995,24.708164103282936],[121.30327247100001,24.708389687282935],[121.30339499000003,24.70862237028291],[121.30348247900007,24.708797439283014],[121.30355505200014,24.708912668282945],[121.30367514300012,24.709115435282929],[121.30381529799999,24.709334367282917],[121.30399316300004,24.709551100282894],[121.30414586900007,24.709776967282931],[121.30430881400004,24.709936164282954],[121.30443905300001,24.710106758282954],[121.30459950600005,24.710259034282934],[121.30475252599997,24.710372178282878],[121.30509857700011,24.710674521282925],[121.30526408400014,24.710817605282951],[121.30542437300006,24.71102969728291],[121.30565210100008,24.711396103282937],[121.30593935500006,24.712052495282876],[121.30604429200002,24.712282818282912],[121.30615915800001,24.712559186282856],[121.30629396700007,24.712895418282876],[121.30639902100005,24.713084335282876],[121.30644067800004,24.713473195282898],[121.30647753800008,24.713776934282865],[121.30653166600001,24.714200339282804],[121.30656070200004,24.714607579282838],[121.30657257500003,24.714858336282798],[121.30659682100007,24.715180445282883],[121.30668407600001,24.715442928282833],[121.30676132100002,24.715689279282792],[121.30681606300003,24.715891850282759],[121.30697581300001,24.716301758282832],[121.30710816100012,24.716621878282755],[121.30718795800004,24.716854437282791],[121.30723037700002,24.716969565282728],[121.30727226900002,24.717273320282803],[121.30731125800004,24.717719679282787],[121.30743705699997,24.718589547282804],[121.30746597100004,24.71904278028272],[121.30753504100001,24.719519134282685],[121.30760938900002,24.719905794282695],[121.307611153,24.720177228282676],[121.30754274100002,24.720370247282748],[121.3074468320001,24.720507994282681],[121.30733073200007,24.720673276282682],[121.30719215999997,24.720785605282735],[121.30702058300005,24.721012828282706],[121.30688936700005,24.721189579282676],[121.30680078100009,24.721405545282671],[121.30665443500004,24.721598344282729],[121.30658862600004,24.721759179282714],[121.30650775400002,24.721913066282642],[121.30647222100001,24.722034881282681],[121.30640383900003,24.722216397282693],[121.30635280600008,24.722487686282665],[121.306236169,24.722846198282657],[121.30611740100004,24.723066674282602],[121.30601124400006,24.723271093282623],[121.30583958600005,24.723525933282659],[121.30571304300005,24.723829200282612],[121.30564704000003,24.724059033282618],[121.30560866900004,24.724295851282662],[121.30559051300007,24.724495918282596],[121.30554693200008,24.724799432282577],[121.30555399300012,24.724971971282638],[121.30553043900012,24.725305439282607],[121.30548196800011,24.725558330282645],[121.30546890600012,24.72573541728265],[121.30538773500004,24.725995101282631],[121.30527934300007,24.726098311282641],[121.30504029400001,24.726175829282564],[121.30444157200013,24.726312124282558],[121.30407169600007,24.726423774282551],[121.30386520600003,24.726545084282566],[121.30370134900006,24.726703337282597],[121.303537545,24.726843178282611],[121.303421511,24.726980857282541],[121.30320986199999,24.727148168282618],[121.30299814200005,24.72734078128256],[121.30275614200001,24.72757240328254],[121.30252921500006,24.727808679282546],[121.30234031100005,24.727932346282564],[121.30213125799999,24.728069758282551],[121.30198256600015,24.728198147282512],[121.30180615400002,24.728349450282508],[121.30162726700004,24.728486948282502],[121.30146092900006,24.728631388282562],[121.3012339510001,24.72888375228257],[121.30106738700007,24.729108692282512],[121.30093358200011,24.729306128282513],[121.30078978700011,24.729480524282543],[121.30065852200001,24.729668773282484],[121.30045188600006,24.729838381282569],[121.30024279900007,24.729984994282528],[121.30008663400011,24.730088051282525],[121.29986509300009,24.730193208282529],[121.299568044,24.730328068282478],[121.2993716850001,24.730419514282492],[121.2992533,24.730497378282458],[121.29905457299999,24.730535893282539],[121.29889855000015,24.73058834528252],[121.29866187099999,24.730711876282527],[121.29856079899999,24.730890998282511],[121.29843857100001,24.731435793282461],[121.29833973599997,24.731711534282439],[121.29827355700003,24.73199657428248],[121.29822258899998,24.73223794728246],[121.29819944900011,24.732417302282467],[121.29818376299998,24.732628883282466],[121.29816524200011,24.732953156282466],[121.29811164700003,24.733233628282399],[121.29817539200008,24.733804274282441],[121.29825250700006,24.734094328282463],[121.29837232400004,24.734398317282377],[121.29841464099998,24.734547953282405],[121.29850202900001,24.734762119282454],[121.29858447500007,24.734946392282428],[121.29870956400005,24.735165277282402],[121.298844454,24.735473895282439],[121.29889177300002,24.735632749282345],[121.29897165500006,24.735835409282409],[121.29908156200008,24.736088750282406],[121.2991512670001,24.736332773282335],[121.29918858400008,24.736473193282322],[121.29928612900005,24.736652912282359],[121.29938631800007,24.736788908282332],[121.29955422300011,24.736982614282358],[121.29966957799999,24.737088761282351],[121.29976988200012,24.737183361282362],[121.29995050600003,24.73732420628237],[121.30009096700003,24.737444223282349],[121.30019326500006,24.737722867282319],[121.30022518100012,24.737994373282294],[121.30021461200013,24.73817605228232],[121.30022370000009,24.738518822282341],[121.30025054500001,24.738806420282323],[121.30026746500006,24.739047992282316],[121.30028191100001,24.73927346328232],[121.30034399000007,24.739549668282248],[121.30042108200006,24.739851224282337],[121.30051579500001,24.740145917282284],[121.30057797000009,24.740387632282285],[121.30062772300002,24.740576394282279],[121.30071485900004,24.740882576282289],[121.30078695900008,24.741172603282216],[121.30084415799999,24.741395902282289],[121.300936573,24.741614686282272],[121.30103161899997,24.741792079282206],[121.30112156600002,24.741994764282278],[121.30118661199998,24.742109955282206],[121.30133936000003,24.742333522282223],[121.30153461700002,24.742640011282173],[121.30172509899997,24.742856793282257],[121.30183785000006,24.742997441282256],[121.30201082200007,24.743181952282239],[121.30214371600007,24.743313447282194],[121.30229653900008,24.743511705282252],[121.3024319110001,24.743654716282265],[121.30256724300001,24.743813816282191],[121.30271775100005,24.743940763282225],[121.30293846199999,24.744139224282193],[121.30318168600004,24.744379148282153],[121.30337221300007,24.744582122282157],[121.30349513000004,24.744686000282211],[121.30365049400002,24.744875052282136],[121.30386368299999,24.745066586282171],[121.30400157600003,24.745209600282184],[121.30416971400008,24.745327389282167],[121.30438304599997,24.745468317282182],[121.30459640400012,24.74560004528216],[121.30474697100006,24.745708585282166],[121.30491257100002,24.745835571282178],[121.30506304400002,24.745976320282196],[121.30519332800006,24.746144609282169],[121.30527843500008,24.746282881282156],[121.30532077200003,24.746430213282157],[121.30538566800007,24.74660290728216],[121.30542544800007,24.746764040282159],[121.30545767700008,24.746929739282102],[121.30549499000007,24.747074763282104],[121.30553202200011,24.747321005282142],[121.30555163900013,24.747500472282152],[121.30553364700005,24.747640731282115],[121.30554301300003,24.747889181282158],[121.30554255500006,24.748054802282091],[121.30553239499993,24.748146037282165],[121.30551450699998,24.748267747282117],[121.30540042200005,24.748638384282135],[121.305322528,24.748870406282133],[121.30518181500008,24.749378100282133],[121.30514915300003,24.749506752282112],[121.30512402700001,24.749674474282131],[121.3050662390001,24.749904206282025],[121.30506121699996,24.750055843282144],[121.30509891500004,24.750202914282049],[121.30516425800013,24.750356892282081],[121.30527734900009,24.75058671928209],[121.30538541100003,24.750736137282018],[121.30552112000007,24.751000445282116],[121.30560154100009,24.751186604282069],[121.30568950400007,24.75137965528204],[121.30574228200008,24.751556597282018],[121.30580260000012,24.751772610282043],[121.30590564400001,24.751974866282072],[121.30596093200006,24.752082879282039],[121.30608910100001,24.752204738282],[121.30624239599999,24.752312813282053],[121.30644847100005,24.752471467282028],[121.30659171900002,24.752623197281963],[121.30668219000005,24.752708262281988],[121.3067676390001,24.752836979281987],[121.30683549900003,24.753011634282039],[121.30688576700001,24.753204670282017],[121.30700138499999,24.753602225282044],[121.30708683800005,24.753820549281986],[121.30717480100006,24.753956168281999],[121.30728789600009,24.754158411281946],[121.30740853200003,24.754312434281989],[121.307488956,24.754425066281978],[121.30759954100002,24.754631910281947],[121.30765483500005,24.754767505281979],[121.30770761900006,24.754983504281995],[121.30766496800003,24.755128850281942],[121.30765234300011,24.755171873281935],[121.30749905200005,24.755291285281952],[121.30711707200005,24.755422033281935],[121.30674262800009,24.755536706282008],[121.30646619400002,24.755644532281966],[121.30616211700008,24.755793719281964],[121.3058680920001,24.755949790281985],[121.30558914800011,24.756085185281993],[121.30545344399998,24.756220665281923],[121.30521470699995,24.756385959281918],[121.30496591699996,24.756565031281973],[121.30481513700009,24.756698213281904],[121.30461912100006,24.756863528281897],[121.30445326500001,24.757111574281893],[121.30431505200011,24.757251662281931],[121.30413411399998,24.757446857281927],[121.30402857000004,24.757593839281906],[121.30393558800009,24.757738542281889],[121.30380491200002,24.757910783281929],[121.30365413299997,24.758174923281924],[121.303463146,24.758510269281864],[121.30328220700002,24.758806558281865],[121.303141478,24.7590936812819],[121.30298818400001,24.759422162281876],[121.30285248100009,24.759695497281843],[121.30267405499995,24.760037743281835],[121.30261122900002,24.760138800281837],[121.30253583700006,24.760327162281882],[121.30247049500008,24.76044430528189],[121.30234232799998,24.760736026281855],[121.30226945000007,24.760830187281837],[121.30218651599994,24.76094732028184],[121.3020809650001,24.761131074281849],[121.30197290300005,24.761301029281871],[121.30185478600004,24.761482472281877],[121.30176431200002,24.761728268281871],[121.3017040010001,24.761916636281814],[121.30167133100005,24.762171659281776],[121.30167635900001,24.762341693281808],[121.30168389900004,24.762582948281864],[121.30164369100008,24.762775926281837],[121.30153562200012,24.763010220281767],[121.30135467500006,24.763147963281799],[121.30118378100005,24.763260451281781],[121.30114477900011,24.763285896281833],[121.30102544599998,24.76336374928179],[121.30084198500001,24.763441763281758],[121.30065349599994,24.763483005281799],[121.30048008499999,24.763549531281804],[121.30029410699997,24.763556306281732],[121.30001765299998,24.763471123281793],[121.29977387699999,24.763388260281779],[121.29958035900005,24.763312321281806],[121.29935668400002,24.763224874281764],[121.29910536700001,24.763109837281764],[121.29884148400002,24.763008585281817],[121.29858765000009,24.762925703281788],[121.298469532,24.762914147281812],[121.29825088400003,24.76292090328176],[121.29807747300005,24.762934590281827],[121.2979467900001,24.762955184281836],[121.29781107500003,24.763005653281745],[121.29769295300005,24.763044638281784],[121.29752456900005,24.763129542281774],[121.29733105100003,24.763202943281815],[121.29721795600008,24.763235037281806],[121.2970344910001,24.763262496281861],[121.29678819900003,24.763271535281813],[121.29657457400005,24.763308152281809],[121.29628555600002,24.763347043281836],[121.29610460400005,24.763411260281813],[121.29591108400005,24.763454790281774],[121.29566730000012,24.763518966281762],[121.29553158899999,24.763555648281777],[121.29535063400012,24.763640539281774],[121.29515962600013,24.763709344281782],[121.29498370200007,24.763729931281798],[121.294883175,24.763750533281808],[121.29470473600006,24.763773384281741],[121.29454389100006,24.763773285281744],[121.29441571800012,24.76380767528175],[121.29418198800005,24.763867263281792],[121.29398343900006,24.763986604281804],[121.29386531700005,24.764043969281747],[121.29372708199998,24.76420471428181],[121.29364665199999,24.764340219281749],[121.29348579300002,24.764595167281779],[121.29339028600012,24.764762825281704],[121.29323947700007,24.765024660281782],[121.29315401700001,24.765180843281737],[121.29308364200004,24.765316356281762],[121.2930650190001,24.765382074281767],[121.29301074300004,24.765573641281716],[121.29294034500002,24.766106654281764],[121.29295039000012,24.766221541281762],[121.29290513000002,24.766598338281749],[121.29289004500001,24.766713203281739],[121.29285485000003,24.766876310281742],[121.292794521,24.76710143828171],[121.29275178900005,24.767216293281699],[121.29270402799999,24.76738170028171],[121.29263616099996,24.767514914281723],[121.29253813700002,24.767627440281704],[121.29245016700004,24.767726176281695],[121.29227172100001,24.767813370281718],[121.29207568200005,24.767914331281716],[121.29189723500009,24.767971658281667],[121.291718789,24.768047358281709],[121.29143478500004,24.768088531281652],[121.29122618200002,24.768138947281738],[121.29098993100001,24.76817554728165],[121.29057524100006,24.768207437281717],[121.29028118400008,24.768232512281656],[121.28985140900012,24.768308037281688],[121.28953975900001,24.768360680281695],[121.28917784500001,24.768406396281652],[121.28885362900009,24.768442929281651],[121.28854197799997,24.768484066281673],[121.28818760400004,24.768527482281719],[121.28783573500006,24.768616846281738],[121.28753916200003,24.768683290281636],[121.28725263099994,24.768864590281719],[121.28714455400008,24.76890817128168],[121.28696609400005,24.769078071281697],[121.2866770400001,24.769328319281698],[121.2864256910001,24.769530336281626],[121.28623466500002,24.769665769281637],[121.28601599200013,24.769831039281637],[121.28577218500003,24.769957237281673],[121.28555100300002,24.770081162281624],[121.28527955600011,24.770165979281636],[121.28502319400005,24.770220945281643],[121.28481458400003,24.77026674728161],[121.28456576000002,24.770321716281636],[121.284289293,24.770367464281609],[121.2841058250001,24.770358144281623],[121.283723804,24.770355572281684],[121.28328900100011,24.770380529281613],[121.28296478700008,24.770378009281671],[121.28279136600004,24.770393964281663],[121.28245458299996,24.770402916281697],[121.28224597600003,24.770432633281658],[121.281994639,24.770466911281648],[121.28177346800013,24.770482829281633],[121.28148694500011,24.770535471281644],[121.28128084900003,24.770562891281596],[121.28080833999999,24.770629171281659],[121.28051428100002,24.770654224281611],[121.28018001200006,24.770658571281611],[121.27989852200005,24.770660659281692],[121.2793355360001,24.770674034281647],[121.27899875100002,24.770705946281616],[121.27883789200004,24.770740293281612],[121.27848602399999,24.77079517328162],[121.27816934100007,24.770827100281611],[121.27784260400003,24.77087740028168],[121.27741533500003,24.770925320281648],[121.27715896200006,24.771005544281632],[121.27689755400002,24.771134007281596],[121.27671406300009,24.771248768281666],[121.27655316100001,24.771524355281645],[121.2763771660001,24.771891854281566],[121.27616096300007,24.77221564828162],[121.27595231300002,24.772442958281601],[121.27564812700008,24.772844812281622],[121.27541685200005,24.773097377281559],[121.275220772,24.773310903281637],[121.27499202400007,24.773487653281602],[121.27474315600001,24.773728704281545],[121.27449681600004,24.773884754281578],[121.27419768099998,24.774118889281578],[121.27399407300001,24.774263475281558],[121.27383822,24.774373637281514],[121.27366728900006,24.774502176281572],[121.27354411400009,24.774593987281538],[121.27335811200005,24.774662771281548],[121.27322740599999,24.774715520281546],[121.27306402899998,24.774759046281606],[121.27274481700012,24.774823127281486],[121.27245074800013,24.774834378281611],[121.27223711800004,24.774808936281563],[121.27196567000004,24.774811018281561],[121.27181487300001,24.77479022028152],[121.27161129200013,24.774778563281618],[121.27129208400001,24.774819670281559],[121.27125433500007,24.775049410281547],[121.27133969999994,24.77548603128151],[121.27133213100004,24.775633074281597],[121.27136225000005,24.775826105281492],[121.27136220600002,24.776046683281532],[121.27140238299998,24.776232825281561],[121.27141491300003,24.776414348281474],[121.27142241900005,24.77657518728147],[121.27141484500012,24.77674521028149],[121.271404766,24.776873878281481],[121.27138211899999,24.776995633281501],[121.27137454999999,24.777126587281504],[121.2713468740001,24.777273615281505],[121.27132171800007,24.777370093281501],[121.27129152899995,24.777510237281451],[121.271221113,24.777705481281433],[121.27116075500007,24.77787545528146],[121.27102751599996,24.778004028281437],[121.27093701300009,24.778102746281434],[121.27075853300001,24.778212895281484],[121.27059261700003,24.778352911281438],[121.27037141800005,24.778428556281476],[121.27008736800008,24.778568486281497],[121.26992145700001,24.778678646281456],[121.26961227400001,24.778804772281418],[121.26933827600007,24.778949298281475],[121.26921259100006,24.779004337281499],[121.26896372300008,24.779167262281469],[121.26867715899999,24.779293401281432],[121.26840818800004,24.779428752281422],[121.26826739500004,24.779594066281426],[121.26808637000006,24.779832880281468],[121.26797072699999,24.779933873281472],[121.26781237500003,24.779954424281481],[121.26761130800001,24.779910609281405],[121.26729964600007,24.779857499281459],[121.26691761800008,24.779781365281469],[121.26651044500014,24.779732767281438],[121.26623145800008,24.779702675281435],[121.26601779000005,24.779794396281392],[121.26577391200013,24.780081406281425],[121.26549482000006,24.780467177281441],[121.26521572500006,24.780862150281425],[121.26510507900004,24.78107343328141],[121.26505476900006,24.781229627281441],[121.264941636,24.781323751281423],[121.26485113800008,24.781378814281354],[121.26462240700006,24.781383219281448],[121.26431830400006,24.781256589281366],[121.26399659500007,24.781175889281357],[121.26383824900003,24.781161967281442],[121.26363968600002,24.781148007281445],[121.26349641800007,24.781147879281438],[121.26326014700007,24.781150001281436],[121.26303140800006,24.781191159281377],[121.26283282900006,24.781227747281381],[121.26261161400005,24.78133095428139],[121.26244821300011,24.781420425281418],[121.262232035,24.781473079281422],[121.26196056700007,24.781509614281433],[121.26182484600007,24.781479633281442],[121.26168659900009,24.781493298281411],[121.26141009700001,24.781552793281353],[121.26113610399999,24.781623786281372],[121.26077412700008,24.781736055281424],[121.26058810900005,24.781793338281371],[121.26036187700005,24.781852878281402],[121.260188438,24.781878001281346],[121.26006777799998,24.781912356281431],[121.26000492600011,24.781960551281422],[121.25985909400003,24.782123562281402],[121.25982889800001,24.782238424281406],[121.25977605800007,24.78243137428138],[121.25976596500006,24.782566928281408],[121.25979356000005,24.782750775281418],[121.25984379400001,24.782879481281409],[121.25984627800004,24.782978286281317],[121.25982361100003,24.783134502281364],[121.25979088699998,24.783295312281339],[121.25977828399999,24.783423974281327],[121.259710367,24.783607741281347],[121.25963994700011,24.783743229281352],[121.25949663700007,24.783871773281419],[121.25924522400004,24.784080642281289],[121.25905163300003,24.784236712281324],[121.25881780400005,24.784473170281341],[121.25866189599999,24.784700498281314],[121.25858393300005,24.784845189281295],[121.25848583400001,24.785084057281342],[121.25848830100003,24.785244896281309],[121.25847313300001,24.785536691281298],[121.25847554800005,24.785874445281259],[121.25856340400004,24.786278918281315],[121.25859604000006,24.786423707281305],[121.25865885200001,24.7865202592813],[121.25884732900008,24.786667479281306],[121.25900566500003,24.78673425128132],[121.25936758200004,24.786890804281306],[121.25951335400011,24.786952975281306],[121.25965157200002,24.78705878428126],[121.2598651740001,24.787247381281308],[121.260063702,24.787429071281242],[121.26016672400007,24.787557838281234],[121.26030993300003,24.787796919281291],[121.26042552700001,24.787918794281257],[121.26051094600005,24.788079706281245],[121.26058630999998,24.788238305281222],[121.26064910100003,24.78842217228123],[121.26067418400005,24.788617506281327],[121.26072943300002,24.788803660281271],[121.26077714800007,24.788964557281254],[121.2608550010001,24.78921505528119],[121.26093788800003,24.789444894281274],[121.26099816800004,24.789621867281181],[121.26110368500005,24.78982873628124],[121.26116649200002,24.789957473281227],[121.26118906900003,24.79012752328126],[121.26120158400009,24.790322844281171],[121.26116636200001,24.790439988281172],[121.26111603700002,24.790630651281219],[121.26107576600008,24.790816727281165],[121.26106064400007,24.790961464281235],[121.26101033499998,24.791087780281195],[121.261005263,24.791255521281222],[121.26099517700005,24.79136120128117],[121.26097250200006,24.791554200281155],[121.26095989100007,24.791712717281204],[121.26092969300007,24.791834467281159],[121.26089196200003,24.7919263352812],[121.26084917400007,24.792126203281221],[121.26078377400007,24.792286999281199],[121.26073849899997,24.792385750281184],[121.260668084,24.792509763281146],[121.26061526300006,24.792633791281183],[121.26055991200009,24.792803768281125],[121.260507104,24.792881849281191],[121.26046183499999,24.792966814281208],[121.26042662700002,24.793019629281133],[121.26036375800004,24.793113789281193],[121.26030591499996,24.793219426281141],[121.26023048600003,24.793281401281114],[121.26012488300002,24.793384709281124],[121.26001928000004,24.793478817281088],[121.25991367700011,24.793568330281126],[121.25978545000007,24.793664734281112],[121.25974019900006,24.793685370281136],[121.25967735399999,24.793689911281149],[121.25954914600007,24.793715071281103],[121.25943352600009,24.793675908281141],[121.25932796300005,24.793622965281109],[121.25913945799999,24.793523988281102],[121.25898866200005,24.793422766281179],[121.25880268500012,24.793284744281127],[121.25868707200003,24.7932157132811],[121.25856895500014,24.793121397281109],[121.25845334800006,24.793036294281169],[121.2583075690001,24.792971820281171],[121.25823640000006,24.792933660281129],[121.25815427300003,24.792900541281139],[121.25797976800006,24.792863844281129],[121.257886727,24.792844277281187],[121.25778611400003,24.792833878281126],[121.25767164200003,24.792833794281119],[121.25759742800004,24.792831450281113],[121.25749677999998,24.792838259281137],[121.25742882300004,24.792850835281207],[121.25734952499995,24.792871429281128],[121.2572148280001,24.792913788281162],[121.25710527500009,24.79296305728116],[121.25702970699994,24.793004311281202],[121.25693402900005,24.793036374281183],[121.25678034700002,24.793129189281128],[121.25671231799998,24.793173915281191],[121.25661159900001,24.793210556281199],[121.25654864800003,24.793234606281143],[121.25649074300004,24.793251779281153],[121.25629944700002,24.793290650281165],[121.25621639000009,24.793305508281151],[121.25616098300011,24.793329566281191],[121.25595076700006,24.793391383281143],[121.25582743599995,24.793414238281176],[121.25575314700004,24.793444023281154],[121.25565875400005,24.793464605281176],[121.25549010200002,24.793503492281189],[121.25534536400006,24.793535518281171],[121.25525600500012,24.793554948281187],[121.25516411600007,24.793581279281135],[121.25506966800008,24.793624813281184],[121.25501926800007,24.793661500281196],[121.2549058540001,24.793747473281119],[121.254832803,24.793785284281139],[121.25475723899997,24.793824245281161],[121.25468798300001,24.793854021281138],[121.25457095900001,24.793868864281123],[121.25448291000011,24.793866514281099],[121.25440620599997,24.793851539281114],[121.25430313200005,24.793818174281189],[121.25424153300001,24.793800916281096],[121.25399511099997,24.793741076281123],[121.25394356100006,24.793730709281146],[121.25384924300006,24.793718004281168],[121.25378134700004,24.793704197281183],[121.25358775399999,24.793647835281138],[121.25335760599997,24.793622421281164],[121.25316883800008,24.793655559281152],[121.25299629100002,24.793744926281171],[121.252924448,24.793805685281129],[121.25282496200005,24.793852656281111],[121.25271797700009,24.793877835281158],[121.25260723599997,24.79389610828116],[121.25252416500003,24.793915551281163],[121.25239202400002,24.793940694281112],[121.25223351800005,24.793941720281108],[121.25213158900007,24.793956562281092],[121.25204093100002,24.793993209281112],[121.25195276000011,24.794042482281085],[121.25183560399999,24.794113525281105],[121.25175619800007,24.794181184281118],[121.25166670200005,24.794259141281088],[121.25157224799996,24.794304968281146],[121.25150677200004,24.794331305281084],[121.25144129900004,24.794357653281143],[121.25126002300004,24.794413744281069],[121.25120965699996,24.79443436028118],[121.25115929099998,24.794454976281109],[121.2510811950001,24.794498517281159],[121.25101562500002,24.794566169281154],[121.25096889500004,24.794645302281129],[121.25093978100003,24.794723311281189],[121.25091815900011,24.794824269281104],[121.25090287200007,24.794906879281093],[121.25090772000014,24.794986053281079],[121.25090122700011,24.795073262281097],[121.25086438100001,24.79522928428112],[121.2507785370001,24.795360042281111],[121.25063235100001,24.795472368281064],[121.25053658900008,24.795538845281055],[121.25048238100011,24.795589296281062],[121.25042820400006,24.79562597028108],[121.25036142700007,24.795669528281131],[121.25028714700012,24.795695862281075],[121.25022292399996,24.795723353281126],[121.25014235000006,24.795751982281104],[121.25006309800004,24.795751916281098],[121.249905837,24.795758679281128],[121.24976363300007,24.795780368281054],[121.249664166,24.795818166281077],[121.24959481600004,24.795886951281073],[121.24954189300001,24.795923642281092],[121.24947128799995,24.795992431281096],[121.24942216300006,24.796019931281066],[121.24930506400005,24.79606574128114],[121.24920434300007,24.796101228281032],[121.24904824500003,24.796147009281096],[121.24894501600009,24.796179060281094],[121.24875745100005,24.796233996281096],[121.24865676199998,24.796255723281117],[121.2485749220001,24.796286638281099],[121.24848808600005,24.796302637281087],[121.24835587300002,24.79635531228109],[121.24826648600001,24.796385073281062],[121.24819095000007,24.796409117281112],[121.24813303100007,24.796432027281131],[121.24803100900007,24.796485871281075],[121.24794154400003,24.796548912281043],[121.24783444900005,24.79661997428105],[121.24776764000003,24.796677298281082],[121.24771973599996,24.796720869281046],[121.24764150200008,24.796822921281056],[121.24753047000003,24.796960528281062],[121.2474926110001,24.797013290281086],[121.24744964600009,24.79709472728107],[121.24741935599998,24.797137158281025],[121.24735372600006,24.79722775028106],[121.24726411500001,24.797353902281007],[121.24722372599994,24.797410098281045],[121.24719081799998,24.79749383828112],[121.24716047800004,24.797558064281098],[121.24713135700006,24.797637221281089],[121.247090821,24.797755381281092],[121.24707932300009,24.797831095281047],[121.24705900600009,24.797911403281027],[121.24704125000007,24.797972211281081],[121.24703468900005,24.798085802281058],[121.24702311699996,24.798243803280997],[121.24699210199998,24.798273215281025],[121.24693372900002,24.798357386281065],[121.246859167,24.798458881281103],[121.24683351400002,24.798547402281063],[121.24683437200008,24.798649524281064],[121.2468658060001,24.79880075528105],[121.24690392500007,24.798998996281025],[121.24690134000002,24.799140145281058],[121.24687714500007,24.799252751281045],[121.246834388,24.799399925280966],[121.24676069100011,24.799604671281031],[121.24667757000009,24.799734918281061],[121.24663997500006,24.799898107280963],[121.24661505499996,24.800073837281023],[121.24663614600003,24.800190720281002],[121.24670631500007,24.80031414328101],[121.24680185200005,24.800464944280961],[121.24688580799997,24.800583684281012],[121.24705287599996,24.800720192281027],[121.24717193000004,24.80082721828099],[121.24733480000009,24.800913289281016],[121.24745126300004,24.801011147280935],[121.24754243400004,24.801090826280952],[121.247584846,24.801201827280984],[121.24765930200012,24.801386040280949],[121.24765973200007,24.801586826280943],[121.24766106500009,24.80174516528098],[121.24764996200007,24.801919643280939],[121.24767126000006,24.802060634280974],[121.24768519200005,24.802222313280925],[121.24769682100013,24.802409258280935],[121.24767510000001,24.802517266280908],[121.24760451800003,24.802643982280902],[121.24757374400006,24.802721064280977],[121.24753841200007,24.802854420280983],[121.24749795700009,24.803125480280947],[121.247434437,24.803494247280895],[121.24734827699996,24.803711707280929],[121.24720517900005,24.803884824280967],[121.24712759500001,24.804075834280951],[121.24703235600013,24.804260082280916],[121.24678753800002,24.804743705280956],[121.24659058900006,24.805090447280865],[121.24646458500003,24.805203791280913],[121.24632792600002,24.805246036280941],[121.24615109300012,24.805294312280861],[121.24600433100007,24.80533090428095],[121.24584219300006,24.805482353280858],[121.24571607000011,24.805581910280928],[121.24558323500001,24.805780188280895],[121.24542777500005,24.805978611280867],[121.24538514000007,24.806140707280875],[121.24538175000005,24.806335794280837],[121.24540701100001,24.806499694280905],[121.24539262399998,24.806732716280816],[121.24541593000004,24.806963187280871],[121.24524011700005,24.807133077280891],[121.24499497700003,24.807280508280826],[121.24486005600006,24.8073801242809],[121.24459858900001,24.807679126280849],[121.24420583400001,24.808061658280874],[121.24383022400002,24.808390143280793],[121.24362182100002,24.80857174028079],[121.24343427600004,24.808692368280823],[121.24325858300007,24.808726864280839],[121.24316809900006,24.808729793280808],[121.24308493700001,24.808706282280809],[121.24300961399997,24.808567969280833],[121.24289694700006,24.808473524280842],[121.24286239400004,24.808400332280836],[121.24271787800001,24.80810530428084],[121.24252132700009,24.807600665280848],[121.242252976,24.807078165280885],[121.24199133800001,24.806756421280831],[121.24174652100012,24.806491929280881],[121.24148839500005,24.806289492280925],[121.24108255700006,24.8060100442809],[121.24089033400007,24.805871395280889],[121.24070999800006,24.805801515280887],[121.24047306,24.805727429280882],[121.24022167500006,24.805729179280942],[121.23994109000004,24.805696701280919],[121.23976979300005,24.80565543528089],[121.23954250100009,24.80553195428088],[121.23930848300007,24.805355722280865],[121.23903001500005,24.805124736280941],[121.23868666500005,24.80495156628092],[121.23853489900003,24.804840171280954],[121.23823670200014,24.804655217280921],[121.23789554000005,24.804593327280948],[121.23764014600007,24.804566411280856],[121.237455779,24.804615873280866],[121.23728502900009,24.804640007280909],[121.23699095800009,24.804647777280916],[121.23680083500008,24.804610088280917],[121.23638819400006,24.804568188280918],[121.23630593000007,24.804501065280956],[121.23620583099995,24.804405374280947],[121.23607529000002,24.804276625280874],[121.23591271600004,24.804226115280954],[121.23573928200007,24.804229610280885],[121.235407666,24.804257146280936],[121.2350031090001,24.804280597280922],[121.23466865800007,24.804269132280869],[121.23439206799998,24.804263011280902],[121.23416754500008,24.804122464281001],[121.23405848600011,24.80405419628093],[121.23389239300006,24.80403354828093],[121.23379762900002,24.803974530280918],[121.23322931800006,24.803868041281003],[121.23314004900004,24.803872270280909],[121.23302846600006,24.803866503280865],[121.232925497,24.80385392428089],[121.23271452600001,24.803850550280877],[121.2325500220001,24.803846013280953],[121.23240560999994,24.803839176280913],[121.23233403200008,24.803827731280947],[121.23215697300006,24.803818616280903],[121.23203642000013,24.803802597280917],[121.23190205600002,24.803786590280925],[121.23176392200004,24.80377516428096],[121.23160193500006,24.803746560280974],[121.23144371400004,24.803720243280935],[121.231375907,24.803704215280952],[121.23129428600009,24.803680171280909],[121.23121392200004,24.803657273280884],[121.23104189200001,24.803601155280933],[121.23089247200006,24.80352555628091],[121.230833456,24.803491184280908],[121.23075184700009,24.803427017280939],[121.23067776399999,24.803382331280968],[121.23055094900006,24.803305577280916],[121.23037264900006,24.803210501280955],[121.230314893,24.803166963280912],[121.23022323200001,24.80312572728096],[121.23014287300003,24.803090214280957],[121.23003362300007,24.803069626280937],[121.22984400400003,24.803067371280932],[121.22977493800006,24.803055938280966],[121.22968452300005,24.803058244280894],[121.22961168900008,24.803058248280966],[121.22950620800003,24.80304683628092],[121.22929022100001,24.803030842280929],[121.22917469400014,24.803010245280923],[121.22910563000001,24.802997666280941],[121.22896749900005,24.802990808280914],[121.22889968900003,24.802979364280944],[121.22873016700004,24.802957611280917],[121.22856943400008,24.802934743280968],[121.22848153599999,24.802914139280958],[121.22838610599999,24.80287404528093],[121.22831202100009,24.8028511432809],[121.228215338,24.802817930280913],[121.22812241600003,24.802781272280981],[121.22804708000001,24.802754934280941],[121.22780852000008,24.802593369280974],[121.22763776600007,24.802476519281008],[121.22749337600011,24.802383717280954],[121.22735652100006,24.802290912280927],[121.22720082400005,24.80220499028092],[121.22709033600006,24.802135104280921],[121.22698988500012,24.802082403281002],[121.22690300200011,24.802044294281039],[121.22685930300005,24.802025126280952],[121.22679526900001,24.801990761280958],[121.22671867900007,24.80193806028095],[121.22662074100003,24.801889941280979],[121.22641860200009,24.801747867280945],[121.22632066399999,24.801705481281001],[121.22623654200004,24.80164934228096],[121.2261448830001,24.801602371280989],[121.22606578500003,24.801546232280963],[121.22582973899996,24.801404164281028],[121.22575565900004,24.801366354281008],[121.22569037200006,24.801322818280955],[121.22561504200004,24.801271261280966],[121.22556230899994,24.80123574028103],[121.22546940300001,24.801165846280945],[121.22532753699997,24.801040951280999],[121.22526350700002,24.800996266281032],[121.22519068600002,24.800948145280948],[121.22512539400012,24.800921798281003],[121.22479768500001,24.800778610280972],[121.2247236000001,24.800764871280986],[121.22464826599999,24.800728202280968],[121.22459302300005,24.800694979280969],[121.22437831800002,24.800596465281],[121.22433060600008,24.800576988280998],[121.22426029000003,24.80056210828101],[121.22411212799993,24.800505973281059],[121.22392755200005,24.80044641628103],[121.22378064500005,24.800389143280999],[121.22366262099999,24.800336438281068],[121.22359608000006,24.800294049281039],[121.22351070600008,24.800240205281021],[121.22337259900003,24.800142811280953],[121.22322319500002,24.800051151281021],[121.22314409900007,24.799998442281009],[121.22303863100004,24.799950324281014],[121.22297082900003,24.799918257281035],[121.22284149700006,24.799894207280996],[121.22269709100011,24.799885069281057],[121.222509993,24.799869068281058],[121.22243214300012,24.799850748281052],[121.2223417360001,24.799837014280978],[121.22211321500002,24.799755681281002],[121.22203286000004,24.799717880280973],[121.22195251100005,24.799652559281085],[121.22186588500008,24.799590690281033],[121.22178554700008,24.799490988281033],[121.22169265000005,24.799400461281003],[121.22163615200007,24.799368384281021],[121.22159847799999,24.799379854281],[121.22156456100002,24.799416540281005],[121.22150802500005,24.799513971280977],[121.22150298599999,24.79957356628103],[121.22144642600001,24.799756966281013],[121.22142754200004,24.799920864280974],[121.22141245700003,24.799975888281004],[121.22139861600006,24.800074446280995],[121.22139231100006,24.800161563281005],[121.22134077000007,24.800349542281012],[121.22131185700009,24.800465315280999],[121.22129425500012,24.800543257281038],[121.22126283000001,24.800650996280986],[121.22125151300006,24.800699135280965],[121.22115473200003,24.801013201280924],[121.22114215500005,24.801070507280951],[121.22113334499994,24.801135842280946],[121.22113960000003,24.801222957280949],[121.22114961300007,24.80133870828093],[121.22116717600009,24.801387987280929],[121.22121235700001,24.801484254280989],[121.22126633000003,24.801573640281021],[121.22127885799999,24.801676799280923],[121.22119593900008,24.801816640280936],[121.22109920800007,24.801946181281011],[121.22101127200006,24.802065396280916],[121.22092332300008,24.802230452280984],[121.22084416600001,24.802388641280917],[121.220827826,24.802444804280949],[121.22080896300011,24.802533059280965],[121.22081522200003,24.80260413228099],[121.2208452860001,24.802866575280941],[121.22085783100007,24.802905560280958],[121.22085278200011,24.802996108280908],[121.2208088110001,24.803067172280922],[121.22074601000006,24.803106151280939],[121.22062419000012,24.803152024281001],[121.22057395700004,24.803157751280956],[121.22045716000005,24.803200204280913],[121.22040818199999,24.803212815280883],[121.22022481000012,24.803320590280919],[121.22007534000008,24.803435229280904],[121.219907025,24.803590000280998],[121.219788945,24.803714948280952],[121.21972361100001,24.803836461280955],[121.21968340200006,24.803916694280939],[121.21964193300001,24.804014118280918],[121.21961930900001,24.804080612280902],[121.21959288400004,24.804261699280886],[121.21959159400001,24.804372881280916],[121.21958655299994,24.804435915280898],[121.21959155200003,24.804520733280885],[121.21958902000009,24.804589506280905],[121.21958142299997,24.804795821280912],[121.21958643300003,24.804845100280911],[121.21959646600006,24.804889796280865],[121.219597686,24.805010136280874],[121.21960143200013,24.805081202280903],[121.21960640200008,24.805263437280864],[121.21959374800011,24.805582065280852],[121.21959247900008,24.805635940280862],[121.21959491600003,24.805889243280856],[121.219599923,24.805939669280853],[121.21961623300001,24.805991252280851],[121.21962625500004,24.806079500280877],[121.21965510800014,24.806175767280838],[121.21967894200006,24.806259426280839],[121.21970779299997,24.806370607280886],[121.21971654299996,24.80650813528089],[121.2197202990001,24.806548252280919],[121.219726561,24.806607851280891],[121.21973281300005,24.806704131280849],[121.21973907200005,24.806768315280824],[121.21976038600003,24.806882928280807],[121.21982188199996,24.80701127828085],[121.21985577500004,24.807062845280864],[121.21991601100002,24.807207249280893],[121.21993606900001,24.807324159280892],[121.21993730500003,24.807381460280922],[121.21993101300005,24.80743991228087],[121.21983051299999,24.807554561280842],[121.21968104300005,24.807661172280785],[121.21954413500009,24.807746016280884],[121.21944867800001,24.807794171280868],[121.21931805000004,24.807875565280856],[121.21919997100004,24.807989063280825],[121.21902786800003,24.808188522280886],[121.21887335200002,24.808365068280832],[121.21875274600006,24.808519822280847],[121.21873389300004,24.808565670280842],[121.218716288,24.808648189280806],[121.21871251300003,24.808684869280828],[121.21870746800003,24.808746758280886],[121.21870492300003,24.808862525280784],[121.21870110000006,24.809037885280802],[121.21870987400007,24.809097479280844],[121.21871738399997,24.809182298280756],[121.21871610900006,24.809247632280837],[121.218741181,24.809392044280795],[121.21877880999999,24.809539886280852],[121.21880516400006,24.809597188280797],[121.21885034999997,24.809680854280796],[121.21888674800006,24.809743864280854],[121.21895327500005,24.809858484280831],[121.21900222000009,24.80995818728082],[121.21904741200004,24.810020083280783],[121.21911268199999,24.810122074280784],[121.21918674300002,24.81023438028075],[121.2192306840001,24.81027677828078],[121.21937507699994,24.810376467280779],[121.21942152900007,24.810421163280754],[121.21949560699998,24.810480741280784],[121.21953578200011,24.810526584280751],[121.21961862800005,24.810651490280787],[121.21967637300011,24.810738594280796],[121.21971275200009,24.810871540280797],[121.21972027000001,24.810933429280833],[121.219706417,24.811067534280735],[121.21968252899998,24.811167253280729],[121.21965107700004,24.811360961280769],[121.21965481600003,24.811451513280787],[121.21967358700006,24.811694479280817],[121.219580627,24.811790788280714],[121.21944121300008,24.811842383280716],[121.21929427500001,24.811859610280699],[121.21897402899999,24.811876862280808],[121.21878062800006,24.811880332280825],[121.218650021,24.811880362280743],[121.21857215800004,24.811876935280807],[121.21845159500002,24.811888425280788],[121.21828455600006,24.811933152280748],[121.21801955500007,24.811987078280783],[121.21787762600005,24.81204326128081],[121.217698024,24.812101749280753],[121.21736517500003,24.812264566280728],[121.21723454499994,24.81233794228076],[121.21712401400005,24.812394116280785],[121.21703232900009,24.812417055280733],[121.21659283799998,24.812239486280781],[121.21630403599997,24.812104286280785],[121.21616967300004,24.812060754280751],[121.216025261,24.8120344182807],[121.21584567000005,24.812041323280724],[121.215656036,24.812055112280717],[121.21551537399999,24.81208035228077],[121.21544128000008,24.812070048280709],[121.21515622500011,24.81201049128077],[121.21504194599999,24.811994466280762],[121.2148887430001,24.811972711280745],[121.21472299500007,24.811895945280778],[121.2146212900001,24.811840943280771],[121.21455097700006,24.811796263280812],[121.21435260600006,24.811639262280789],[121.21425592299997,24.811580822280746],[121.21420319000005,24.811548747280757],[121.21411655300007,24.811496036280754],[121.21395709500003,24.811402069280788],[121.21381270700007,24.811306961280742],[121.21365325100012,24.811199241280796],[121.21349505300007,24.811082369280815],[121.2133933580001,24.810999856280819],[121.21314981100009,24.81075232528077],[121.21303179700013,24.810653765280801],[121.21293889400006,24.810567819280795],[121.21282087100009,24.810495632280769],[121.21267645500001,24.810475016280755],[121.21249435700004,24.810492222280754],[121.21231225399998,24.810510602280775],[121.21214524100004,24.81047165628075],[121.21196943700006,24.81044188428077],[121.2118124640001,24.810423571280761],[121.21160149800006,24.810381192280811],[121.21147845200004,24.810321605280762],[121.21129137800007,24.81019555028082],[121.21115454499996,24.810043124280831],[121.21105285999998,24.809950309280872],[121.21092354400001,24.809859781280757],[121.21077162000006,24.809768113280807],[121.21066864899998,24.809753226280833],[121.21052297300001,24.80975439728083],[121.21031828900003,24.809716584280817],[121.21018015399999,24.809693684280784],[121.210026965,24.80963983428077],[121.20987251200002,24.809608912280879],[121.20964523500002,24.809534439280757],[121.20958119500007,24.809514963280833],[121.20953223000002,24.80948401728077],[121.209470719,24.809423278280793],[121.20941926699999,24.809323576280811],[121.20941928600008,24.809271996280806],[121.20940427900008,24.809101224280809],[121.20939050900002,24.808990047280851],[121.20934786899996,24.808834173280825],[121.20934411300001,24.808799790280826],[121.20931272800006,24.808776873280802],[121.20924493400007,24.80871957428085],[121.20918592600005,24.808679470280826],[121.20894989100006,24.808529347280828],[121.208870789,24.808492684280822],[121.20876281200005,24.808428489280843],[121.20854811900004,24.808293288280854],[121.20848158099996,24.80824630628079],[121.20841379000001,24.808186712280829],[121.20836234000002,24.80808470528083],[121.20830967800011,24.807874954280798],[121.208293443,24.80763312928087],[121.20829727500006,24.807468083280803],[121.20830358999996,24.807369516280819],[121.20824641000004,24.807306392280939],[121.20820252600004,24.807269346280894],[121.20814760800012,24.807233295280842],[121.20804332700001,24.807157545280877],[121.207996837,24.807142623280885],[121.20795537400009,24.807118520280845],[121.20788500500007,24.807098999280829],[121.20784103100006,24.807070293280855],[121.20771412100004,24.807023233280869],[121.20763873200009,24.806989930280867],[121.20755704800001,24.806993350280873],[121.20748165300009,24.80697497428087],[121.20736981399996,24.806964618280819],[121.20727807200001,24.806970335280845],[121.20706820200009,24.806990939280858],[121.20692116899997,24.806996642280897],[121.20685079100011,24.807011536280889],[121.2066660510001,24.807045910280884],[121.20650141699997,24.80707341328085],[121.20642475500001,24.80708486828081],[121.20633173999998,24.807151392280893],[121.20628020700005,24.807182368280884],[121.20616581600009,24.807277570280849],[121.20603759399995,24.807402603280888],[121.20597348800001,24.807447329280858],[121.20591440700001,24.807503541280894],[121.20582643500009,24.807516139280864],[121.20578622200004,24.807514966280859],[121.20571335400005,24.80745644528082],[121.20559400600006,24.80734167428092],[121.205494765,24.807236085280884],[121.20542189000001,24.807199358280869],[121.20536157299999,24.807191306280838],[121.20529119300012,24.80720735628082],[121.2051919060001,24.807236014280878],[121.205111468,24.80726696528086],[121.20501972500006,24.807284155280865],[121.20492296600001,24.807270367280879],[121.20487269800005,24.80727150128088],[121.20481112400002,24.80726803728087],[121.20469803099996,24.807239327280804],[121.20466158300007,24.807249642280865],[121.20465277600006,24.807284062280861],[121.204642691,24.807372412280888],[121.20462382399997,24.807425183280895],[121.20460368500008,24.807522710280882],[121.20459862600003,24.807614500280842],[121.20458727399996,24.807741856280799],[121.20457719000002,24.807821022280866],[121.20455074300006,24.807994271280897],[121.20454063800001,24.808145723280813],[121.20452050500002,24.808218006280832],[121.20449911900003,24.808282255280826],[121.20447898799999,24.808354538280859],[121.20445132499999,24.808402726280846],[121.20441737400003,24.808456637280862],[121.20433942500007,24.808558730280865],[121.20424513100008,24.808684925280836],[121.20417598800003,24.808753754280833],[121.20413952700004,24.808806521280857],[121.20399872700001,24.808952209280822],[121.20392831299999,24.809062336280775],[121.20379882400002,24.809203422280824],[121.20372088100002,24.80928488428081],[121.20363036400011,24.809380087280786],[121.20355368199998,24.809455788280818],[121.20350968800005,24.80948331228079],[121.20332993900001,24.809599158280783],[121.20319670300002,24.8096702592808],[121.20313888700002,24.809689750280807],[121.20303581900012,24.809748233280764],[121.20283721200001,24.809882431280773],[121.20283468700006,24.809916852280772],[121.20283216100005,24.809951273280781],[121.20284846399998,24.810052244280783],[121.20286853800005,24.810136011280782],[121.20289364000007,24.810234696280776],[121.20289738300002,24.81030812728082],[121.20291119200012,24.810351735280872],[121.20293879800008,24.810463039280826],[121.20299528700005,24.810643190280814],[121.20303294100005,24.810784336280843],[121.20305931300001,24.810835973280771],[121.203109548,24.810932375280757],[121.20313215600001,24.810972537280783],[121.2031912020001,24.811035657280769],[121.20327662600008,24.811120582280783],[121.20334194700006,24.811204369280777],[121.20338215,24.811238803280787],[121.20341606900003,24.811270935280788],[121.20345753100001,24.811303075280772],[121.20351658100002,24.811350133280754],[121.20357312100008,24.811383426280756],[121.20379802000004,24.811532660280754],[121.20384702099999,24.811571668280784],[121.20388345400009,24.811603806280779],[121.20396637600001,24.811668085280772],[121.20400909100009,24.811708258280717],[121.204076931,24.811769089280769],[121.20416739400004,24.811841394280719],[121.20427544500001,24.811917149280763],[121.20443000200008,24.811974566280718],[121.20462351600004,24.812035426280776],[121.20471902200002,24.812054951280711],[121.20487986400012,24.812108921280728],[121.20494395099999,24.812120407280798],[121.20506082000007,24.81213881028081],[121.20523801700008,24.812144589280749],[121.20527571700008,24.8121388572808],[121.20536118100004,24.81212970228076],[121.20541522300006,24.812119391280707],[121.20545921200008,24.812114807280771],[121.20562006100006,24.812140091280735],[121.20571933300002,24.812174543280729],[121.20579220100001,24.812244549280759],[121.20581983100008,24.812292752280761],[121.2058575020001,24.812384548280715],[121.20586628600002,24.812430446280779],[121.20586374399997,24.812516510280791],[121.20585615700006,24.812651894280695],[121.20584482600009,24.812725322280734],[121.20583350000004,24.812771210280722],[121.20582468900001,24.812811363280748],[121.20579827700007,24.812872180280717],[121.20576684199993,24.812929537280766],[121.205741698,24.812958219280723],[121.205652439,24.813047698280666],[121.2055518760001,24.813127983280733],[121.20546137200007,24.813181891280749],[121.20536709400001,24.813256443280714],[121.20531807600004,24.813274792280708],[121.20511821200003,24.813403254280775],[121.20500634000008,24.813467474280664],[121.20493595400004,24.813498439280739],[121.20483414400005,24.813543161280709],[121.20476877899996,24.813584457280658],[121.20459783500006,24.813670463280666],[121.20447088900002,24.813715176280724],[121.203866357,24.813842373280671],[121.20375700000001,24.813893975280774],[121.20366398700003,24.813936410280728],[121.20355336900003,24.814015552280697],[121.20350936700002,24.814061440280682],[121.20343896499998,24.814130261280685],[121.20341255700011,24.814180749280684],[121.20336351000005,24.814277114280664],[121.20331824300003,24.81434708528068],[121.2032503490001,24.814434267280703],[121.20319377500006,24.814493923280754],[121.20314096400003,24.81457193028071],[121.20311958200004,24.814621263280717],[121.20307934000007,24.814700417280694],[121.20305794300008,24.814786470280708],[121.203051629,24.814872521280716],[121.203066686,24.814947114280667],[121.20308300700002,24.814994157280648],[121.20313576200013,24.815073338280623],[121.20315710900003,24.815126116280737],[121.20317845700002,24.815173182280713],[121.20319979000011,24.815266129280676],[121.203192218,24.815359060280638],[121.20317961000002,24.815476097280719],[121.20317204200003,24.815556408280706],[121.20315818700011,24.81565163328068],[121.20314056700006,24.815720481280689],[121.20308773400008,24.815859295280632],[121.20299341599998,24.816033675280661],[121.20297580400002,24.816087609280689],[121.20295819,24.816144963280632],[121.20291544300001,24.816197740280639],[121.20289658400006,24.816217240280658],[121.20283374000009,24.81623098428064],[121.20268545699999,24.816180464280638],[121.20252209700006,24.816129925280723],[121.20245800599999,24.816117292280644],[121.20240271500003,24.816104654280675],[121.202346154,24.816119565280658],[121.20230969500008,24.816151675280651],[121.20226819300002,24.81623886528067],[121.20224429199999,24.816298521280636],[121.20223799400001,24.816346716280609],[121.202237963,24.816431630280633],[121.20224297100006,24.816487844280658],[121.20226933000001,24.816579648280616],[121.20230072500014,24.816649648280627],[121.20233087000007,24.816700141280638],[121.20240500200006,24.816747206280613],[121.20252688500001,24.816816072280634],[121.20260856100002,24.81685511028066],[121.20272920300006,24.816876949280612],[121.20281716999997,24.816895328280712],[121.20297173100005,24.81695617928067],[121.20308607900002,24.817017022280641],[121.20317276600007,24.817095073280612],[121.203240604,24.817173115280593],[121.20327452000006,24.817225904280605],[121.20329785800004,24.817297016280623],[121.20330590900009,24.817315405280635],[121.20314249700006,24.817407160280681],[121.20296400600003,24.817486276280654],[121.20290744999997,24.817496591280612],[121.20281946300008,24.817529835280613],[121.20271136800002,24.817565366280618],[121.2025504830001,24.817618121280642],[121.20243233200003,24.817651361280632],[121.20233680000003,24.817699522280609],[121.20226767400007,24.817714422280599],[121.20217842800004,24.817756852280663],[121.20206404700001,24.817799268280691],[121.20192703800005,24.817848568280684],[121.20174855400002,24.817911631280658],[121.20160653100007,24.817936841280623],[121.20147707900001,24.817943687280646],[121.20132375299994,24.817943641280646],[121.20117294900001,24.817916062280585],[121.20099702,24.817867825280594],[121.2008374200001,24.817834499280597],[121.20079469599996,24.817816128280583],[121.20071302500004,24.817759890280641],[121.20064517200002,24.817730034280657],[121.20057355900006,24.817665765280665],[121.20053210299999,24.817611821280646],[121.20048565300006,24.817474125280629],[121.2004316780001,24.817296253280652],[121.20039791000009,24.817219889280633],[121.20035759100004,24.81712871128066],[121.20030734400005,24.817062156280652],[121.20025710800005,24.816965762280667],[121.20020936600012,24.816919843280608],[121.20016917400008,24.816854431280692],[121.20004730900003,24.816741962280719],[121.19989276800004,24.816634051280676],[121.19984251000004,24.816595025280645],[121.19978220500002,24.816545666280643],[121.19973194500004,24.816515831280665],[121.1996842020001,24.816476791280639],[121.19952087500009,24.816340208280714],[121.19942664400003,24.816266742280675],[121.19939272999994,24.816219695280687],[121.199329924,24.816131326280658],[121.19933371800005,24.816069375280676],[121.19935384000004,24.81603609628068],[121.19944562700009,24.815915650280665],[121.19956255999998,24.815769962280623],[121.19960657200008,24.815705719280622],[121.19969459099995,24.81557608828065],[121.19974112500009,24.815490045280644],[121.19976630600006,24.815364993280681],[121.19976508200003,24.815277788280664],[121.19974123300001,24.8151986132807],[121.19971359500003,24.8151687742807],[121.19959673700006,24.815112511280677],[121.19952762100002,24.815098717280677],[121.19948363500012,24.815099858280689],[121.19941449899999,24.815142286280743],[121.19934410500002,24.815183586280682],[121.19925614700003,24.815144537280744],[121.19918578700006,24.815098621280683],[121.19913051100001,24.815037797280716],[121.199041304,24.814980404280746],[121.19897973400006,24.814950528280683],[121.19891439400008,24.81492298928071],[121.198856578,24.814932149280668],[121.198768598,24.814961950280658],[121.19858002200013,24.815119091280685],[121.19850837300005,24.815166117280668],[121.19842162100008,24.815251002280668],[121.19835121900003,24.815319821280674],[121.19820915300008,24.815456331280693],[121.19807212900001,24.815560693280709],[121.19800800800014,24.815620340280667],[121.19790240500002,24.81571440428063],[121.19784331500001,24.815771749280671],[121.19767861900006,24.815927737280681],[121.197615756,24.815994271280687],[121.19755540100007,24.816064249280718],[121.19748877200007,24.816131917280622],[121.19741333199995,24.816213355280695],[121.19736555400002,24.816269576280629],[121.19717193100006,24.816478346280665],[121.19704998100008,24.816585007280619],[121.1969330710001,24.816668739280694],[121.19689283600006,24.816715768280584],[121.19681488600011,24.816790320280642],[121.19674950200012,24.816872908280622],[121.19669541800005,24.816981901280666],[121.19666397500004,24.817039264280631],[121.1966538810001,24.817141381280631],[121.19661986100003,24.817358228280618],[121.19660474400003,24.817451162280591],[121.19658708599999,24.817614087280656],[121.19656947200002,24.817658829280628],[121.19655687400008,24.817738000280599],[121.19651034100005,24.81781372128065],[121.19647137300001,24.817837795280596],[121.19630795799998,24.817920361280585],[121.19597484900004,24.818078598280614],[121.19589942600012,24.818119877280662],[121.19586548800007,24.818130196280627],[121.19572595899996,24.818198995280639],[121.19556128400002,24.818285000280639],[121.195485863,24.818323984280674],[121.19539912800012,24.818360671280598],[121.19531364700005,24.818409981280588],[121.19523068700002,24.818445527280598],[121.19504589500001,24.818551033280624],[121.19489756599999,24.81862556528057],[121.19480831000006,24.818679458280592],[121.19472911000001,24.818733371280604],[121.19465243099995,24.818772357280633],[121.19447769600005,24.818872113280623],[121.19425394300002,24.818981055280581],[121.1941420630001,24.819037240280601],[121.19405407399999,24.819078515280548],[121.19394722800004,24.81912322928061],[121.19387180200012,24.819162221280553],[121.19361536600005,24.819282606280563],[121.19354874900002,24.819303242280572],[121.19352360299999,24.819323887280596],[121.19345321299994,24.819354829280591],[121.193355158,24.8194087302806],[121.19322191600008,24.81946491628063],[121.19309621099998,24.819518797280569],[121.19285612900002,24.819608218280582],[121.19276185100001,24.819643760280591],[121.19264369400001,24.819690761280572],[121.19253307600002,24.819733175280618],[121.19241744600005,24.819750351280614],[121.19209939700011,24.819933825280607],[121.19204534099998,24.819964788280597],[121.19183538900002,24.820113876280587],[121.19174739000003,24.820174661280547],[121.19167321500002,24.820228567280566],[121.191606587,24.820273299280533],[121.19150223699999,24.820353579280596],[121.1912533110001,24.820535923280591],[121.19116782100004,24.820594410280542],[121.19107981700003,24.82065978928053],[121.190965429,24.820704502280584],[121.19080451200001,24.820809998280609],[121.19064736699995,24.820910921280529],[121.19058702100003,24.820951057280553],[121.19049650300009,24.821016421280536],[121.19040473200003,24.821069175280552],[121.19032679300007,24.821110445280578],[121.19010929700003,24.821261833280499],[121.18991443800007,24.821382241280602],[121.18984528500003,24.821439589280544],[121.18978493500001,24.821495786280583],[121.18969944500006,24.821556577280539],[121.18960765100009,24.821657506280541],[121.18951083400007,24.821756158280532],[121.18942658800002,24.821842179280548],[121.189323493,24.821917879280505],[121.18925686,24.821970626280514],[121.18917137800007,24.822015346280562],[121.18908211100003,24.822085313280493],[121.1889991410001,24.822127733280539],[121.18885205400009,24.822216030280572],[121.18879045700008,24.822248131280542],[121.188718802,24.822280229280537],[121.18859308299999,24.822360506280521],[121.18850508800008,24.822399486280549],[121.18838565899996,24.822465996280538],[121.18814806100011,24.822593273280489],[121.18807263399999,24.822626512280497],[121.18793937599999,24.822706789280474],[121.18786646899999,24.822726257280486],[121.18783755500009,24.822746914280504],[121.18765777800004,24.822854698280548],[121.18754337200009,24.822929236280487],[121.18746166000005,24.822970519280535],[121.1873899980001,24.823016382280514],[121.187273086,24.823078294280567],[121.18707320599999,24.823170022280507],[121.18698829099998,24.82325207928055],[121.1868555330001,24.823333449280529],[121.18677911200008,24.823374100280528],[121.1866976460001,24.823412483280496],[121.18663119400003,24.823440436280503],[121.18656477500002,24.823472977280534],[121.18640680900002,24.823541684280521],[121.18629783600005,24.823602031280547],[121.18623520000004,24.823635695280487],[121.18611866400006,24.823693804280499],[121.1860611110001,24.823734323280483],[121.185902047,24.823823678280487],[121.18573282800001,24.823901625280548],[121.18568015100003,24.823921462280495],[121.18556735000001,24.823974953280491],[121.18546321500001,24.824010031280444],[121.185424345,24.824026339280472],[121.18525512100004,24.824103138280517],[121.18515233000007,24.824149681280463],[121.185088329,24.824169596280516],[121.18505947000008,24.824178959280477],[121.18497170400011,24.824216219280466],[121.1849027440001,24.824245341280463],[121.18487647700013,24.824265009280499],[121.1846946390001,24.824337302280533],[121.18457927900008,24.824385070280478],[121.184499049,24.824421148280443],[121.18436619500001,24.824483951280495],[121.18430476400009,24.82451072428049],[121.184245848,24.824537486280484],[121.18412678300001,24.824594459280476],[121.18399768499999,24.824654936280503],[121.18392114300005,24.824679516280501],[121.1838145590001,24.824723787280512],[121.18346483499995,24.824884331280472],[121.18341095900003,24.824912203280469],[121.18333203100006,24.824954004280464],[121.18319956200004,24.825014486280494],[121.1831189290001,24.825054093280485],[121.18289832700006,24.825121040280422],[121.18278978300008,24.825167156280518],[121.1827001690001,24.825205392280473],[121.18254520299998,24.825244224280496],[121.1822943750001,24.825317796280459],[121.18219982700008,24.825346813280454],[121.18215181500004,24.825371646280459],[121.18201323300002,24.825406032280469],[121.18173349200005,24.825480497280491],[121.18161108800004,24.825529932280418],[121.18153044699994,24.825551040280473],[121.18139814200001,24.825585473280487],[121.18121676400004,24.825626366280492],[121.18109826,24.82566320128042],[121.18100370300007,24.825693373280533],[121.18087266799998,24.825726675280436],[121.18068226700002,24.825789284280457],[121.18050700600008,24.825846292280477],[121.18036327700011,24.825892098280445],[121.18023217100007,24.825932288280484],[121.17995350700005,24.826023975280421],[121.17973419300002,24.826087492280443],[121.1796181660001,24.826127800280396],[121.17947046300004,24.826193074280468],[121.179339109,24.826257361280451],[121.17923541100002,24.826320721280453],[121.17913050100007,24.826379488280526],[121.1789346920001,24.826478794280469],[121.17877428000008,24.826557733280438],[121.17866057700009,24.826616419280402],[121.17855841800007,24.826652266280426],[121.17839179400005,24.826724260280429],[121.178222694,24.826792790280429],[121.17797169400002,24.826882437280386],[121.17770183399999,24.826973043280411],[121.17741033600011,24.827089865280403],[121.17714684100007,24.827172510280484],[121.17693492200014,24.8272498552804],[121.17683020099999,24.827290275280465],[121.17673700400009,24.827310112280411],[121.17665890600001,24.827327793280443],[121.17640811900006,24.827396760280379],[121.17631105700004,24.827425757280469],[121.17616245000008,24.827456601280449],[121.17601628999996,24.827494350280379],[121.17574180300008,24.827545892280373],[121.17562339000006,24.827573558280445],[121.17551258900004,24.827594401280393],[121.17543079500001,24.827605168280392],[121.17534786200008,24.827604445280418],[121.17525861200006,24.827607113280376],[121.17514290200009,24.827616431280433],[121.17507881800012,24.827615864280389],[121.17499333800005,24.827618566280432],[121.17490783099998,24.827623559280401],[121.17468531799997,24.82763193528039],[121.17452703000001,24.827627136280437],[121.17445666099998,24.827626523280387],[121.17431576400006,24.827641358280371],[121.17405691800003,24.827639096280446],[121.17397898700008,24.827640713280395],[121.17384203600001,24.827638372280472],[121.17374637300009,24.8276536052804],[121.17371962899999,24.827670226280439],[121.17365530500003,24.827710202280372],[121.17363210400005,24.827766234280389],[121.17364024500002,24.827829424280374],[121.173658209,24.827914517280394],[121.1736777550001,24.827968619280437],[121.17372959000012,24.82805973928042],[121.173767802,24.828131236280385],[121.17380451000011,24.828226807280387],[121.17387984800004,24.828353714280411],[121.17391555000006,24.828425179280451],[121.173951395,24.828482875280432],[121.17398465399999,24.828547437280356],[121.174011573,24.828617684280399],[121.17401793000009,24.82873136428039],[121.17402479100004,24.828796840280368],[121.17403919099998,24.82886237828038],[121.17407508000011,24.828915479280326],[121.17413183500003,24.829016976280386],[121.17418385000005,24.829090877280368],[121.17422206300002,24.829162365280414],[121.1743336000001,24.829312544280405],[121.17439204200005,24.829372723280404],[121.17447663000003,24.829456094280374],[121.17455524500005,24.829509568280354],[121.17466762300003,24.829579416280374],[121.17475715300004,24.829670862280381],[121.17482419800002,24.829749486280399],[121.17488343000001,24.829854446280383],[121.1749079890001,24.829909744280414],[121.17499457900007,24.830042489280384],[121.17506903200001,24.830133798280389],[121.17512849099998,24.830216953280342],[121.17520417500008,24.830310571280357],[121.17526998900003,24.83038689528037],[121.17535918700004,24.830510473280373],[121.17544231999999,24.830613346280355],[121.17549955000003,24.830668920280328],[121.17560033100001,24.830766203280298],[121.175653793,24.830821765280358],[121.17571708099997,24.830899210280371],[121.17583376000006,24.831039098280318],[121.17588443400007,24.83112102628035],[121.17592364500003,24.831217766280346],[121.17594178100001,24.831286786280369],[121.17596680100004,24.831418988280298],[121.17600071100003,24.831542088280358],[121.17603754200002,24.831626182280381],[121.17612571000005,24.831727957280375],[121.17617528399998,24.831794945280301],[121.176249586,24.831901177280304],[121.17629636000004,24.831995698280302],[121.17627049200006,24.832066629280309],[121.17622991100006,24.832101852280299],[121.17617804500003,24.832134677280354],[121.17612005000002,24.832152539280315],[121.17602559600002,24.832172379280355],[121.17594240900007,24.832195754280335],[121.17582171500013,24.832200445280368],[121.17568081200002,24.832215281280352],[121.17559154600009,24.83221540028028],[121.17556644900004,24.832215435280354],[121.17539801699995,24.832218559280342],[121.17519187900005,24.832222501280324],[121.17499706200012,24.83222540228029],[121.17483862300004,24.832234345280334],[121.174711469,24.832256190280361],[121.17455396600003,24.83229613628038],[121.17449211900006,24.832321975280291],[121.17442876699999,24.83237194128035],[121.17437420699997,24.832421959280406],[121.17430411600006,24.832515450280312],[121.17421853300009,24.832648993280358],[121.17417512799993,24.8327140312803],[121.17410738700005,24.832823616280319],[121.17407415400011,24.832877268280313],[121.17405742399998,24.832914999280334],[121.17404475500007,24.83304571928031],[121.17403860900002,24.833153555280344],[121.17402172600003,24.83320619428034],[121.17399963700007,24.833276010280347],[121.17393081500008,24.833368380280341],[121.173832026,24.833442113280313],[121.17376768699999,24.833465654280317],[121.17368078000001,24.833484398280266],[121.17361135500002,24.833513623280368],[121.17354035300001,24.833573844280288],[121.17347824400009,24.833624946280342],[121.17342276400007,24.833642825280311],[121.17328736400005,24.833732318280259],[121.1732141340001,24.833764960280288],[121.173120752,24.83380201428033],[121.17306789200008,24.833809585280331],[121.17299986700006,24.833825069280284],[121.17284392700003,24.833835180280232],[121.17274568499998,24.833856131280282],[121.17270033999995,24.8338660622803],[121.17263484300007,24.833880411280244],[121.17255535500013,24.833910703280271],[121.17248338300011,24.833943352280293],[121.17235442000005,24.834017978280251],[121.172244557,24.834068665280284],[121.17217876200007,24.834111698280285],[121.17207131500007,24.834171582280266],[121.17198815499999,24.834192668280323],[121.17185970400011,24.834217943280272],[121.17178670100003,24.834228788280278],[121.17170632300005,24.834223490280298],[121.17161457900009,24.834223840280224],[121.17149708000004,24.834163132280274],[121.17144813200001,24.834156967280293],[121.17137145500004,24.834158590280254],[121.17127170600004,24.834203620280334],[121.17114164100006,24.834263323280297],[121.17104824600004,24.83430152028027],[121.17096479499999,24.834350144280286],[121.17087138899998,24.834389489280262],[121.17072870800007,24.834453673280322],[121.17058232000014,24.834512066280276],[121.170506635,24.834538950280272],[121.17036655399994,24.834595114280301],[121.17030216900004,24.834623239280234],[121.17013922700006,24.834702144280275],[121.17000912600004,24.834765285280252],[121.16991442500003,24.834808070280236],[121.16981751100001,24.834822137280241],[121.16970929900002,24.834834963280244],[121.16960121800004,24.834835167280268],[121.16953095200009,24.834824223280243],[121.16942833200004,24.834783152280227],[121.16935981499996,24.834725177280223],[121.16930270400003,24.834658112280277],[121.16926197700003,24.834586590280313],[121.16919167800009,24.834458590280288],[121.16918027300004,24.834347155280216],[121.16915698400004,24.834290726280251],[121.16912559000004,24.834167638280292],[121.16909845000011,24.834119203280277],[121.16903764000004,24.834045220280277],[121.16896267399999,24.834003251280286],[121.168852418,24.833971297280311],[121.16878942900003,24.833985670280242],[121.16868832600001,24.834039865280296],[121.16864135300003,24.834085367280238],[121.16859050299998,24.834141158280318],[121.168522907,24.834235816280245],[121.16850212100006,24.834301053280225],[121.16847513200004,24.834358207280331],[121.16844512999995,24.834463524280249],[121.16842208100002,24.83450465528027],[121.16839887400013,24.83456067828029],[121.16834396500002,24.834643974280254],[121.16827294800011,24.834705321280271],[121.16817454800002,24.834741194280308],[121.16805483399999,24.834772279280212],[121.16798552900005,24.83479003328026],[121.16788471300003,24.834816692280249],[121.16774852000005,24.834861411280311],[121.16765263200003,24.834897297280243],[121.16754124900004,24.834973209280236],[121.167467813,24.835025368280277],[121.16736117900005,24.835127718280301],[121.16726327800005,24.835235889280284],[121.16721874700009,24.835288295280268],[121.16713331800003,24.835405754280295],[121.16709880200004,24.835461696280305],[121.16702316300007,24.835604487280218],[121.16697232099996,24.835659131280199],[121.16692264100001,24.83572296428024],[121.16686906000002,24.835799387280264],[121.16680790400001,24.835879196280199],[121.16666301800004,24.836034008280212],[121.166604577,24.836094319280228],[121.16650439200004,24.836180663280178],[121.16643747900004,24.836209919280204],[121.16633915200005,24.836238901280204],[121.16628633700003,24.836241875280272],[121.16624231600004,24.836244932280252],[121.16618343700006,24.836227201280288],[121.16609473000008,24.83617706628025],[121.16601478500003,24.836130458280202],[121.16594135400008,24.836062104280238],[121.16590784099999,24.836021647280258],[121.16586070299999,24.83596269828028],[121.16582997200013,24.835897014280256],[121.16580360500006,24.835894478280217],[121.16573924500007,24.835920317280227],[121.16562432600008,24.835973251280262],[121.16556369400004,24.836002555280189],[121.16550554200001,24.836035338280237],[121.16542597899999,24.836072498280299],[121.16531231600003,24.836125450280239],[121.16523280200009,24.836158031280256],[121.16510151100006,24.836214269280305],[121.16501185900002,24.836254800280283],[121.16491087300001,24.836297516280261],[121.16486920200012,24.836316667280233],[121.1647531320001,24.836359265280212],[121.16468883000002,24.836379342280274],[121.16458164300003,24.836413988280203],[121.164500726,24.836460330280225],[121.16441608600012,24.836502054280217],[121.16430108600001,24.836563023280188],[121.16419359900009,24.836626341280184],[121.16408504600007,24.836671296280265],[121.16398528999997,24.836716331280172],[121.16384779799999,24.836764469280251],[121.16372303299997,24.836797804280256],[121.16358688300006,24.836837923280182],[121.16345841499999,24.836864346280255],[121.16331244300001,24.836882570280249],[121.16316766700002,24.836906546280282],[121.16308968200005,24.836912744280248],[121.16288590300006,24.836930473280219],[121.16273872000014,24.836944093280184],[121.16259038700002,24.836947380280264],[121.16246939100004,24.836980745280194],[121.16238598000007,24.837024767280194],[121.162302381,24.8370871382802],[121.16219215200015,24.83717226228023],[121.16210844200003,24.837244977280211],[121.16205518299998,24.837290423280233],[121.16197534100006,24.837353979280156],[121.16189705500005,24.837388869280208],[121.16179475100002,24.837437329280217],[121.16167993600003,24.837479922280181],[121.16156530600004,24.837505309280157],[121.16147102300005,24.837507921280185],[121.16135801900012,24.837497751280235],[121.16121241800005,24.837480401280228],[121.16108330700004,24.837448273280227],[121.16093161500011,24.837412509280199],[121.16084024300001,24.837377271280214],[121.16071235199999,24.837348608280248],[121.16063584300005,24.837334154280214],[121.16043492400004,24.837318616280164],[121.16031165200005,24.837329003280232],[121.16025247000006,24.83733995628015],[121.16017958500005,24.837339330280194],[121.16010265200009,24.83736504428018],[121.16002050200005,24.837409073280188],[121.15996603100007,24.837449914280199],[121.15986567100001,24.837552313280227],[121.15984143400004,24.837586542280214],[121.15980439900001,24.837642441280213],[121.15975731100004,24.83769826128022],[121.15970539200008,24.837735676280211],[121.15965939400009,24.837807583280206],[121.15963875799999,24.837857895280184],[121.15959776900003,24.837930977280195],[121.15957308500005,24.83800765728013],[121.15955072200005,24.838102717280186],[121.15955512399997,24.838162436280157],[121.15956533500001,24.838266976280178],[121.15956851300002,24.838323210280219],[121.15957554699997,24.838371498280214],[121.15956591599998,24.83845059828019],[121.15953756000013,24.838518061280173],[121.15950800800009,24.838579777280213],[121.15945084300007,24.838637801280221],[121.15940896100007,24.838676453280225],[121.15935578300001,24.838713859280208],[121.15927236200004,24.838759026280133],[121.15918018000004,24.838800676280187],[121.15902124800004,24.838855513280194],[121.15893293300012,24.838888020280219],[121.15881441000008,24.838924846280161],[121.15872990899999,24.838952780280167],[121.158601213,24.839001011280157],[121.15845845000001,24.839072046280165],[121.15835983900004,24.839127415280132],[121.15823024100006,24.839209740280186],[121.15818042500001,24.839259051280177],[121.15813006100001,24.839348514280122],[121.15806207700007,24.839458636280167],[121.15800667400003,24.839558423280167],[121.15796890800002,24.839604311280148],[121.15793240100002,24.839639875280149],[121.15787198100008,24.839685751280125],[121.15782289100001,24.839709836280168],[121.15774610900006,24.839760306280166],[121.15767814100002,24.839801602280208],[121.15758625300006,24.839866985280203],[121.15747422200002,24.839951863280117],[121.15738358300008,24.840044782280156],[121.157326936,24.840096403280167],[121.15725518200013,24.840164066280177],[121.15718217200002,24.840242059280133],[121.157150698,24.840269584280112],[121.15708524700008,24.840300566280085],[121.15700343700007,24.840331531280167],[121.15694176300002,24.840356767280127],[121.15680834400008,24.840412974280156],[121.15665730000002,24.840482941280165],[121.15660317199999,24.840532258280156],[121.15654903800014,24.840588471280103],[121.15649239600006,24.840620584280188],[121.15641435000008,24.840685959280179],[121.15635644000008,24.840758230280116],[121.15627964500004,24.840845399280127],[121.15626201100008,24.840908484280114],[121.15623303800011,24.840993363280116],[121.15621917900002,24.841059901280108],[121.15620152300006,24.841186065280162],[121.156183861,24.841347794280118],[121.1561825780001,24.841442992280093],[121.15616619300008,24.841532455280124],[121.15614350700004,24.841650609280123],[121.15609689700003,24.841819212280132],[121.15606918600002,24.841899505280107],[121.15602008100005,24.841990122280144],[121.15597350000004,24.842038292280129],[121.1559357340001,24.842073850280133],[121.15589293100001,24.842120869280119],[121.15582747500002,24.842163309280089],[121.15575824399998,24.842208055280143],[121.15566510200009,24.842237872280116],[121.15559713900008,24.842251641280104],[121.15552036500002,24.842258518280051],[121.15544233600004,24.842255079280129],[121.15529634599997,24.842244757280071],[121.15513274100009,24.84222066728011],[121.15508743599999,24.842216082280096],[121.15498046500011,24.842193145280149],[121.15491250400008,24.842193142280141],[121.15483572200003,24.842227550280157],[121.15478411300002,24.842256232280128],[121.15473501900004,24.842302113280105],[121.15469094500004,24.842391575280132],[121.15467835099997,24.842427134280047],[121.15467077200007,24.842521184280109],[121.15465690800008,24.842585418280095],[121.15465058299998,24.842704710280088],[121.15464675900003,24.842874467280112],[121.15464545800002,24.843027017280114],[121.15464795300014,24.843101590280064],[121.15464162500007,24.843228889280116],[121.154639061,24.843394060280101],[121.15463275200003,24.843446831280026],[121.15462643300012,24.843547757280106],[121.15460752300007,24.843660165280092],[121.15457602200004,24.843793224280073],[121.15453068500003,24.84389300928008],[121.15448786900004,24.843982482280108],[121.15444506500005,24.844026070280069],[121.15440855700005,24.84406162628007],[121.15435191100006,24.844092590280063],[121.154281423,24.844124706280052],[121.15423611000007,24.84414535328008],[121.15417191800009,24.844159116280064],[121.15412409100004,24.844165992280097],[121.15404606000008,24.844169431280111],[121.15398942400009,24.844170583280032],[121.15386231099995,24.844156818280133],[121.15358669,24.844143045280067],[121.15339539400004,24.844116670280105],[121.15331611100007,24.84409602128008],[121.15320284700009,24.844063897280083],[121.15312860100001,24.844032933280015],[121.15304429300015,24.843987045280031],[121.15295242700009,24.843952641280111],[121.15287692000007,24.84393198928009],[121.15281651400001,24.843918228280032],[121.15273597100011,24.843894142280082],[121.15253838900001,24.843856279280054],[121.15245406799995,24.843843661280069],[121.15233324800009,24.843835631280026],[121.15221998200003,24.843825310280071],[121.15206895700008,24.843811543280076],[121.15197204600007,24.843814981280108],[121.15179332100001,24.843843649280071],[121.15163473500002,24.843867725280031],[121.15143586600003,24.843909026280059],[121.15125839900008,24.843951457280028],[121.15108344500005,24.843988156280126],[121.15089086900004,24.844037465280117],[121.15077002899997,24.844091370280044],[121.15069701900008,24.844134961280105],[121.15058624900004,24.844187718280018],[121.15045785700009,24.844234743280087],[121.15032948300002,24.844246203280068],[121.15024893400005,24.844253083280101],[121.15016460399998,24.844265700280083],[121.15007901700001,24.844274868280039],[121.15003244600007,24.844289784280026],[121.14997957000004,24.844337960280114],[121.14996285599997,24.844364186280053],[121.14995740100008,24.844381246280044],[121.14996065999999,24.844432010280073],[121.14999084699998,24.844501978280068],[121.15004116300007,24.844581127280065],[121.15011665200001,24.84466026728003],[121.15017830600006,24.844709600280115],[121.15031168399999,24.844809386280026],[121.15043373900005,24.844888534280088],[121.15054070100003,24.844945892280037],[121.15060865000004,24.844989477280091],[121.15075714100008,24.845064030280042],[121.15086284300003,24.845121408280075],[121.150986171,24.845166138280046],[121.15110572000003,24.845206283280088],[121.15122275200007,24.84525560628007],[121.15128944800006,24.845290017280082],[121.15154617100008,24.845376043280094],[121.15161664200005,24.84541045328],[121.15171731500004,24.845455195280064],[121.15179282200006,24.845479279280006],[121.15193124900004,24.845533201280034],[121.15208477700006,24.845597426280111],[121.15213637000008,24.845629552280002],[121.15222948900004,24.845683467280029],[121.15229618099995,24.84572819928],[121.15241572300008,24.845808485280056],[121.15256168299999,24.845923196280044],[121.15260068900002,24.845959895280068],[121.15268121500003,24.846031019280002],[121.15272148200008,24.846061982280077],[121.15274916100003,24.846094106280081],[121.15282843200012,24.846166362280005],[121.15291524000013,24.846282207279998],[121.15296933300006,24.846373972280031],[121.15300455700005,24.846429028279974],[121.15303977500004,24.846505880280024],[121.15312153800002,24.846653845280002],[121.15316555600006,24.846778874279948],[121.15319321800003,24.846862602280037],[121.15322213700001,24.846964685279961],[121.15323722300003,24.847024331280021],[121.15326866200006,24.847111505280019],[121.15332024699995,24.847175736280015],[121.15340706700012,24.847249130280044],[121.15346117600008,24.847295030280023],[121.15352912300001,24.847354676279984],[121.15355302200012,24.847400562280047],[121.1535580430001,24.847451025279963],[121.15355675400009,24.847550811280044],[121.15354538100003,24.847713688280013],[121.15353655100002,24.847777916279995],[121.15352393800003,24.847873118279974],[121.15351133400006,24.847935066279945],[121.15349491700012,24.84811972627994],[121.15349110200006,24.848242771279992],[121.153486141,24.848319726279961],[121.15347211500001,24.84840806727998],[121.15348204500003,24.848481531279941],[121.15352090300006,24.848572273279991],[121.153571079,24.848674496279987],[121.15360120600003,24.848725044279909],[121.15367909799997,24.848821579279996],[121.15371676000008,24.848881327279962],[121.15381475900003,24.848999717279987],[121.15391910800003,24.849090563279962],[121.15398953000009,24.84914232427997],[121.15408259700007,24.849207918279976],[121.15423231600002,24.849282772279953],[121.15435308699998,24.849347258279955],[121.15443358500008,24.849400189279898],[121.15452037300007,24.849456583279942],[121.15462101500013,24.849511850279985],[121.15470906200004,24.849567095279944],[121.15482976899999,24.84966600227995],[121.15499959100011,24.849767290279893],[121.15504739499995,24.849793784279939],[121.15510654600006,24.849813387279969],[121.15534200899999,24.849834460279929],[121.15540999800012,24.849844906280008],[121.15547166899998,24.849864535279949],[121.15553201799999,24.849916286279953],[121.15559607600008,24.850003615279896],[121.15562364500012,24.850074823279925],[121.15564617900012,24.850142576279932],[121.155667343,24.850270002279906],[121.15567983399997,24.850321658280009],[121.15567833500005,24.850444466279942],[121.15568568900001,24.850547763279966],[121.15568666600009,24.850692364279929],[121.15570154700001,24.850811749279959],[121.1557253010001,24.850901307279901],[121.15577555000007,24.850966810279903],[121.15583839000013,24.851033485279899],[121.1558949580001,24.851086377279934],[121.155990438,24.851205897279865],[121.15603564,24.8512771312799],[121.15603300699998,24.85133450827994],[121.15602157000001,24.851387284279866],[121.15600506200005,24.8514584102799],[121.15598727900009,24.851534114279936],[121.15592280200009,24.851661395279891],[121.15588610100008,24.851751987279922],[121.15589228100005,24.851812826279897],[121.15593862199998,24.851944882279891],[121.155998928,24.852019595279856],[121.15605421300006,24.852085101279847],[121.15609071600014,24.852095500279916],[121.15631482200003,24.852131471279879],[121.156481036,24.85214553427997],[121.15658426800002,24.852166372279907],[121.15669379700003,24.852187222279866],[121.15686996100013,24.852265568279869],[121.15695046100005,24.85231850827989],[121.15700450900007,24.852372541279923],[121.15705098600007,24.852435746279909],[121.15707601600003,24.852516120279891],[121.15707594100003,24.852555150279827],[121.15705301800007,24.85268708127991],[121.157032641,24.852804112279916],[121.15700473999999,24.852902760279903],[121.15699193700002,24.853010611279846],[121.15698927600013,24.853084051279893],[121.156980262,24.853186182279895],[121.15695740600006,24.853281395279875],[121.15693216100011,24.853311188279854],[121.15687791000009,24.853361587279842],[121.15678966800006,24.853402749279869],[121.15669641300008,24.85343242627993],[121.15660190000004,24.853462094279895],[121.15650362900008,24.853480280279893],[121.1563738330001,24.853519077279909],[121.15631578400009,24.853577498279851],[121.15629681000003,24.853618778279891],[121.15630172200008,24.853684203279887],[121.15631543599999,24.853755380279818],[121.15633798600008,24.853817399279894],[121.1563681050001,24.853872533279841],[121.15640947799993,24.853969005279819],[121.15644831200004,24.854076963279866],[121.15648591300007,24.854169980279831],[121.15653354800008,24.854284829279827],[121.156564887,24.85436062427987],[121.15660256100001,24.854415786279823],[121.15666281300003,24.854520319279864],[121.15670419400008,24.85461220327991],[121.156740578,24.854684576279851],[121.15676818500006,24.854736270279773],[121.1568007880001,24.854808627279802],[121.15682334900011,24.854866044279863],[121.15685336400007,24.854973983279901],[121.156877073,24.855088783279896],[121.15689206899999,24.855148483279859],[121.1568956640001,24.855242593279844],[121.15689552600011,24.855313747279855],[121.156895421,24.855366545279864],[121.15683110600001,24.855411187279831],[121.15675418500005,24.8554592542799],[121.15668609500001,24.855500451279838],[121.15658522400011,24.855559955279791],[121.15649062500009,24.855632083279797],[121.15644896100004,24.855684801279818],[121.15642744500009,24.85573870527983],[121.15643739500004,24.855804133279822],[121.15645871100003,24.85585121327982],[121.156500162,24.855909837279778],[121.15654413800006,24.855962697279796],[121.15661829699999,24.856038577279762],[121.15669249900009,24.856093790279807],[121.15676167600004,24.856142111279802],[121.15684348500007,24.85617095327979],[121.15692025900003,24.856197488279864],[121.15701716300005,24.856235522279814],[121.157168204,24.856282845279811],[121.157262596,24.856318589279841],[121.15737713699998,24.856354366279778],[121.15744132100005,24.85637857627983],[121.15751306399997,24.856402805279785],[121.15760870900006,24.856440850279824],[121.15766536100003,24.856451280279813],[121.157742199,24.856447958279794],[121.15781522499999,24.856458427279769],[121.15794243000005,24.856458654279788],[121.15801797299999,24.856471386279786],[121.15807583500006,24.856508233279811],[121.15811224700005,24.856566826279764],[121.15812343900008,24.856641433279819],[121.15809182500006,24.856705660279793],[121.15804642800005,24.856736550279773],[121.15798211600004,24.856777761279808],[121.15792033,24.856815520279824],[121.15783713600005,24.856852103279738],[121.15776273600002,24.856899021279791],[121.15771859700008,24.856928781279795],[121.15768453900002,24.856956262279823],[121.15771846900007,24.856994209279783],[121.157800259,24.857034509279814],[121.15793109099999,24.8571116352798],[121.15798771100008,24.857141569279797],[121.15809839200006,24.857219800279779],[121.15814874300007,24.857232515279762],[121.158167429,24.857278603279759],[121.15821788500001,24.857288942279808],[121.15829691799999,24.857352176279807],[121.15833833800002,24.857403865279814],[121.15838982700002,24.857444086279859],[121.15843630300003,24.857472839279829],[121.15849662900008,24.857484385279811],[121.15856449600008,24.857493648279789],[121.15869016800001,24.85751789127983],[121.15876559700003,24.857513397279735],[121.15883092600002,24.857544458279818],[121.15889625700002,24.857572079279802],[121.15896660000007,24.857614628279755],[121.15899542700004,24.857688107279788],[121.15899408600002,24.857756961279804],[121.158985194,24.85783613227979],[121.15901655300001,24.857890125279813],[121.15906679699999,24.857923450279817],[121.15913088800004,24.857938451279715],[121.15925909000009,24.857951225279795],[121.15937727600011,24.857930712279796],[121.15945648799999,24.857913591279793],[121.15965014300004,24.857854158279761],[121.15975198600002,24.85783246127983],[121.15981612299998,24.857810733279816],[121.15995445699997,24.857756965279805],[121.160028625,24.857755902279806],[121.16014175400002,24.857760628279749],[121.16020458400008,24.857777914279751],[121.16022466700004,24.857799742279791],[121.16022336300003,24.857842212279845],[121.16020449399997,24.857853654279726],[121.16015670700003,24.857870832279811],[121.16006993600006,24.857901695279779],[121.15999322500009,24.857928005279735],[121.15991777899997,24.85794857127976],[121.15981467200005,24.857974846279784],[121.15971659200002,24.858002272279762],[121.15963986799997,24.858037755279764],[121.15958702300006,24.858081293279717],[121.15953413800003,24.858156972279755],[121.15952152300007,24.858194833279793],[121.15953275299998,24.858264856279799],[121.15953267300007,24.85833370627973],[121.15951627299997,24.858383028279725],[121.15945585800002,24.858446077279787],[121.15939170099995,24.858488470279745],[121.159345161,24.858511363279764],[121.15926713000013,24.858592749279744],[121.159234395,24.858636319279803],[121.15921423500004,24.858676453279834],[121.15917894500005,24.858753297279797],[121.15917888800003,24.858803802279798],[121.15917373800006,24.858905929279718],[121.15919253200001,24.85895759827973],[121.15924273499998,24.859024212279742],[121.15932941800006,24.859069082279724],[121.15939351800003,24.859078347279766],[121.15949914400007,24.859047485279792],[121.15955450400013,24.859007374279759],[121.15960985900006,24.858967274279728],[121.15973321300007,24.858828562279811],[121.15977984700012,24.858724180279786],[121.1599019890001,24.858545311279734],[121.1599837900001,24.858468517279771],[121.16006550800002,24.858458282279738],[121.16012582400005,24.858477863279756],[121.16022125200003,24.858567495279708],[121.160292826,24.858635285279711],[121.16035055100008,24.85871912527972],[121.16042712400011,24.858808732279762],[121.160492402,24.858883401279719],[121.16062304600004,24.858960446279788],[121.16072856200002,24.859022539279767],[121.16080772500007,24.859050189279756],[121.16087431800007,24.859075507279716],[121.16102008300007,24.859120437279707],[121.16115703100002,24.859181422279779],[121.16119344500008,24.859215889279781],[121.16129766499999,24.85931355627978],[121.16131900099998,24.859342281279751],[121.16137667600007,24.859470875279733],[121.16138034200002,24.859560389279782],[121.16136019000012,24.859595954279779],[121.16130613000007,24.859600483279717],[121.16125332400006,24.859608449279747],[121.16118669199997,24.859615255279692],[121.16114771500004,24.859622096279718],[121.16106848700007,24.859651841279778],[121.16100935300005,24.859696522279759],[121.1608609230001,24.859778969279741],[121.16075898300002,24.859883269279745],[121.16072500100005,24.859916528279733],[121.16069854800001,24.859963542279711],[121.16070227800004,24.860000276279735],[121.16073364400005,24.86005194627975],[121.16077883299998,24.860104798279767],[121.16082028800004,24.860130088279725],[121.16089813000006,24.860209374279719],[121.16094584000002,24.860262219279743],[121.16095708300007,24.860320758279705],[121.16093439200006,24.860375810279713],[121.16088657200009,24.860420509279685],[121.16077964200005,24.860488103279774],[121.16071424399996,24.860514420279728],[121.16058968800006,24.860606075279762],[121.16046763799999,24.860703479279735],[121.16038461200006,24.860755031279734],[121.16030658899999,24.860828372279755],[121.16027763300006,24.860862767279674],[121.160263715,24.860941934279744],[121.16029128900006,24.861009674279657],[121.16034904100002,24.86107401227973],[121.160405544,24.861129169279774],[121.16045202800002,24.861152170279723],[121.16049098500005,24.861162546279687],[121.16056005800009,24.861217710279721],[121.16060650900012,24.861269411279736],[121.16066299599997,24.861337191279752],[121.16068421700007,24.861468036279742],[121.16070289900001,24.861612662279708],[121.16070029600006,24.861689551279763],[121.16067759799995,24.861749191279721],[121.16061598200011,24.861766331279718],[121.160482688,24.861805197279732],[121.16042354800007,24.861855622279649],[121.16039205900005,24.861906079279649],[121.1603517250001,24.861996689279682],[121.16033153699999,24.862062077279674],[121.1602950250001,24.862111384279657],[121.16024718600013,24.862168721279701],[121.16019686199996,24.862205377279718],[121.16007611700003,24.86226030927973],[121.1599956350001,24.862286615279679],[121.15994783300006,24.862315242279657],[121.15990250100005,24.862377163279707],[121.15987476700005,24.862443697279708],[121.15987337200012,24.862561890279625],[121.15988332599994,24.862649122279638],[121.15991212300004,24.862746699279644],[121.15996357200001,24.862825950279621],[121.16003389300009,24.862890294279701],[121.16007029099998,24.86293739227969],[121.16012935700009,24.862953526279693],[121.16020727300004,24.862973125279627],[121.16037321000009,24.862971033279635],[121.16054670700004,24.862952870279649],[121.16064598199999,24.862985122279635],[121.16072137500011,24.86301390527963],[121.16075151200003,24.863040344279675],[121.16077408200012,24.863088568279686],[121.16078282200014,24.863141368279692],[121.16076013700005,24.863187238279661],[121.16071357200011,24.86323423627973],[121.16064057200002,24.863308738279681],[121.16058773100006,24.863346560279691],[121.16055873199998,24.863418819279634],[121.16052347900009,24.863465834279616],[121.16049946200005,24.863579420279677],[121.16049556800009,24.863683840279705],[121.16048790600007,24.863785968279629],[121.16048902899999,24.863899572279696],[121.16050025800001,24.863970752279645],[121.16051783800006,24.863986840279637],[121.16057061500008,24.864005264279662],[121.16064101599996,24.864003049279642],[121.16066109800011,24.864030609279606],[121.16065476900009,24.864067326279638],[121.16063714000008,24.864093699279682],[121.16053781000004,24.864108504279663],[121.160433442,24.864133625279692],[121.16038310100009,24.864182911279592],[121.16036167400001,24.864229947279668],[121.160352815,24.864280425279667],[121.1603540000001,24.864341250279644],[121.16038663400003,24.864387188279625],[121.160411704,24.864446912279586],[121.16044432,24.864505472279635],[121.16045685499998,24.864534169279615],[121.160430437,24.864552498279611],[121.16037260800012,24.864557021279637],[121.16022175799999,24.864552253279594],[121.16018651600011,24.864588938279621],[121.16014496100001,24.864648559279569],[121.16014612600003,24.864727738279633],[121.16015106300007,24.864804639279601],[121.160153487,24.864880387279655],[121.16012944800001,24.865011180279637],[121.16011932100002,24.86507199027961],[121.16010420200003,24.865101819279676],[121.16006766300001,24.865171775279595],[121.160022271,24.865286476279582],[121.16000209000003,24.865343838279621],[121.15998819100001,24.865404642279668],[121.1599805510001,24.865487261279583],[121.15999177700006,24.865563026279634],[121.16002562000001,24.865646836279637],[121.16005574100001,24.865689329279601],[121.16007203800004,24.865727223279617],[121.16007702600008,24.865760504279617],[121.16006819700007,24.86578688827959],[121.16004429000004,24.865805223279597],[121.15999648800002,24.865831565279638],[121.15996880000003,24.86585793027961],[121.15996247400003,24.865891208279599],[121.15997499600007,24.865935975279569],[121.15999633400007,24.86596354427963],[121.16000383800008,24.865996825279638],[121.15998996100006,24.866036979279585],[121.15996729199998,24.866072523279581],[121.15995340900008,24.866119567279576],[121.15995713700013,24.866156290279584],[121.159977205,24.866193042279601],[121.16001611600002,24.866245871279542],[121.16004246700007,24.866284919279561],[121.16005500700005,24.866313623279556],[121.16005745800007,24.866366422279562],[121.16005361200001,24.866429534279625],[121.16002707900005,24.866541969279602],[121.15994904600008,24.866622208279587],[121.15990117900002,24.866702468279648],[121.1598785020001,24.866743771279605],[121.15983433599997,24.866884871279638],[121.15982044900009,24.866936492279649],[121.15981782900006,24.867026012279585],[121.15983785700001,24.867098328279532],[121.15986041600001,24.86715688027958],[121.15986408400006,24.867245255279602],[121.15986403300005,24.867288864279569],[121.15984890900003,24.867320985279569],[121.15982873599997,24.867372597279569],[121.15980980300002,24.867434543279547],[121.15978961600003,24.86749878627953],[121.15972518200012,24.867769547279554],[121.15971001400011,24.867839533279557],[121.1596872690001,24.86793820327955],[121.15965828600007,24.867996687279586],[121.15964687500002,24.868080447279588],[121.15962161399997,24.868179118279581],[121.15958504800007,24.868272026279541],[121.15955982800001,24.868337411279526],[121.15954341699999,24.868393630279574],[121.15951693500004,24.868464740279585],[121.15950430000004,24.86851867227951],[121.15946771000003,24.868629941279568],[121.15943993200004,24.8687331962795],[121.15940969600001,24.868789393279616],[121.15938574299999,24.86884444927955],[121.15935292800006,24.868955723279523],[121.15932518899999,24.869022256279514],[121.15927347600002,24.869165641279569],[121.15922427600006,24.869311332279533],[121.15920786400004,24.869367543279569],[121.15917506000005,24.869469637279494],[121.15915236600006,24.869524689279501],[121.15910944400005,24.869672686279493],[121.15905775100006,24.86980115227955],[121.1590249990001,24.869858491279501],[121.15901112900009,24.869892914279497],[121.15898086600009,24.86996746727954],[121.15895692400012,24.870019082279555],[121.15884846800004,24.870304707279466],[121.15882701799997,24.87036894027953],[121.15881945300005,24.870387293279546],[121.15880558900005,24.870419406279545],[121.15878415300007,24.870472173279456],[121.15875390600003,24.870535260279528],[121.15872744600007,24.870586867279535],[121.15868080800011,24.870690095279542],[121.15860901300003,24.87080477127952],[121.1585850690001,24.870851790279506],[121.15852834900012,24.870977960279465],[121.15849937200002,24.871028416279458],[121.15841621399997,24.871186692279508],[121.15834063500006,24.871309388279521],[121.15830285800004,24.871362147279541],[121.15826755500004,24.871448163279553],[121.15823660200014,24.871529550279437],[121.15814481600002,24.871670971279496],[121.1580904540001,24.871774171279512],[121.15805000700006,24.87184639627954],[121.15799688400001,24.87195990527951],[121.1579539490001,24.872014933279431],[121.15788824800011,24.872120403279464],[121.157802424,24.872207464279462],[121.15775570600013,24.87226591127942],[121.15765345800003,24.872378207279475],[121.15759173700008,24.872379248279472],[121.15746837700009,24.87233540727949],[121.157410453,24.872324978279426],[121.15728582699998,24.872288039279475],[121.15720286200006,24.872276328279476],[121.157178789,24.872272930279465],[121.15711451200002,24.872290034279462],[121.15706277200002,24.872339294279449],[121.15705893300006,24.872370266279422],[121.15709148000006,24.87247476427947],[121.15715300800002,24.872574717279477],[121.15719435000005,24.872691846279491],[121.15720053200002,24.872750388279535],[121.15721049600005,24.872810083279411],[121.15720533800007,24.872870895279465],[121.15718883600005,24.872937444279462],[121.15716855700005,24.873002814279449],[121.15713561299999,24.873101449279424],[121.15710263900012,24.873238717279413],[121.15707455900009,24.873297893279425],[121.15700677599999,24.873457353279388],[121.15698296600004,24.873556006279454],[121.15693522700012,24.873625990279393],[121.15686860900009,24.873691400279469],[121.15677559100006,24.873772880279375],[121.15671146799998,24.87381420827942],[121.15665993100008,24.873860110279391],[121.15657444800001,24.87392897927942],[121.15640351600008,24.874103398279438],[121.15634823100002,24.874176840279393],[121.15627787299998,24.874278955279408],[121.15622887400004,24.87434664627941],[121.15620379900005,24.874437264279443],[121.15623780600006,24.874476233279374],[121.15636739800001,24.874487654279427],[121.15660641500008,24.874468028279402],[121.15673221100008,24.874456494279428],[121.15683410599999,24.874442672279443],[121.15692720500006,24.874444922279455],[121.15721656200002,24.874440183279411],[121.15744049200008,24.874429738279449],[121.15771728199999,24.874443348279414],[121.157909773,24.87444784027943],[121.15798658499995,24.874518912279449],[121.15802311399997,24.874563629279407],[121.15805712400002,24.874606045279467],[121.15808862800006,24.874659938279468],[121.15811134,24.874728738279476],[121.15814162800008,24.874825067279463],[121.15815812800004,24.874974166279443],[121.15815817600006,24.875025780279451],[121.15816335300002,24.875173726279435],[121.15815839399998,24.875250581279388],[121.15816405700001,24.875321403279489],[121.15816985800005,24.875393933279344],[121.15817128000006,24.875562539279446],[121.15814505200002,24.875759832279421],[121.15813261299996,24.8759078032794],[121.15809374500003,24.876045449279417],[121.158052344,24.876164759279334],[121.15800464300003,24.8762760402794],[121.15796694000002,24.87631849627936],[121.15791673400005,24.876440091279388],[121.15788157100008,24.876506641279377],[121.15787155700004,24.876558260279388],[121.15785270600009,24.876582359279332],[121.15784145000012,24.876648882279422],[121.15783154400003,24.876811759279398],[121.15784175600007,24.876965439279406],[121.15785314600014,24.877036555279336],[121.15787847500006,24.877205135279347],[121.15787728200006,24.877272815279344],[121.15785844600009,24.877309525279358],[121.15782704500009,24.877364587279391],[121.15777173500011,24.877412795279369],[121.15759825899998,24.877560839279361],[121.15749896100012,24.877658388279354],[121.15742479000002,24.877719211279317],[121.157370754,24.877784615279317],[121.15730160100004,24.877831664279388],[121.15723626500005,24.877917739279304],[121.15708170200004,24.878113955279389],[121.15700878699998,24.878172482279332],[121.156981176,24.878241307279335],[121.15695112300001,24.878389282279333],[121.15692351400001,24.878462704279368],[121.15687579800007,24.878559070279337],[121.15682175200004,24.878614154279276],[121.15679413100007,24.87867266127931],[121.15674263600009,24.878766739279367],[121.15660689900002,24.878913621279345],[121.15655787700005,24.878961812279336],[121.15650512700005,24.879057047279311],[121.15646113500004,24.879100655279288],[121.15643603100003,24.879163746279346],[121.15640609100002,24.879429856279319],[121.15638475900003,24.879490648279305],[121.15636222600004,24.879606508279295],[121.15635475100014,24.879683359279344],[121.15631712900003,24.879811828279308],[121.15626813200006,24.87988297927933],[121.15620909700006,24.87998737427926],[121.15615882200008,24.880040162279279],[121.15607458999996,24.880105581279278],[121.15603814800014,24.880151474279256],[121.15598791700008,24.880251291279333],[121.15592511300011,24.880361424279297],[121.15587614700007,24.880466973279319],[121.15582464100005,24.88054843727932],[121.15576558100005,24.880626451279277],[121.15569518300001,24.880687276279254],[121.15566249399996,24.880711381279294],[121.15552160200001,24.880732103279318],[121.15537568000005,24.880757409279273],[121.15528256399996,24.880742546279293],[121.1551919340001,24.880700160279254],[121.1551189190001,24.880653162279351],[121.15503204700012,24.880591272279293],[121.15495144200011,24.880500708279278],[121.15487460000007,24.880402107279298],[121.15480407800008,24.880332183279275],[121.15473608099994,24.880270290279309],[121.15464293400007,24.88022214727933],[121.15459132300006,24.880195802279271],[121.15450701400002,24.880179783279278],[121.15433591500008,24.880187904279332],[121.15418875400006,24.880232702279311],[121.15408184300009,24.880267165279321],[121.15390577600009,24.880344100279288],[121.15375109899999,24.880424458279272],[121.1536932370001,24.880435956279332],[121.15363158099997,24.880432553279327],[121.153532161,24.880401635279252],[121.15348056099999,24.880384451279255],[121.15333205600007,24.880335210279256],[121.15318607300006,24.880297429279238],[121.15306778300013,24.880273410279301],[121.15296837499999,24.880255094279295],[121.15290169400008,24.880255135279292],[121.15276076300002,24.880234558279366],[121.15258838899997,24.880225472279321],[121.15249277300005,24.880227808279344],[121.15242231100001,24.880223258279337],[121.1523493330001,24.8802164162793],[121.15219585,24.880224519279341],[121.152092713,24.880261270279274],[121.15201987100011,24.880402377279324],[121.15192682400004,24.880464354279276],[121.15184383100001,24.880512571279276],[121.15175705700004,24.880553900279327],[121.15162750800006,24.880597549279301],[121.15154200600001,24.880652629279325],[121.15146783300008,24.880714630279293],[121.15139618000002,24.88078461127931],[121.15133959800002,24.880821342279251],[121.15126416300002,24.880881026279276],[121.15121512500006,24.880913162279281],[121.15115978800007,24.880936123279319],[121.15110822300008,24.88095794327926],[121.15099753199998,24.880988960279343],[121.15093212300008,24.881002759279323],[121.15084028800003,24.881013124279299],[121.15074843700008,24.881006285279256],[121.15070943000002,24.881001720279322],[121.150544575,24.880961646279296],[121.15025386199999,24.8808757702793],[121.15019722800002,24.880852859279269],[121.150107852,24.880803598279275],[121.15003610399999,24.880765759279353],[121.14987751600003,24.880695877279262],[121.14973781800001,24.88064775827926],[121.1496774110001,24.880630594279264],[121.14962205800003,24.880637502279299],[121.14957425500008,24.880645549279258],[121.14952646500005,24.880666217279281],[121.14949378800009,24.880702942279303],[121.14945858500002,24.880733919279294],[121.14940961099994,24.880836026279304],[121.14936190899999,24.880956477279316],[121.14933180600008,24.881059721279332],[121.1493029610001,24.88116410227925],[121.14927282200003,24.881223756279308],[121.14924011299996,24.881228365279334],[121.14905266300002,24.881243360279331],[121.14883877500006,24.881241172279246],[121.14868654300008,24.881245829279266],[121.14861357600002,24.881253883279228],[121.14853934100009,24.881250490279303],[121.14845125899997,24.881237902279235],[121.14833297200005,24.881213877279279],[121.14820712300005,24.881176082279278],[121.14811524600005,24.881140573279271],[121.14804224899997,24.8811142112793],[121.14792394499997,24.881069545279264],[121.14776534699998,24.880991634279294],[121.14761680300005,24.880897640279237],[121.14755763800011,24.880859825279309],[121.14741793700001,24.880808265279313],[121.14733865900001,24.880792236279227],[121.14719899100011,24.880780846279269],[121.14711973100012,24.880785464279288],[121.14693479100001,24.880790144279324],[121.14686433500002,24.880791322279244],[121.14674734000003,24.880803987279318],[121.14668567600009,24.880791408279258],[121.14647555200013,24.880775436279269],[121.14630190400013,24.880751427279321],[121.14616853400003,24.880741167279268],[121.14609053399997,24.880748086279304],[121.14603894200005,24.880740075279263],[121.14598611000012,24.880751573279241],[121.14584271600008,24.880792929279284],[121.14576095100004,24.880807888279278],[121.14566534300005,24.880822825279271],[121.14560747200004,24.880825137279295],[121.14556468800006,24.880820576279259],[121.14550428000003,24.880798810279323],[121.14543505000009,24.880764436279229],[121.145362041,24.88072202627928],[121.1453129170001,24.880657810279295],[121.14528772499997,24.880624566279309],[121.1452839130001,24.880579841279335],[121.14531276600009,24.88048233227935],[121.14532152300002,24.880427269279235],[121.14531268499999,24.880390577279304],[121.14527491200008,24.880357334279314],[121.14516287400012,24.880286270279289],[121.14507603000006,24.880246178279272],[121.14500429300006,24.880222097279322],[121.14487594900002,24.880206105279331],[121.14479794500002,24.880207292279337],[121.1447362900001,24.880199290279304],[121.14465451500007,24.880206213279337],[121.14459036600009,24.880223437279341],[121.14454886500002,24.880249842279294],[121.14446214100005,24.880348515279305],[121.14435782899994,24.880479324279278],[121.14422961000001,24.880610124279361],[121.14411270200002,24.880729450279279],[121.14405487000009,24.880778792279276],[121.14402091999996,24.880802895279306],[121.14392158799998,24.880874047279324],[121.14387883000003,24.880895864279278],[121.14379205600002,24.880941776279347],[121.14371660100001,24.880981972279283],[121.14371426800007,24.880984812279259],[121.14364873100008,24.881064566279289],[121.14358208699998,24.881109321279251],[121.14351666000009,24.881107056279252],[121.1434374400001,24.881157556279241],[121.14333560400011,24.881242477279262],[121.14327524800001,24.881287235279228],[121.14324506800008,24.88130559127924],[121.14320104600006,24.881321668279238],[121.14313814800002,24.881333166279301],[121.14306269100007,24.88137105227932],[121.14300357600007,24.88139286627926],[121.14291428500006,24.881437635279237],[121.14281998800007,24.881514520279282],[121.14274957700002,24.881567304279312],[121.14271562000005,24.88158338327931],[121.14268923699998,24.881630428279294],[121.14262133200006,24.881672881279336],[121.14259618200005,24.881687812279235],[121.14253329599998,24.881713060279289],[121.14246160600007,24.881742906279271],[121.14239619200009,24.881757847279253],[121.14226158599995,24.881775112279264],[121.14219994000003,24.8817808662793],[121.14208673200008,24.881811889279291],[121.14199112800006,24.881833721279314],[121.14189175099999,24.881854409279249],[121.14182382600008,24.881873929279262],[121.14175085899998,24.88187969627921],[121.14170303900002,24.881869395279246],[121.14161995599999,24.881816674279239],[121.14153938099999,24.881752468279249],[121.14149151500011,24.881684827279251],[121.14144365500007,24.881626348279212],[121.14131270599995,24.881505971279289],[121.14122709099998,24.881437199279297],[121.14113650500006,24.881434938279273],[121.14105977300001,24.881456760279221],[121.14098056400003,24.881519880279289],[121.14089505000004,24.881572671279311],[121.14080201200009,24.881650701279273],[121.14062219500012,24.881771203279296],[121.14055680500005,24.88181366227926],[121.14047507900003,24.881877922279237],[121.14039838000006,24.881936445279297],[121.14034052700001,24.881964019279252],[121.14022484100009,24.882044335279247],[121.14013429999999,24.882101725279281],[121.14007897600001,24.882143037279228],[121.14004376400005,24.882163702279247],[121.139953213,24.882206175279315],[121.13989410800002,24.882241748279224],[121.139819902,24.882273896279226],[121.13970041500008,24.882323257279236],[121.1395494850001,24.882381813279263],[121.13948280400008,24.882387581279211],[121.139438778,24.882399062279276],[121.13935073100001,24.882426628279237],[121.13928405300007,24.882433533279279],[121.13916830800009,24.882442760279236],[121.13908526700006,24.882439343279312],[121.13898836400001,24.882410714279256],[121.138919149,24.882392386279246],[121.13884615299999,24.882364892279199],[121.138803349,24.882331652279301],[121.13874038599992,24.882265142279202],[121.13866732100001,24.882152779279235],[121.13857665400006,24.882057612279272],[121.138535112,24.882026666279291],[121.13844323200003,24.881985408279252],[121.13835765300007,24.881956768279291],[121.13822300700004,24.881924717279301],[121.13816763700007,24.881913266279327],[121.138094645,24.881890345279292],[121.13800278100001,24.881867444279266],[121.13786938200008,24.881827364279225],[121.13776115000009,24.881791846279228],[121.13767555500014,24.881739117279214],[121.13760506000006,24.881695566279262],[121.13751441600003,24.88162333827923],[121.13742880300003,24.881549963279294],[121.137365843,24.881488058279231],[121.13729280299998,24.88140435827923],[121.13722607999998,24.881351621279311],[121.13715178200006,24.881272508279253],[121.13710521100008,24.881243859279291],[121.13705863699995,24.881218650279244],[121.13699065100003,24.881161318279297],[121.13688363200006,24.881067311279338],[121.13683829900003,24.881018020279246],[121.13678289900005,24.88096526427924],[121.13675393199998,24.88092858227931],[121.13671361800002,24.880865519279254],[121.13666323100003,24.880788677279291],[121.13661913400003,24.880709565279322],[121.13658007099998,24.880633877279283],[121.13654855399996,24.880557047279318],[121.13651199900002,24.880471038279307],[121.1364867850001,24.880406816279326],[121.136474148,24.880335710279294],[121.13646781200011,24.880280659279276],[121.13645519500005,24.880237081279315],[121.13646392600005,24.880139593279324],[121.13648019000007,24.880026026279264],[121.13648640900006,24.879935418279324],[121.13648382200002,24.879848260279296],[121.13646490400005,24.879786331279337],[121.13645480700002,24.879748485279318],[121.13642961200006,24.879709488279278],[121.13639435600008,24.879672801279359],[121.13634274199998,24.879634973279334],[121.13626215500008,24.879553563279277],[121.136235704,24.879516879279343],[121.13616269400009,24.879467585279347],[121.13605065700006,24.8793896462793],[121.13599023400003,24.879346075279333],[121.13590587300006,24.879264679279359],[121.13584670300004,24.879218822279366],[121.13579759999998,24.879176415279328],[121.13573337900003,24.879105310279314],[121.13567671300002,24.879039960279322],[121.13563765900008,24.878976895279344],[121.13561874500012,24.878925278279333],[121.13560360700002,24.878872528279334],[121.135595972,24.878763580279283],[121.1355732750001,24.878698206279381],[121.13555432800001,24.878606458279354],[121.13555553299994,24.878537642279341],[121.13555798900005,24.87846423827931],[121.135567991,24.878380498279306],[121.13557547400001,24.878296770279313],[121.13558673700004,24.878222220279351],[121.13559801700001,24.878164871279328],[121.13562059,24.878075395279296],[121.13562307600003,24.878035260279351],[121.13561172800009,24.878003138279361],[121.13558152400005,24.877990536279377],[121.13552868700003,24.87799743527933],[121.13545573999995,24.878029581279325],[121.13538405599999,24.878064017279407],[121.13532997400003,24.878086972279366],[121.13525702100003,24.878112236279321],[121.13521298900004,24.878116835279343],[121.13510355900004,24.878150141279352],[121.13504569600003,24.878163926279349],[121.13493626099998,24.878194939279325],[121.13485324800001,24.878225937279399],[121.13474759300009,24.87826152227932],[121.13466079600006,24.878279911279332],[121.13459412300008,24.878287962279291],[121.13449223000008,24.878309804279329],[121.13440165799996,24.87832588327932],[121.13435386600008,24.878349988279361],[121.13423691500009,24.878421138279382],[121.13413631000003,24.878480817279343],[121.13408474700012,24.878508362279312],[121.13401182600003,24.878573769279299],[121.13395276300002,24.878662103279325],[121.13392638700007,24.878720604279383],[121.13391887400009,24.878767631279356],[121.13386237400002,24.878917907279359],[121.133824717,24.879028026279308],[121.13379582700011,24.879091115279294],[121.13374684100005,24.879193217279301],[121.13371288900008,24.879220757279349],[121.13364253600002,24.879351526279343],[121.13359227300003,24.879434129279336],[121.13353822500001,24.87950066227933],[121.13347157000011,24.879535103279338],[121.13341497100012,24.879555766279353],[121.13337975099998,24.879569538279341],[121.13329800300004,24.879608570279284],[121.13322853800004,24.879633821279338],[121.13311809000007,24.879669348279339],[121.13298594500006,24.879720846279337],[121.13289658700003,24.879756335279342],[121.13268522800004,24.87977109727932],[121.13263365300004,24.879769914279315],[121.1325707650001,24.879760697279249],[121.13241729400008,24.879754858279302],[121.13225879700002,24.879747865279352],[121.13218205699999,24.879748963279258],[121.13206003400001,24.879750027279254],[121.13198579800009,24.879763734279333],[121.13188135000004,24.8797934752793],[121.13178696400007,24.87982551227929],[121.13168501200008,24.879874734279287],[121.13157172700002,24.879934288279316],[121.131497469,24.879966341279303],[121.131439568,24.879996114279276],[121.13135523499994,24.880035029279302],[121.13122562200006,24.88007392927932],[121.13069481700003,24.880015087279336],[121.13059545100006,24.88000124227926],[121.13037658399999,24.879979315279307],[121.13029233700003,24.879945991279289],[121.13019299499999,24.879912681279301],[121.13012636800006,24.879869059279336],[121.12987872000009,24.879718680279332],[121.12980955400006,24.879696846279309],[121.12972906900006,24.879672710279337],[121.12963218700004,24.87968755627934],[121.12953527400009,24.879729912279291],[121.12940560200003,24.879816951279285],[121.12930732599996,24.879951037279277],[121.12921785100002,24.880089693279285],[121.1291133120001,24.880197404279315],[121.12901512800015,24.880250089279333],[121.12891821100003,24.880294736279279],[121.1288376670001,24.880324482279267],[121.12872937800003,24.880410402279271],[121.12864753500003,24.880476849279262],[121.12857323199999,24.88054672927926],[121.12850772400006,24.880626941279321],[121.12843715700001,24.880731228279256],[121.12837669500006,24.880798831279243],[121.12833135399997,24.880844664279298],[121.12828351100011,24.880879041279314],[121.12822433900008,24.880917977279328],[121.12814252799997,24.88095460427925],[121.12806956599998,24.880953392279331],[121.12798654800002,24.880945321279285],[121.12785949200008,24.880941791279255],[121.12769850599999,24.880909570279346],[121.12757151200005,24.880855580279313],[121.12749234200008,24.880779854279261],[121.12742698800002,24.88072706627926],[121.12737291599996,24.880710978279346],[121.12729492600008,24.880704028279293],[121.12724082700007,24.880708581279325],[121.12714900800003,24.880695902279257],[121.12708235700009,24.880677513279338],[121.12694401900002,24.880639576279314],[121.12679562900007,24.880593601279323],[121.1267302050001,24.880600437279259],[121.12664842800007,24.880603812279269],[121.12663494600011,24.880606655279326],[121.12657796400002,24.880618669279265],[121.12646721300008,24.880656430279362],[121.12639296799999,24.880677015279293],[121.12631245999998,24.880673516279263],[121.12621685600008,24.880670004279331],[121.12611246700004,24.880650428279317],[121.12605210400002,24.88062974927929],[121.12592884200005,24.880610171279265],[121.12581315899997,24.880565362279285],[121.12575909300003,24.880540098279326],[121.12566856799998,24.880495314279273],[121.12562080700006,24.880460882279269],[121.12541213600001,24.880325432279246],[121.12535180500001,24.880281812279289],[121.12525126000004,24.880198038279282],[121.12519720100008,24.880167044279293],[121.12511925400013,24.880128007279264],[121.12496205900007,24.880078582279271],[121.12488787300005,24.880049860279374],[121.12481618299999,24.880036052279305],[121.12466272300001,24.880023315279303],[121.12447154000009,24.879995667279324],[121.12438222700005,24.879989863279302],[121.12422751799996,24.879969100279347],[121.12412940100002,24.879963304279308],[121.12396841300003,24.879934521279338],[121.123894187,24.879935611279336],[121.12383379700007,24.879941311279357],[121.12375829500006,24.879959577279273],[121.12365761099997,24.879997345279286],[121.12351287700005,24.880049976279288],[121.12346754400005,24.880088925279317],[121.12336682500006,24.880155350279303],[121.12328122000011,24.88020687527931],[121.12304337800003,24.880272058279267],[121.12298676400007,24.880276600279302],[121.12283827900004,24.880309739279284],[121.12275775900004,24.880315414279313],[121.12265085600008,24.880292398279273],[121.12258922800002,24.880280891279298],[121.122506219,24.880264770279297],[121.12242697400004,24.880257839279352],[121.12222696900007,24.880242771279342],[121.12214267600005,24.880248439279274],[121.12206970900002,24.880250682279286],[121.12202942400008,24.880264919279313],[121.122001747,24.880274709279306],[121.12184688300009,24.880383511279266],[121.12170713500005,24.880472838279278],[121.12162406100002,24.880511764279298],[121.12150449099997,24.880560977279284],[121.12139878600013,24.880588409279323],[121.12127295500001,24.880611246279273],[121.12117984900011,24.880623790279326],[121.12111317900003,24.880620296279304],[121.12098613899998,24.880605292279309],[121.12085906399997,24.880617802279279],[121.12075966800001,24.880628048279327],[121.12067535600013,24.880649768279262],[121.12058475800009,24.880668042279353],[121.12032303400011,24.880716004279318],[121.12026262299999,24.880737738279262],[121.12018584200004,24.880772083279258],[121.12012668200012,24.880799541279309],[121.12001966700005,24.880868253279296],[121.11993655400011,24.880939285279315],[121.11985976100007,24.880981662279279],[121.11977918300005,24.881035473279276],[121.11970994800001,24.881072104279284],[121.11958408200007,24.881124759279281],[121.1194821390001,24.881160206279294],[121.11939783600002,24.881173906279276],[121.11934122500006,24.881176164279285],[121.11927956500001,24.881188726279259],[121.11922421699997,24.88118409327932],[121.11914746100001,24.881197796279295],[121.11901783600003,24.881238972279224],[121.11894610600005,24.881258404279237],[121.11886179400008,24.881278983279259],[121.11880515800011,24.881299577279282],[121.11867428800004,24.881327001279324],[121.11860257099995,24.88133725327928],[121.11850064500004,24.881357809279304],[121.11844024000004,24.881376104279305],[121.11833829800003,24.881410421279291],[121.11824894399999,24.881439012279351],[121.11810420000002,24.881496233279286],[121.11800603499996,24.881528263279275],[121.11786004799997,24.881575154279243],[121.11780343000009,24.881579696279264],[121.11770527600004,24.881603698279299],[121.11765493599998,24.881619710279285],[121.11755802400005,24.88165631427929],[121.11750265400008,24.881670047279275],[121.11739061800004,24.881726129279297],[121.11728993799997,24.881759298279295],[121.11717668000001,24.881787872279254],[121.11709488800001,24.881803862279249],[121.11704709299995,24.881796947279284],[121.11696534300003,24.881778538279285],[121.11689367100004,24.881747529279288],[121.11684336800006,24.881734865279228],[121.11676414899998,24.881704988279331],[121.11664342200004,24.881669357279311],[121.11657173100006,24.881656683279232],[121.11648366900005,24.881655470279227],[121.11639810499999,24.8816703052793],[121.116326383,24.881680565279261],[121.11626471800005,24.88170115327928],[121.11615265200012,24.881779030279237],[121.11607330400003,24.881852367279251],[121.11600657300001,24.881897019279219],[121.11593602600013,24.88197492727927],[121.11588062899999,24.882009278279277],[121.11574461299999,24.882128416279262],[121.11564393500012,24.882156996279239],[121.11556463800005,24.882190184279324],[121.11551555299998,24.882207349279234],[121.11546770700012,24.882237116279295],[121.11541987100006,24.882262308279238],[121.11526625300004,24.882371101279269],[121.11518313000009,24.882445561279216],[121.11512269999999,24.882478769279299],[121.11500561600005,24.882548612279212],[121.11490746400004,24.882566882279207],[121.114774095,24.882581684279273],[121.11469232700007,24.882577014279242],[121.11460175500004,24.882572363279216],[121.114503657,24.88254935227927],[121.11442566300005,24.882545846279243],[121.11429865200002,24.882504466279205],[121.11421312400002,24.882491791279218],[121.11411246899996,24.882500870279266],[121.114034455,24.882513426279235],[121.11388599599998,24.882521331279268],[121.1138218320001,24.882524720279278],[121.113733786,24.882510893279296],[121.11365327300007,24.882509672279269],[121.11355134299998,24.882532519279216],[121.11348840600012,24.882559986279254],[121.11344306600009,24.882597788279291],[121.11339393800003,24.882649341279198],[121.11335866199995,24.882689454279237],[121.11330319300005,24.882779981279249],[121.11323642600006,24.882851013279264],[121.11313946700002,24.882922023279185],[121.11309789599997,24.882964408279229],[121.11301981300005,24.883030844279208],[121.11295685500009,24.883075512279273],[121.11285105300004,24.88317288227924],[121.11272261300007,24.883266805279199],[121.112672244,24.883302306279205],[121.11257277400003,24.883369878279197],[121.11252489199997,24.883429458279235],[121.11239642700001,24.883540568279201],[121.11231328500004,24.883631079279226],[121.11228429900005,24.883666602279231],[121.11225407300005,24.883691795279184],[121.11219739999997,24.883738759279254],[121.11213446200009,24.883768518279222],[121.11199974600002,24.883849822279199],[121.11192039099994,24.883925433279241],[121.11187001699997,24.883964375279266],[121.11179320500001,24.884019344279288],[121.11174660599997,24.884059437279213],[121.11166853399999,24.884115555279241],[121.11163454600002,24.884133872279243],[121.11149734100005,24.884192235279176],[121.11146081700004,24.884222011279256],[121.11135757400001,24.884286136279222],[121.11129841600011,24.884309014279161],[121.11113603200008,24.884382265279179],[121.11106803500005,24.884429211279166],[121.11101640100006,24.884471593279205],[121.11091944300001,24.884536868279188],[121.11087159500006,24.884571231279196],[121.11078972500002,24.88464683227922],[121.11067635200006,24.884759105279183],[121.11062470800005,24.884809513279194],[121.11056174000009,24.884858765279166],[121.11050509600001,24.884882796279204],[121.11044090100003,24.884907970279244],[121.11020170400006,24.885035034279174],[121.11013246400002,24.885071668279199],[121.110051869,24.88513122627915],[121.10997004700005,24.885167842279252],[121.10991087199996,24.885199902279233],[121.10975734700004,24.885235314279136],[121.10970070699999,24.88525476027916],[121.10966418799998,24.885281094279208],[121.10953575800009,24.885364695279193],[121.10948666000003,24.885387582279208],[121.10936955800003,24.885467742279179],[121.10933806400008,24.885498669279166],[121.10924863099996,24.885583439279159],[121.10913402199998,24.885678513279199],[121.10903705300005,24.885752960279152],[121.10891366400004,24.885828538279188],[121.10881545399999,24.885889218279139],[121.10875628100008,24.885921277279227],[121.10872226900003,24.885954490279207],[121.10865178300006,24.885979658279151],[121.10853093099999,24.88604032727913],[121.10843528800001,24.886060882279235],[121.10835983500004,24.886034439279165],[121.10827560300001,24.885991949279195],[121.10824365300003,24.885986157279174],[121.10810677599999,24.885970502279211],[121.10802748,24.885959958279123],[121.10795823200013,24.885962096279219],[121.10789021300002,24.885976842279202],[121.10781336000007,24.886001898279222],[121.10776663400009,24.886069484279218],[121.10775135600005,24.886149784279201],[121.10777886900004,24.886237062279232],[121.10781018600005,24.886311740279183],[121.10783149200005,24.886357690279173],[121.10789296900006,24.886457682279179],[121.107931902,24.886502533279163],[121.10798213599996,24.886562337279226],[121.10805752500001,24.88663481927917],[121.10812792200012,24.886685500279196],[121.10824435000009,24.886749789279175],[121.10836887000001,24.88681985827921],[121.10841538900002,24.886841692279148],[121.10852223800008,24.886909428279154],[121.10862530200008,24.886985182279112],[121.10871832500005,24.887043747279154],[121.10886912700001,24.887172292279143],[121.10899230000007,24.887262975279178],[121.10911298700003,24.887331873279113],[121.10915950700006,24.887354845279141],[121.10922610700005,24.887415666279207],[121.10927635900003,24.887468446279126],[121.10931025400011,24.887524669279159],[121.10931517599997,24.887609525279167],[121.10930631200003,24.887654231279122],[121.10928612000006,24.887701220279098],[121.10923701400007,24.88773098727917],[121.10914888600006,24.887779084279135],[121.10911362300008,24.887806555279113],[121.10907205300009,24.887846664279142],[121.10905940400002,24.887900538279162],[121.10907063900005,24.887967052279159],[121.10911711000001,24.888027851279123],[121.10916107600011,24.888078351279123],[121.10922142500011,24.888109357279124],[121.10926163600007,24.888144935279136],[121.10939362200006,24.88823219027914],[121.10953066400012,24.888301093279072],[121.10956457100008,24.888350428279153],[121.10963494799995,24.888407815279109],[121.10969023100009,24.88846519727915],[121.10975306200004,24.888522572279101],[121.10981336599995,24.888587984279184],[121.10988623800007,24.888661422279128],[121.10991511400005,24.888708458279101],[121.109970381,24.88877845227913],[121.110001732,24.888856444279096],[121.11006577200006,24.888950528279153],[121.11012221000014,24.88908700627907],[121.110162371,24.889162725279117],[121.11021507100008,24.889270539279064],[121.11023764700008,24.889325589279089],[121.11028531700003,24.889431124279117],[121.11034175900008,24.889564172279105],[121.11037180800008,24.889675418279079],[121.11038551200006,24.889779767279087],[121.11041935200002,24.889880699279097],[121.11045698300001,24.889967868279111],[121.11053108600002,24.890064247279078],[121.11058512300006,24.890111300279074],[121.11064919800003,24.890182442279098],[121.11071449100001,24.890281103279076],[121.11075213100001,24.890360246279052],[121.11079978500005,24.890481823279075],[121.11081475900005,24.890573560279108],[121.11084359400003,24.890654993279099],[121.11085986600007,24.890720367279087],[121.11088367199999,24.890794913279127],[121.11092129399999,24.890887818279079],[121.11097526,24.890991055279102],[121.11098773700007,24.891072474279078],[121.110998987,24.891130970279029],[121.11101648100006,24.89122270527908],[121.11101768100006,24.891267422279043],[121.11101757900005,24.891345382279003],[121.11098730500011,24.891406140279056],[121.11094067400006,24.891469158279037],[121.11089281200013,24.891510390279066],[121.11084116100002,24.891561944279065],[121.11082850000003,24.891622708279041],[121.11082840000003,24.891702962279098],[121.11084333700002,24.891823373279028],[121.11085835300003,24.891888736279011],[121.11085070200009,24.891967860279074],[121.11082921700007,24.892042361279021],[121.11078881600004,24.892151248279053],[121.11076228999998,24.892231485279034],[121.11074702800012,24.892358745279083],[121.11072424200002,24.892466499279013],[121.11071155000002,24.892551348279103],[121.11068628599999,24.892629292279082],[121.11065099499999,24.892678560279052],[121.11059173800007,24.892774820279033],[121.11055137100001,24.892853913278998],[121.11052866700003,24.892899758278983],[121.11052225200001,24.892996062279039],[121.11054609800011,24.893041935279097],[121.11058125200009,24.893098157279034],[121.11062649800012,24.893136035278978],[121.110670461,24.893192250279007],[121.11068675900002,24.893235835279061],[121.11069423000002,24.893296610279027],[121.11070793799999,24.893398667279033],[121.11069651700002,24.893474344279078],[121.110701414,24.893577535278997],[121.11069755300005,24.893645181278998],[121.11068609900006,24.893744935278995],[121.11067465500001,24.893840077278956],[121.11064819200013,24.893871009279025],[121.11060787900009,24.893911108278974],[121.11053868700003,24.893906464279027],[121.11049715900005,24.893913312278986],[121.11046189700006,24.893938510279021],[121.11041149399998,24.893996935279056],[121.110383777,24.894025585279024],[121.1103547700001,24.894080589278953],[121.11030936500008,24.894165409279047],[121.11025133799996,24.894282308279031],[121.11023996200001,24.894323577278975],[121.11021219900013,24.894386607278953],[121.11020708700005,24.894447389278994],[121.110218354,24.894488669278953],[121.11020692800003,24.894571208278943],[121.11018289900007,24.894666348279006],[121.11015261600008,24.894731675278983],[121.11010725800004,24.894780950278975],[121.11004676900001,24.894856573279018],[121.11001147400012,24.894905849279002],[121.10998245600003,24.894967733279071],[121.10995974300008,24.895019311278983],[121.10993574100006,24.895092678279013],[121.10991423800006,24.895182094278947],[121.10988514000005,24.895305896278973],[121.10985865000008,24.895356331278961],[121.10984726700001,24.895402186278947],[121.10983711000009,24.895473266278955],[121.10983320000003,24.895576446278973],[121.10983939099998,24.895654428278934],[121.10986068600008,24.895725531279048],[121.10990087000003,24.895786336279013],[121.10993226700005,24.895828791278966],[121.10996997499998,24.89585748327903],[121.11001524600009,24.89587701527897],[121.11006426599997,24.895914890278988],[121.110084336,24.895961922278964],[121.11010316000007,24.89599976527899],[121.11010683400002,24.896076595278949],[121.11008662300003,24.896137344279005],[121.11006514300003,24.896207276279018],[121.11003615200002,24.896248523278953],[121.109961825,24.896319540278977],[121.10993031300006,24.896365393278945],[121.10985972200001,24.89646508327893],[121.10976643800009,24.896603739278945],[121.10973493000006,24.896642703278971],[121.10967442500009,24.896728645278976],[121.10964416500009,24.896779063278974],[121.10960382699997,24.896835214278997],[121.10952442800004,24.896937186278901],[121.10947148800003,24.897011674278939],[121.10943745700004,24.897057510279001],[121.1094071760001,24.897122836278896],[121.10936432800004,24.897174400278978],[121.10932145800004,24.897244304278999],[121.10929116400003,24.897318802278942],[121.10925207199999,24.897387583278942],[121.10921045400001,24.897460916278881],[121.10917766900006,24.897517069278919],[121.10914865800004,24.897572083278934],[121.10909942400005,24.897694717278949],[121.10907169100007,24.897738273278915],[121.10905948000004,24.897740790278934],[121.109044001,24.897743981278943],[121.10896726200006,24.897737049278899],[121.10893205400006,24.897717511278881],[121.108875471,24.897692244278918],[121.10881007100011,24.897670398278901],[121.10875346900004,24.897658893278926],[121.10872328100004,24.897650833278959],[121.10859750499999,24.89761862127887],[121.10851576000009,24.897589890278898],[121.10844659700004,24.897561166278919],[121.10741437400007,24.89719544627895],[121.10731498400001,24.897158482278904],[121.10723824500008,24.897126152278908],[121.10717535000002,24.897097307278919],[121.107014314,24.897033788278993],[121.10679795799997,24.896932256278948],[121.10672749700009,24.896909130278985],[121.10666460800003,24.896876844278982],[121.10661430700006,24.896846869278892],[121.10653254800003,24.896806507278935],[121.10638032799996,24.896743010278914],[121.10616143299995,24.896651798278914],[121.10590729500008,24.896553621278979],[121.10573113500008,24.896499232278906],[121.10556127800005,24.896440288278921],[121.10548957500006,24.896407980278919],[121.10534109400012,24.896362844278919],[121.10527818900009,24.896338583278947],[121.10515739400002,24.896301553278906],[121.10499633300003,24.896250663278959],[121.10484784900007,24.89620782027896],[121.10474342600006,24.896167400279001],[121.10468552300009,24.896160362278952],[121.10459492800013,24.896131454278958],[121.10448418200011,24.896104779278975],[121.10430042599998,24.896067583278914],[121.10425763900001,24.896058297278941],[121.10408899600009,24.896020008278974],[121.10398200000012,24.896005962278966],[121.10383852000007,24.895978064278964],[121.10362204899999,24.895931609278943],[121.103555347,24.895916525278935],[121.10342196100005,24.895879464278988],[121.1033011830001,24.895834396278982],[121.10323197199997,24.895815863278965],[121.10310615299996,24.89577194627897],[121.10297530400004,24.895724555278964],[121.10286836200008,24.895686420278995],[121.1027400170001,24.895647080278945],[121.10266708400003,24.895602132278956],[121.10243936100002,24.895520084278925],[121.10226449100003,24.895451932278966],[121.10220286199998,24.895420790278973],[121.10205691200009,24.895371070278941],[121.10196126600009,24.895350172278995],[121.10178260200004,24.89528773527897],[121.10159134300002,24.895229884278994],[121.10149192399997,24.895206685278939],[121.10140258400004,24.895178911278951],[121.10130568600002,24.895154563278979],[121.10111941700008,24.89511852327901],[121.10096962000001,24.895100919278981],[121.10087523400001,24.895078881279016],[121.10075060800001,24.895064789278997],[121.10066379000001,24.895038178278938],[121.10048379500005,24.89501132327894],[121.10033651600011,24.894993736279002],[121.10026601500006,24.894988970279034],[121.10012883400007,24.894961064279045],[121.10008102100002,24.894944883278946],[121.09988717500005,24.894917999279034],[121.09975881100003,24.894888977278953],[121.09966312900011,24.894882990278987],[121.09960145300015,24.89487365227901],[121.09944666000003,24.894838841278965],[121.09936990900007,24.894813405278995],[121.099202502,24.894787714279008],[121.09896335500002,24.894748083279019],[121.09883370600002,24.894729391278972],[121.09877077600007,24.894718905278996],[121.09870909700011,24.894711858278953],[121.09862980600003,24.894695596279018],[121.09854297299995,24.894675854278994],[121.09841080000002,24.894659456278958],[121.09824719600009,24.894622320279005],[121.09794646899998,24.894532035278985],[121.09776904100013,24.894483379278967],[121.09762810100003,24.894446292279],[121.09751609799999,24.894419605279019],[121.09747079799996,24.894406867279042],[121.09743305499995,24.894394161279049],[121.09735756300002,24.894368706278982],[121.09726319100004,24.894340933278993],[121.09709203500007,24.894302627279025],[121.09690075900006,24.894252779278983],[121.09681013800002,24.894236487278981],[121.096676741,24.894205154279032],[121.09652072399997,24.894153116279],[121.09643262200005,24.894136823278981],[121.09627027700003,24.894100831279033],[121.09615952200012,24.894078746278979],[121.09600849500005,24.89404851727905],[121.09594178700004,24.89403686827897],[121.09582850299998,24.894020510279052],[121.09561076100009,24.893980923278967],[121.09553400500013,24.893958924279016],[121.09544462400002,24.893950668279043],[121.09536533400001,24.893935541279031],[121.09530243200005,24.893912430278981],[121.09489088300003,24.893828739279002],[121.09479649300013,24.893810137278969],[121.094624102,24.893761492279026],[121.09423017100009,24.893684737278981],[121.09414081700005,24.893664995279035],[121.09401875999998,24.893631395279009],[121.09394703000009,24.893612850278988],[121.09371794800006,24.893578966279023],[121.09357319299998,24.893559095278974],[121.09351654500009,24.893554354279033],[121.09343853400001,24.893528905279059],[121.09329755200011,24.893512472279031],[121.09322960799996,24.893490503279001],[121.09312512400004,24.893481044279003],[121.09286455200005,24.893452829278992],[121.09276890700005,24.893430777279029],[121.09266569100011,24.893416747279019],[121.09259773000008,24.893403934279018],[121.09238873700004,24.893394214279027],[121.09226659300005,24.893398488279018],[121.09220489600003,24.893398327279005],[121.09217569100008,24.893397143278992],[121.09205381700005,24.893392200279038],[121.09200094600011,24.893387475278992],[121.09180203100007,24.893375471278972],[121.09163711300003,24.893364712278984],[121.091518755,24.893364414279048],[121.09139914400005,24.893364089279018],[121.09132736400007,24.893367340279017],[121.09127197399999,24.893362615278988],[121.09118379000009,24.893383036278994],[121.09111698800005,24.89341385627905],[121.09107283900006,24.893449302279038],[121.09105135100005,24.893485979278971],[121.09097562699998,24.893563815279013],[121.09095036200003,24.893599322279012],[121.09091121499999,24.893649715279022],[121.090875801,24.893719617279025],[121.09078486100012,24.893845612278966],[121.09072174800002,24.893914304279061],[121.090719161,24.893945291279042],[121.09067748800011,24.893999117279055],[121.090633299,24.894051789278972],[121.09059919900002,24.894097602279025],[121.09057140800002,24.894137687278974],[121.09048802200007,24.894262575278997],[121.09038569599993,24.894409178278952],[121.090196285,24.894649668278959],[121.09013062000005,24.894733284279038],[121.09003971600008,24.89484205227896],[121.08996020800011,24.894922173278928],[121.08988450700005,24.894989681279014],[121.0897797880001,24.895081210278949],[121.08968640600007,24.895172769278965],[121.08957411900003,24.895270021279025],[121.08951485000001,24.895310035278964],[121.08942150500002,24.89538438627898],[121.08933829899998,24.895428920279013],[121.08920842799999,24.895508908278973],[121.08903575200007,24.895585338278984],[121.08896647800012,24.89559433527894],[121.08883161399999,24.895653662278963],[121.08876737099997,24.895666114278921],[121.088616128,24.895729981278969],[121.0884207380001,24.895828156278917],[121.08835772200003,24.895852091278936],[121.08822283700013,24.895921735278936],[121.0881472120001,24.895955962279],[121.08797450800003,24.896042728278992],[121.08780310799997,24.896109982278968],[121.08757758800004,24.896170210278974],[121.08746036000002,24.896224983278973],[121.08727510700005,24.896294501278945],[121.08708859000001,24.896364005278919],[121.08701427900006,24.896372994278952],[121.08695253400002,24.896392333278957],[121.08678371800006,24.89643205827895],[121.08666653400006,24.896467329278938],[121.086544277,24.89651979227893],[121.08648494899998,24.89658389327899],[121.08645459300011,24.896642343278938],[121.08641160600001,24.896717973278975],[121.08636096800002,24.896836039278881],[121.08633055000008,24.89692201827889],[121.08624451900005,24.897099658278947],[121.08618881599996,24.8972291962789],[121.08613575600012,24.897303647278928],[121.08606379000001,24.897388377278926],[121.08598938100009,24.897439819278919],[121.08584175700004,24.897571404278963],[121.08576353500004,24.897637755278947],[121.085687921,24.897665089278991],[121.08559076700007,24.89775090927899],[121.08551387100007,24.897788574278902],[121.08545211400003,24.897813655278934],[121.08533746900005,24.897839740278876],[121.08527072200003,24.897845303278892],[121.08519643400003,24.897842818278949],[121.08514858300008,24.897842692278932],[121.08505661099998,24.897866544278955],[121.08490919100007,24.897908610278883],[121.08483481300003,24.89794513727897],[121.08457392000004,24.898051172278947],[121.08448691000002,24.89810602427896],[121.08434929800001,24.898253230278961],[121.08427765500001,24.898326970278937],[121.084217315,24.898377410278929],[121.08418086000002,24.898404932278915],[121.08413308300007,24.898438175278898],[121.08409411000002,24.898457671278912],[121.08401740899997,24.898486343278879],[121.083958315,24.898518444278881],[121.08380870699995,24.89861703927895],[121.083745841,24.89864915427885],[121.08367921200006,24.898698450278932],[121.08363395600004,24.89873169227894],[121.08355601199999,24.89878787427887],[121.08352961100006,24.898808502278889],[121.08348057300007,24.898829149278921],[121.08344160000006,24.898854371278954],[121.08336236700006,24.898852094278944],[121.08329698200005,24.898873889278878],[121.08319628100001,24.898851193278958],[121.08308630500004,24.898945802278881],[121.08300936600008,24.898995970278943],[121.08289848200005,24.899043721278893],[121.08265680600003,24.899092076278905],[121.08260911000001,24.899072392278871],[121.08248100700006,24.899035195278906],[121.08243453600004,24.899022391278908],[121.08231141000006,24.898996692278907],[121.08207498300013,24.898998049278848],[121.08195298400007,24.899001005278915],[121.0818613150001,24.898971975278911],[121.08179477600002,24.898947626278861],[121.08167684500006,24.898886377278849],[121.0815176560001,24.898772200278916],[121.08130078300009,24.898622237278936],[121.08098341900006,24.898446670278886],[121.08086923500001,24.898391161278923],[121.08073734500012,24.898357385278892],[121.08063675399994,24.898354704278912],[121.08052726100006,24.898372622278892],[121.08036736500004,24.898413283278977],[121.0802275110001,24.898471230278965],[121.080132945,24.898525912278959],[121.08004346100007,24.898567996278885],[121.07996409000009,24.898599791278937],[121.07983448600011,24.898616493278904],[121.07957537000009,24.898629234278882],[121.0794596110001,24.898642542278914],[121.07935387800005,24.898663923278921],[121.079256982,24.898677292278876],[121.07911601400008,24.898704271278969],[121.07893979299996,24.898739123278926],[121.07881900500001,24.898752414278867],[121.07872342100001,24.898754333278937],[121.07862666400001,24.898737898278917],[121.07845204100011,24.898699358278925],[121.07827483000004,24.898675716278923],[121.07816795500004,24.898671853278863],[121.07808621700005,24.898671535278918],[121.07794911800009,24.898676726278907],[121.07765987400005,24.898677878278928],[121.07744097700004,24.898695372278951],[121.07724733900001,24.898688873278939],[121.0771077400001,24.898690616278902],[121.07695170200004,24.898711778278884],[121.07683695099998,24.89878015527885],[121.07676380400005,24.898824594278892],[121.07666537999999,24.898896459278877],[121.07646324800004,24.899096371278898],[121.07635965700001,24.899198040278968],[121.07625594900004,24.899324944278884],[121.0761738650001,24.899399174278905],[121.07614489900001,24.899408235278848],[121.07590340400009,24.899416448278917],[121.07570595900002,24.899417964278864],[121.07559900700005,24.89943016127889],[121.07540287000009,24.899420195278864],[121.07523812400002,24.899420701278896],[121.07515382499997,24.899429538278838],[121.07504552200008,24.89946238427888],[121.07496236900015,24.899495299278946],[121.07457314699998,24.899631391278916],[121.07451521200009,24.899649512278909],[121.07438289199996,24.899708635278913],[121.07429085300008,24.899759882278893],[121.07411191300002,24.899838301278898],[121.07396961200006,24.899880173278884],[121.07383115100005,24.899907155278918],[121.07367268299998,24.899909970278866],[121.07361106699996,24.899908574278847],[121.07354453900004,24.899881929278859],[121.0733925430001,24.899844615278891],[121.07320785700009,24.899806038278889],[121.07302576600003,24.8997502672789],[121.07289270500003,24.899698119278845],[121.07263776800008,24.899621404278896],[121.07247451400009,24.899571437278944],[121.07236016600004,24.899552632278894],[121.07218020800005,24.899578298278872],[121.07199392500002,24.899613111278914],[121.07183405100001,24.899648028278882],[121.07169436000002,24.899669269278856],[121.07154345800005,24.899667518278893],[121.07141655600002,24.899642929278905],[121.07132125800004,24.899582900278904],[121.07126231300005,24.899548259278891],[121.07118957700007,24.899504388278896],[121.07109914500006,24.899479937278919],[121.07105499000014,24.899509581278885],[121.07099782100012,24.899634381278908],[121.07097061,24.899806307278926],[121.07093968700009,24.899965602278858],[121.07093542900009,24.900069945278876],[121.07092721200003,24.900214441278838],[121.07092145699998,24.900369255278935],[121.07092613500004,24.900444967278897],[121.07091806700008,24.900557348278863],[121.07091268699997,24.900633019278821],[121.07093315200008,24.900829217278879],[121.07095514100006,24.900968083278826],[121.07093716300005,24.901047145278884],[121.07091807399999,24.90109524027887],[121.07087875400012,24.901167349278879],[121.07083563900002,24.901244023278831],[121.07077330600009,24.901396310278805],[121.07071485599995,24.901524532278845],[121.07067667600008,24.901621859278912],[121.070628507,24.901703113278788],[121.07053850100013,24.901856441278856],[121.07039325700009,24.901988904278792],[121.07032125800001,24.902056280278877],[121.07021528000008,24.902129263278859],[121.07012950300012,24.902185117278876],[121.0699832790001,24.902257937278858],[121.06978406500004,24.902367246278825],[121.06957988000011,24.902463921278841],[121.06944128200008,24.902519566278816],[121.0693478960001,24.902587999278801],[121.06920767200005,24.902722770278842],[121.06908794000002,24.902778513278836],[121.06889769300005,24.902852291278808],[121.06863434900005,24.902959058278846],[121.06855998100001,24.902995449278833],[121.06847933800007,24.903028387278809],[121.06835844200013,24.903063455278772],[121.06816564300006,24.903145268278802],[121.06803335900005,24.903195193278844],[121.06790748100001,24.903219926278847],[121.06776537699999,24.903218212278791],[121.06769012299999,24.903174321278804],[121.06759376700009,24.903071866278768],[121.06753103900007,24.903039499278844],[121.067371286,24.903046867278835],[121.06721029399998,24.903049684278798],[121.06705543799994,24.903085760278856],[121.06694700100006,24.903144944278857],[121.06694409300007,24.903228677278857],[121.06693009600005,24.903264174278778],[121.0668005,24.903276284278803],[121.06670864300006,24.903287377278826],[121.06661548500006,24.903306487278812],[121.06636872800007,24.903361697278857],[121.06626681100009,24.903372757278788],[121.06618372600005,24.903389624278763],[121.06610063700009,24.903407645278833],[121.06598983800006,24.903434726278768],[121.06574187300008,24.90347959827875],[121.06552410000009,24.903522308278816],[121.06542215900001,24.903537954278775],[121.06523082700006,24.903573891278818],[121.06496398200002,24.903622128278812],[121.06489219800001,24.903642483278801],[121.06480660100004,24.903659350278772],[121.06463918699997,24.903690788278801],[121.06448683000006,24.903729171278787],[121.06439243400006,24.903744840278836],[121.06428790100003,24.903776529278797],[121.06420223600006,24.903807137278758],[121.06403585700005,24.903885611278849],[121.0638959390001,24.903952715278802],[121.06379896500006,24.903982138278749],[121.06372333300011,24.90401854527882],[121.06363509300003,24.904061766278854],[121.06344604500011,24.904147021278792],[121.06333131300003,24.904207344278806],[121.06326075800004,24.904234587278754],[121.06314601500006,24.904297203278794],[121.06309938300002,24.904318810278795],[121.06295943000008,24.904392793278788],[121.06286857600003,24.904456654278746],[121.06267698799996,24.904547635278799],[121.06255480700007,24.904587284278779],[121.06244533299997,24.904599455278827],[121.06235113300012,24.904573846278755],[121.06226705800007,24.90453336027878],[121.06219814000004,24.904480319278839],[121.06212162500003,24.904437574278845],[121.06203395300005,24.904361519278787],[121.06194372399996,24.904293482278835],[121.06182471700006,24.904194371278816],[121.06173329200007,24.904113720278787],[121.061684537,24.904051590278815],[121.06162697700006,24.903990571278833],[121.06152806900003,24.903896101278832],[121.06141277900009,24.903809630278769],[121.06132740600005,24.903778317278761],[121.06126084900004,24.90375739827881],[121.06115159500006,24.903723694278771],[121.06106370300007,24.90369352127885],[121.06096945500009,24.903678230278839],[121.060866472,24.903647990278817],[121.06078093100004,24.903652232278812],[121.06069787999999,24.903662224278836],[121.06061476800005,24.903684821278841],[121.06051900500003,24.903723430278838],[121.06041946000006,24.903763168278836],[121.06035510100004,24.9038099252788],[121.06026292400009,24.903887543278831],[121.060200963,24.903958397278828],[121.06015410200003,24.904027025278822],[121.06010342100002,24.90410595327878],[121.06003506800005,24.904198576278795],[121.05995794899997,24.904283132278778],[121.05990599300004,24.904365502278836],[121.05986170800011,24.904421524278856],[121.05982123400003,24.904470673278745],[121.05978576100003,24.904524434278745],[121.059739099,24.904551774278804],[121.0597062930001,24.904574573278722],[121.05964700300001,24.904612185278818],[121.05960032300005,24.904642963278796],[121.05951212200003,24.904678155278763],[121.05944908000006,24.904711161278836],[121.05934705600004,24.904744011278797],[121.05924634699998,24.904764247278777],[121.05918204799998,24.904797255278762],[121.05910145499998,24.904818702278746],[121.05889610699995,24.904892403278811],[121.05881417500001,24.904931077278817],[121.05874486000008,24.904961755278773],[121.05865535400004,24.905006130278796],[121.05851791400003,24.905081264278714],[121.05838543099996,24.905171331278783],[121.05828586300001,24.905215655278724],[121.05820173900005,24.90530152127873],[121.05811525600009,24.905343926278775],[121.05801947100008,24.905404716278731],[121.057918628,24.905481577278707],[121.05783165000001,24.905553858278729],[121.05771567300008,24.90565827127876],[121.05761605500003,24.905773035278838],[121.05758072899999,24.905833874278706],[121.05758066700002,24.9058993312787],[121.05757433700002,24.905933776278804],[121.05758059800007,24.905970529278733],[121.05761330699997,24.906011902278696],[121.05763971900001,24.906056711278762],[121.05768627100004,24.9061118662787],[121.05776681700004,24.906183133278745],[121.05788135500002,24.906272813278786],[121.05797197399998,24.90634753427873],[121.05803112800008,24.906399254278757],[121.05806761799998,24.906438334278793],[121.058114164,24.906500386278765],[121.05822769399997,24.906610038278696],[121.05838696800001,24.906694437278748],[121.05852245000005,24.90676725327873],[121.058570109,24.906794970278721],[121.05868664800002,24.906883763278689],[121.05873813000002,24.906901168278704],[121.05883712300005,24.906977277278699],[121.05899510200008,24.907079985278749],[121.05904400700003,24.907110013278764],[121.05907784000007,24.907136534278735],[121.05911284000004,24.907181401278699],[121.05912264499996,24.907235351278732],[121.05912689000004,24.907400526278717],[121.05911500199994,24.90751975127872],[121.05911675100002,24.907680321278761],[121.05913140399998,24.907773283278733],[121.05914852700006,24.907874286278741],[121.05915212100001,24.907912142278764],[121.05916309200001,24.90798559427871],[121.05917157300011,24.908053314278714],[121.05914709500003,24.908174773278727],[121.05912536900009,24.908248093278662],[121.05907198900003,24.908364854278727],[121.05904412600003,24.908404888278664],[121.05902374900002,24.908458705278765],[121.05897559600007,24.908534213278703],[121.05889316999999,24.908676091278711],[121.05885769799998,24.908729852278718],[121.05878286800008,24.908861444278674],[121.05876492200002,24.908932478278693],[121.05869273300002,24.909037698278695],[121.05862159700008,24.909185359278656],[121.0586099760001,24.909248392278631],[121.05855405400007,24.909370885278726],[121.05852605200008,24.909440731278721],[121.05849556600003,24.90950369127869],[121.058409361,24.909646700278618],[121.05835106299999,24.909739363278661],[121.05830907800005,24.909840120278627],[121.05837053099998,24.909877076278661],[121.05836663700002,24.909902285278708],[121.05822939599994,24.910102410278661],[121.0582041470001,24.910247409278664],[121.058169806,24.910270680278636],[121.05813320199998,24.910348736278706],[121.05812432200005,24.910414188278686],[121.05811161699998,24.910527870278681],[121.05809516000012,24.910615136278608],[121.05810262100012,24.910717363278632],[121.05811134700002,24.910812683278621],[121.05811127500013,24.910888477278668],[121.058123814,24.910949351278642],[121.058143887,24.911033200278659],[121.05816269100002,24.911128543278632],[121.05818023200004,24.911229607278646],[121.058191489,24.911312307278639],[121.05820469700004,24.911399597278677],[121.05823121400012,24.91390446827857],[121.05833998800004,24.914161846278542],[121.05834728900004,24.91421349527856],[121.05839450100002,24.914335262278591],[121.05844194200004,24.914408852278541],[121.05857019700009,24.91468004527859],[121.05859510000002,24.914732905278534],[121.05863608200002,24.914843181278592],[121.05867347200001,24.91491444727853],[121.05880903800005,24.915234994278588],[121.05883519300008,24.915289002278513],[121.05889490399996,24.915426879278563],[121.05892601499993,24.915496964278585],[121.05898946900004,24.915641729278573],[121.05906423899999,24.915787697278564],[121.05910425900004,24.915836029278562],[121.0591792,24.915945291278547],[121.05921924300004,24.915989035278521],[121.05927919100004,24.916077599278555],[121.05940539400001,24.916252449278534],[121.05946418900008,24.916319209278473],[121.05957938000009,24.91642978927857],[121.05962814700005,24.916489619278543],[121.05966062500006,24.916536780278527],[121.05970539800003,24.916642476278479],[121.05975115500009,24.916806660278571],[121.05978356800003,24.916867588278539],[121.05981437600009,24.917000765278541],[121.05983145500007,24.917112078278514],[121.05987086500014,24.917287730278474],[121.05990302200004,24.917402550278549],[121.05993410500005,24.917478367278523],[121.06000144000002,24.917601363278475],[121.06007125200003,24.917732392278481],[121.06014722600001,24.91788983627854],[121.06019961600008,24.917981797278514],[121.06025943600005,24.918097887278524],[121.0602954950001,24.918185188278464],[121.06032404900007,24.918264455278528],[121.06037876299997,24.918396574278532],[121.06039479099996,24.918464299278458],[121.06041199600006,24.918549241278466],[121.060413642,24.918576506278505],[121.06041899,24.918665119278455],[121.06043238499997,24.918758062278506],[121.06045181700007,24.918903810278483],[121.06046121000003,24.919043774278514],[121.06046587700007,24.919119486278468],[121.06049790400006,24.919261843278431],[121.06051640100009,24.919338757278492],[121.06054968600009,24.919481105278454],[121.06059182100002,24.919613184278454],[121.06061040200005,24.91967290027852],[121.06067517399998,24.919806205278519],[121.06069750599997,24.919870506278425],[121.06076228300002,24.920002684278437],[121.06083459300014,24.920137169278462],[121.06084321900005,24.92017505027848],[121.0608567200001,24.920245060278404],[121.06086276200006,24.920296710278418],[121.06084747800003,24.920336793278452],[121.06076812200003,24.920360553278467],[121.06063463200009,24.920394410278504],[121.06051116,24.920437489278438],[121.0604381190001,24.920455549278422],[121.06028827800004,24.920489348278455],[121.06022023200002,24.920515450278483],[121.06015843300004,24.920549602278463],[121.06011051300007,24.920575778278408],[121.06008764099994,24.920623863278397],[121.06008863600005,24.920678919278419],[121.06011356400006,24.920727194278413],[121.06014614400009,24.92075255927838],[121.06019500300013,24.920794043278445],[121.06025878999999,24.920870002278413],[121.06032014100001,24.920928752278478],[121.06035879300011,24.921000016278423],[121.06041746900009,24.921093156278484],[121.06047624300005,24.921164513278427],[121.06052133700004,24.9212036872784],[121.06054623300008,24.921258841278423],[121.06057485000004,24.921324331278424],[121.060617221,24.921407078278431],[121.06064448800011,24.921492070278447],[121.060660416,24.921580441278387],[121.06067259799997,24.921664222278388],[121.06066597000003,24.921735297278403],[121.06065775600007,24.921875187278424],[121.0606649570001,24.921947484278455],[121.06066896500008,24.922161971278435],[121.06066736300014,24.922234219278366],[121.06066682500001,24.922346614278343],[121.06068113900002,24.922509544278409],[121.06070403,24.922721814278383],[121.06072722200001,24.922869862278375],[121.06074698100005,24.922946785278423],[121.06077309499999,24.923009974278408],[121.06079049000004,24.923054775278388],[121.06083672900003,24.923118046278383],[121.06087142099999,24.923235024278377],[121.06087154600009,24.923247500278347],[121.06091051599999,24.923326862278433],[121.06092559300011,24.923369291278384],[121.06093689799995,24.923409425278333],[121.060948188,24.923483960278364],[121.06095318800007,24.923559653278421],[121.06094434100005,24.923657118278385],[121.06093676700003,24.923725918278397],[121.06092540200007,24.92382682727839],[121.060911538,24.923888750278369],[121.06089639900009,24.923987365278339],[121.06086237500001,24.924136438278332],[121.060847244,24.924213259278385],[121.06080442000003,24.924346275278371],[121.06078426500005,24.924410482278365],[121.06074522200001,24.92452171227831],[121.06070368300006,24.924580189278362],[121.06066844000007,24.924631783278368],[121.06061809600006,24.924686823278385],[121.06058285500001,24.92472924327835],[121.06055390199998,24.924773956278408],[121.06052243800004,24.924808358278312],[121.06043811400001,24.924902379278368],[121.06035001300008,24.924991805278299],[121.06029588900005,24.925072071278375],[121.06023925200009,24.925139718278373],[121.06018261400001,24.925199338278322],[121.06009074100002,24.925294500278302],[121.06001648500002,24.925373619278368],[121.05997369600004,24.925419482278329],[121.05989944500001,24.925487127278334],[121.05985162300004,24.925530691278293],[121.05983525800004,24.925551335278307],[121.05976100500003,24.925630446278369],[121.05969681800003,24.925700388278297],[121.05965527500008,24.925763449278364],[121.0596225270001,24.925860917278342],[121.05959859399999,24.925937740278304],[121.059575911,24.926024883278309],[121.05954945600001,24.92610973427832],[121.05951294499999,24.926175097278296],[121.05948272200007,24.926249621278341],[121.05941851600002,24.926359703278298],[121.05939836600012,24.926417034278337],[121.05937946299997,24.926486975278266],[121.05934545400009,24.926584451278327],[121.05932025500006,24.92668077727831],[121.05931142400004,24.926735808278327],[121.05927737800006,24.92692156527832],[121.05922947900001,24.927138286278311],[121.059220633,24.927233457278284],[121.05921682300003,24.927319457278287],[121.05922058200008,24.927349275278353],[121.05922305999999,24.927441021278305],[121.0592123700001,24.927520023278273],[121.05920413000004,24.927580916278334],[121.05920033299999,24.927633663278264],[121.05917136100001,24.927721953278276],[121.05915372600003,24.927772404278283],[121.05913357799997,24.927819422278354],[121.05907945600003,24.927887066278338],[121.05901023300008,24.927955855278256],[121.05896869200001,24.928014330278295],[121.05892211500006,24.928090007278353],[121.058888119,24.928151929278311],[121.05885411799996,24.928231042278288],[121.05880248000003,24.928366353278289],[121.05877855000008,24.928431719278279],[121.058742026,24.928529179278257],[121.05874073300008,24.928604865278299],[121.05872560600007,24.928677097278232],[121.05870795800001,24.928758523278219],[121.05866388800001,24.928847959278247],[121.05862612000007,24.92890528727829],[121.05858078900008,24.929008482278284],[121.05855685200004,24.929084159278247],[121.05853794800009,24.929162136278212],[121.05850770300006,24.929281396278306],[121.05849257899997,24.929344465278284],[121.05847619000004,24.929423579278257],[121.05847113000007,24.929480911278283],[121.058444674,24.929570359278241],[121.05842574100004,24.929719434278216],[121.05842570300001,24.929793964278261],[121.05841056600003,24.929892580278228],[121.05839921700006,24.929953355278201],[121.05837275799999,24.930040498278306],[121.05835764700008,24.930078335278246],[121.05822547700005,24.930147120278246],[121.05811066700008,24.930173582278208],[121.05799887600004,24.930224608278262],[121.05779410199999,24.930311650278263],[121.05770612800009,24.930343059278201],[121.05760570100004,24.930398614278257],[121.05756320400008,24.930453882278218],[121.05755344600007,24.930508998278246],[121.05756638,24.930567462278198],[121.05763529400011,24.930724268278205],[121.05766330000002,24.930775755278198],[121.05769259800003,24.930832975278229],[121.05772298799998,24.930861511278188],[121.05775093899997,24.930903817278221],[121.05786046400006,24.93111436427823],[121.057889797,24.931177307278283],[121.05794331099999,24.931283741278207],[121.05797512500006,24.931340943278229],[121.05800703600002,24.931414206278166],[121.05807964800009,24.931557251278178],[121.05812419300004,24.931637335278232],[121.05819393400004,24.931813569278241],[121.05821348200007,24.931896806278203],[121.05826306200005,24.932050269278204],[121.05830769400004,24.932212855278149],[121.05832837800004,24.93237987327819],[121.05832841100006,24.93244984427821],[121.05832150600013,24.932506274278179],[121.05830785700005,24.932537879278215],[121.05830113100002,24.93255142427817],[121.05821351000007,24.932587574278237],[121.05809596500001,24.932633238278193],[121.05801803799997,24.932660011278184],[121.05791375600003,24.932702963278189],[121.05782844000008,24.932758450278151],[121.05772941699998,24.932839238278177],[121.05767215700003,24.932955393278199],[121.05764994500007,24.933034654278178],[121.05765549500008,24.933122960278212],[121.05767478200006,24.933190549278201],[121.05771304000004,24.933272962278174],[121.05779682300013,24.933387267278125],[121.05786659900004,24.933475258278211],[121.057904686,24.933527844278213],[121.05794915800004,24.933595314278193],[121.05800271100011,24.93370861927815],[121.058042263,24.933796758278167],[121.05805164600007,24.933894216278141],[121.05806083700006,24.933959569278226],[121.05808915,24.934063829278124],[121.05811494200007,24.93416809727815],[121.05813823300005,24.93427466827816],[121.05821359299998,24.934429379278182],[121.05829174400004,24.934677631278106],[121.058404814,24.934873955278082],[121.05851798100002,24.935063508278137],[121.05854783000009,24.935160553278081],[121.05848248300003,24.935377261278163],[121.05842307799999,24.935598481278063],[121.05839344200004,24.935745207278124],[121.05839932700006,24.93583774627815],[121.05836366600012,24.936016071278157],[121.05832215500007,24.936178600278094],[121.05834006500005,24.936363676278134],[121.05835967200007,24.936555523278102],[121.05835546400006,24.93665935127807],[121.05834627100002,24.936693213278126],[121.05832995900002,24.936839540278047],[121.05832910100003,24.936843469278116],[121.05828280600011,24.936784780278142],[121.058256024,24.93676809927809],[121.05822926300003,24.93675655827812],[121.05819623099997,24.936745310278077],[121.05793940900004,24.936691635278169],[121.05784106899998,24.936673762278108],[121.05774404100011,24.936665070278103],[121.05765457599999,24.936657466278092],[121.05755267700009,24.936677468278148],[121.05745090400002,24.936719273278062],[121.05733912800008,24.936773738278127],[121.05725742600011,24.936801668278111],[121.05719334200003,24.936827216278097],[121.05711032200009,24.936844835278137],[121.0569793550001,24.936847774278121],[121.05688856500002,24.936828723278143],[121.05686447800008,24.936801296278098],[121.05679633100013,24.93677754927808],[121.05671043700012,24.936734382278061],[121.05661581500011,24.936706157278124],[121.05637103800002,24.936629344278167],[121.05626889900009,24.936608051278093],[121.05609984600007,24.936558403278081],[121.05603303900003,24.936548406278121],[121.05586769800001,24.936487266278139],[121.05571614900012,24.936415727278082],[121.05561753400001,24.936349674278134],[121.05555171899999,24.936293787278117],[121.05550871300008,24.936261869278152],[121.05544059300006,24.936242709278073],[121.05537027800008,24.936279760278111],[121.05528261200004,24.936365084278162],[121.05515605200004,24.936476976278094],[121.05509338700008,24.936530060278127],[121.0550056190001,24.936598167278081],[121.05490161800003,24.936690457278068],[121.05481253200003,24.936748255278058],[121.05469575000005,24.936808472278074],[121.05459530800009,24.93686287827812],[121.05450745300003,24.936916078278081],[121.0544095060001,24.936965889278113],[121.05430276500013,24.937020334278085],[121.05422611000002,24.937049387278091],[121.05408276600004,24.937090231278091],[121.05398217000005,24.937118254278115],[121.05389154600003,24.937127875278104],[121.05380594000007,24.937134038278085],[121.0537129100001,24.937163160278093],[121.05361001400001,24.93722905027813],[121.05353720500003,24.937270707278113],[121.05346090200011,24.937361715278076],[121.05340233199998,24.937469842278151],[121.05338645100009,24.937554805278076],[121.05338066000004,24.937643169278108],[121.05337763999997,24.937773966278073],[121.05334786099999,24.937852126278067],[121.05333043100005,24.937886622278061],[121.05329768500012,24.937886786278085],[121.05319914900004,24.93783449427811],[121.05310686800013,24.937776436278106],[121.053003287,24.937723023278039],[121.05294404700007,24.937715272278016],[121.05289007100004,24.937746512278032],[121.05271943500004,24.937859772278067],[121.05250266200007,24.938052425278112],[121.05231594900006,24.938216231278073],[121.05211419700007,24.938393882278117],[121.05194357900005,24.938510580278077],[121.0518506650001,24.938560359278025],[121.05176666600006,24.93862730627805],[121.05162476100008,24.938699133278053],[121.05151413600007,24.93873523127801],[121.05141100900006,24.938760971278086],[121.05123476700012,24.938775594278077],[121.05113906700001,24.938779500278038],[121.05101039600005,24.938743412278068],[121.05086898800008,24.938683294278075],[121.05072387000003,24.938634673278052],[121.05062555700009,24.938621388278019],[121.050526061,24.938621873278052],[121.05041658300001,24.938638459278085],[121.05032339100005,24.938640061278043],[121.05024411400007,24.938651917278055],[121.05014983400007,24.938683348278079],[121.05009454600011,24.938705415278047],[121.05001547100005,24.938752851278057],[121.04992144800011,24.938829000278044],[121.04980894800011,24.938977547278068],[121.04969761900003,24.939111159278031],[121.04963382,24.939186037278091],[121.04958234100002,24.939213817277999],[121.04949187700007,24.939252117278052],[121.04940634200003,24.939270889277999],[121.049303205,24.93929548127808],[121.04910181900004,24.939318254278014],[121.04898098500006,24.939331456278044],[121.048894171,24.939346780278072],[121.04872057800004,24.939384341278064],[121.04861504200008,24.939429599277975],[121.04855730900009,24.939465441278113],[121.04844564800008,24.939540551278025],[121.04837542300007,24.939593661278057],[121.04827897599998,24.939687047278056],[121.04819638500008,24.939780374278051],[121.04814636900004,24.939843715278045],[121.04808640100005,24.939928882277997],[121.04804779100004,24.940004805278054],[121.04798574499998,24.940166858278051],[121.04797232000011,24.940241492278084],[121.04794877800012,24.940309295278023],[121.04793906200003,24.940372433278],[121.04792808799999,24.940435583277985],[121.04792343100004,24.940502149277986],[121.04793160600002,24.940609939278023],[121.04796648500009,24.940762355278011],[121.04797943100007,24.940824240278065],[121.04800146500003,24.940933116278018],[121.04801196800008,24.941007634278037],[121.04801377500007,24.941102848278025],[121.04799667900006,24.941197002277992],[121.04794290900007,24.941264949278022],[121.04787765000002,24.941305418277999],[121.04777722000004,24.941363259277974],[121.04768417400005,24.941391232277983],[121.04756843199999,24.941413597277961],[121.04740514199997,24.941491249277991],[121.04730461500002,24.941531890277979],[121.04719906199999,24.941574844277984],[121.04709604099999,24.941620092277994],[121.04703456900006,24.941662834277974],[121.04695544700009,24.941702223277947],[121.04681615100002,24.941791234277943],[121.04669831000004,24.941888153278061],[121.04656797100007,24.942002369277986],[121.04650286900001,24.94207036427802],[121.04643396600002,24.942134939278027],[121.046336428,24.942258163278009],[121.0462514970001,24.942383613278011],[121.04623743000001,24.942409971277964],[121.04616924900004,24.94253774427796],[121.04610314600009,24.942651631277972],[121.04607846200008,24.942740082277997],[121.04607919300004,24.942868576277963],[121.04608589100008,24.942938517277977],[121.04609891800008,24.94301417927803],[121.04611208100002,24.943113912277923],[121.04615557,24.943230728278007],[121.0462029390001,24.943364723277991],[121.04623987000001,24.943435665277988],[121.04628460700009,24.943550168277959],[121.04614363000006,24.943565759277995],[121.04599022800006,24.943611245277946],[121.04585794300012,24.943604993277965],[121.04565023900001,24.943625508277972],[121.04558724000003,24.943621221277972],[121.04532896500007,24.943608704277999],[121.04520427700005,24.943609301277966],[121.04507571000008,24.943592711277926],[121.04495473000009,24.943580677277893],[121.04469130100006,24.943547522277989],[121.044512302,24.943522007277931],[121.04441158100011,24.943529367277929],[121.04428451700008,24.94355522627793],[121.04414995500004,24.943591434278002],[121.04404070700005,24.943649322277988],[121.04395024500003,24.943688766277951],[121.04388371300001,24.943728095278022],[121.04372663700009,24.943791937277975],[121.04361222700004,24.94382804827794],[121.043520532,24.943872089277935],[121.04341741499999,24.943901262277958],[121.04325774100001,24.943951372277926],[121.0430515180001,24.944010857277952],[121.04294219500001,24.944056129277882],[121.04284163999995,24.94409217227793],[121.04273975700006,24.944116760278003],[121.04260765199997,24.94414262927793],[121.04248305600005,24.944159293277977],[121.04238735900002,24.94416434027795],[121.04229785000011,24.944149849277995],[121.04222595000007,24.944130691277923],[121.04214267799996,24.944105862277912],[121.04206819300009,24.944075240277954],[121.04198472600004,24.944015992277944],[121.04193668499998,24.943984098277973],[121.04180772300002,24.943897525277912],[121.041725574,24.943848586277944],[121.04149803300001,24.943702840277972],[121.04145248500005,24.943666343277965],[121.04133873400006,24.943596917278004],[121.04128185400005,24.943561615277932],[121.04106575000002,24.943433019277943],[121.04097607000006,24.943388713277919],[121.04081434400011,24.943298862277953],[121.04071592300012,24.943267208277994],[121.04062393500004,24.943259612277984],[121.04054466600007,24.943273755277918],[121.04047181000008,24.94330853427795],[121.04040179199998,24.943399496278015],[121.04034198000009,24.943513353277929],[121.04029738200003,24.943645486278022],[121.04027530300006,24.943749997277958],[121.04024413600006,24.943806361278007],[121.04017532400006,24.943888141277945],[121.04010880699997,24.943929753277999],[121.04001337100007,24.943980692277954],[121.03988023300006,24.944046723277996],[121.03971198000009,24.944139302277929],[121.03963411200006,24.944178677277986],[121.03953873600008,24.9442399442779],[121.03944720200003,24.944312656277969],[121.03933554800005,24.944391197277987],[121.03925529099998,24.944453533277894],[121.03915617200005,24.944521687277934],[121.03908599100008,24.944583974277933],[121.03899093000004,24.944701442277889],[121.03891590400006,24.944798165277891],[121.038882184,24.944848795277998],[121.038821102,24.944961524277904],[121.03880512100001,24.945030432277914],[121.03879018400002,24.94506262327792],[121.03874944000003,24.945207369277892],[121.03872475400013,24.945296972277944],[121.03871498900003,24.945352077277878],[121.03868295500004,24.945478428277948],[121.03867455400005,24.945551885277975],[121.03867266300007,24.945663161277945],[121.03867584300006,24.945780179277843],[121.03868368600001,24.945830618277935],[121.03866927300007,24.945954583277889],[121.03865692100013,24.945998240277859],[121.0386007880001,24.946094867277868],[121.03855575100009,24.946149014277893],[121.03851950400011,24.946198517277924],[121.03846052900002,24.946237796277881],[121.03838402700001,24.946296673277864],[121.03830234600001,24.946330332277885],[121.03822062200007,24.94635596727797],[121.03813259800008,24.946381622277872]]]},"properties":{"COUNTYID":"J","COUNTYCODE":"10004","COUNTYNAME":"新竹縣","COUNTYENG":"Hsinchu County"}}]}