路線名稱,百公尺樁號KM,WGS84_E,WGS84_N
國3甲,0.0,121.5499967,25.01628722
國3甲,0.1,121.5507964,25.01575499
國3甲,0.2,121.551596,25.01522277
國3甲,0.3,121.5524107,25.01471113
國3甲,0.4,121.5533011,25.01432034
國3甲,0.5,121.5542535,25.01407855
國3甲,0.6,121.5552386,25.01399824
國3甲,0.7,121.5562283,25.01403251
國3甲,0.8,121.5572172,25.01408494
國3甲,0.9,121.5582069,25.01411239
國3甲,1.0,121.559189,25.0140081
國3甲,1.1,121.5601244,25.01371717
國3甲,1.2,121.5609698,25.01325052
國3甲,1.3,121.5616854,25.01262891
國3甲,1.4,121.562299,25.0119207
國3甲,1.5,121.5628972,25.01120138
國3甲,1.6,121.5635685,25.01053897
國3甲,1.7,121.5643444,25.00997964
國3甲,1.8,121.5652134,25.00954863
國3甲,1.9,121.5661434,25.0092394
國3甲,2.0,121.5670965,25.00899345
國3甲,2.1,121.5680516,25.00875378
國3甲,2.2,121.5690068,25.0085141
國3甲,2.3,121.5699619,25.00827442
國3甲,2.4,121.5709171,25.00803474
國3甲,2.5,121.5718722,25.00779504
國3甲,2.6,121.5728273,25.00755534
國3甲,2.7,121.5737825,25.00731564
國3甲,2.8,121.5747334,25.00706265
國3甲,2.9,121.5756695,25.00676826
國3甲,3.0,121.5765533,25.0063626
國3甲,3.1,121.5773718,25.00585504
國3甲,3.2,121.5781568,25.0053043
國3甲,3.3,121.5789933,25.00482332
國3甲,3.4,121.5799175,25.00450261
國3甲,3.5,121.58089,25.00433617
國3甲,3.6,121.5818782,25.00427713
國3甲,3.7,121.5828681,25.00424405
國3甲,3.8,121.5838571,25.00419255
國3甲,3.9,121.5848412,25.00409089
國3甲,4.0,121.585815,25.00392641
國3甲,4.1,121.586778,25.0037152
國3甲,4.2,121.5877337,25.00347778
國3甲,4.3,121.588685,25.00322595
國3甲,4.4,121.5896363,25.0029741
國3甲,4.5,121.5905903,25.00273089
國3甲,4.6,121.5915494,25.00250501
國3甲,4.7,121.5925165,25.00230999
國3甲,4.8,121.5934896,25.00214249
國3甲,4.9,121.5944693,25.00200997
國3甲,5.0,121.5954528,25.00190411
國3甲,5.1,121.5964406,25.00183905
國3甲,5.2,121.5974306,25.00182235
國3甲,5.3,121.5984202,25.00185533
國3甲,5.4,121.5994017,25.00197229
國3甲,5.447,121.5998635,25.0020176
國10,0.0,120.3118985,22.68015865
國10,0.1,120.3127592,22.67973756
國10,0.2,120.3136539,22.67938404
國10,0.3,120.3146006,22.67918304
國10,0.4,120.3155717,22.67914788
國10,0.5,120.3165442,22.67917963
國10,0.6,120.3175162,22.67915053
國10,0.7,120.3184776,22.67901351
國10,0.8,120.3194111,22.67876157
國10,0.9,120.3202972,22.67839032
國10,1.0,120.3211335,22.67792918
國10,1.1,120.3219542,22.67744388
國10,1.2,120.3227748,22.67695858
國10,1.3,120.3236047,22.67648716
國10,1.4,120.3244622,22.6760607
國10,1.5,120.3253536,22.67569985
國10,1.6,120.3262822,22.67543288
國10,1.7,120.3272385,22.67527126
國10,1.8,120.328208,22.67520033
國10,1.9,120.3291795,22.67523796
國10,2.0,120.3301399,22.67537815
國10,2.1,120.3310772,22.67561929
國10,2.2,120.3319784,22.67595888
國10,2.3,120.3328515,22.67635732
國10,2.4,120.3337192,22.67676625
國10,2.5,120.3345847,22.67717895
國10,2.6,120.335449,22.67759401
國10,2.7,120.3363133,22.67800906
國10,2.8,120.3371775,22.67842411
國10,2.9,120.3380418,22.67883915
國10,3.0,120.3389061,22.67925419
國10,3.1,120.3397704,22.67966923
國10,3.2,120.3406385,22.68007715
國10,3.3,120.3415124,22.68047448
國10,3.4,120.3423863,22.68087182
國10,3.5,120.3432602,22.68126915
國10,3.6,120.3441342,22.68166647
國10,3.7,120.3450081,22.68206379
國10,3.8,120.345882,22.6824611
國10,3.9,120.3467559,22.68285841
國10,4.0,120.3476299,22.68325572
國10,4.1,120.3485038,22.68365302
國10,4.2,120.3493778,22.68405032
國10,4.3,120.3502517,22.68444761
國10,4.4,120.3511257,22.68484489
國10,4.5,120.3519996,22.68524218
國10,4.6,120.3528711,22.68564411
國10,4.7,120.3537122,22.68609726
國10,4.8,120.3544858,22.68664376
國10,4.9,120.3551914,22.68726465
國10,5.0,120.3558265,22.68794809
國10,5.1,120.3563768,22.68869223
國10,5.2,120.3568411,22.6894851
國10,5.3,120.3572061,22.69032149
國10,5.4,120.3574775,22.69118798
國10,5.5,120.3576721,22.69207268
國10,5.6,120.3578496,22.6929606
國10,5.7,120.3580259,22.69384872
國10,5.8,120.3582021,22.69473685
國10,5.9,120.3583784,22.69562497
國10,6.0,120.3585546,22.6965131
國10,6.1,120.3587309,22.69740122
國10,6.2,120.3589072,22.69828935
國10,6.3,120.3590835,22.69917747
國10,6.4,120.3592597,22.70006559
國10,6.5,120.359436,22.70095372
國10,6.6,120.3596123,22.70184184
國10,6.7,120.3597878,22.70273008
國10,6.8,120.3599528,22.70362004
國10,6.9,120.3600971,22.70451305
國10,7.0,120.3602144,22.70540946
國10,7.1,120.3603001,22.70630897
國10,7.2,120.3603575,22.70721038
國10,7.3,120.3603817,22.70811306
國10,7.4,120.3603759,22.70901599
國10,7.5,120.3603448,22.70991851
國10,7.6,120.3602804,22.71081952
國10,7.7,120.3601952,22.71171909
國10,7.8,120.36011,22.71261866
國10,7.9,120.3600248,22.71351824
國10,8.0,120.3599397,22.71441781
國10,8.1,120.3598551,22.71531743
國10,8.2,120.3597794,22.71621775
國10,8.3,120.3597182,22.71711881
國10,8.4,120.3596984,22.71802163
國10,8.5,120.3596874,22.71892463
國10,8.6,120.3596764,22.71982762
國10,8.7,120.3596718,22.72073064
國10,8.8,120.3597141,22.72163267
國10,8.9,120.3597981,22.72253231
國10,9.0,120.3599014,22.72343024
國10,9.1,120.3600081,22.72432786
國10,9.2,120.3601147,22.72522548
國10,9.3,120.3602213,22.7261231
國10,9.4,120.3603279,22.72702072
國10,9.5,120.3604345,22.72791834
國10,9.6,120.3605411,22.72881596
國10,9.7,120.3606478,22.72971358
國10,9.8,120.3607243,22.73061361
國10,9.9,120.3607481,22.73151638
國10,10.0,120.3607759,22.73241897
國10,10.1,120.3608857,22.7333159
國10,10.2,120.3610186,22.73421049
國10,10.3,120.3611516,22.73510508
國10,10.4,120.3612786,22.7360004
國10,10.5,120.3613995,22.73689646
國10,10.6,120.3615205,22.73779253
國10,10.7,120.3616414,22.73868859
國10,10.8,120.3617623,22.73958465
國10,10.9,120.3618832,22.74048072
國10,11.0,120.3620041,22.74137678
國10,11.1,120.3621251,22.74227284
國10,11.2,120.362246,22.7431689
國10,11.3,120.3623703,22.74406456
國10,11.4,120.3625141,22.74495763
國10,11.5,120.3626861,22.74584633
國10,11.6,120.3628979,22.74672753
國10,11.7,120.3631674,22.74759512
國10,11.8,120.363503,22.74844246
國10,11.9,120.3639004,22.74926656
國10,12.0,120.3643622,22.75006127
國10,12.1,120.3648806,22.75082532
國10,12.2,120.3654579,22.75155225
國10,12.3,120.3660817,22.75224552
國10,12.4,120.366736,22.7529141
國10,12.5,120.3674246,22.75355227
國10,12.6,120.3681402,22.75416435
國10,12.7,120.3688844,22.75474646
國10,12.8,120.3696585,22.75529398
國10,12.9,120.3704565,22.75581129
國10,13.0,120.3712792,22.75629391
國10,13.1,120.3721238,22.75674285
國10,13.2,120.3729885,22.75715767
國10,13.3,120.3738722,22.75753651
國10,13.4,120.3747735,22.75787796
國10,13.5,120.3756901,22.75818246
國10,13.6,120.3766207,22.7584477
國10,13.7,120.3775611,22.75868198
國10,13.8,120.3785091,22.75888769
國10,13.9,120.3794615,22.75907554
國10,14.0,120.380418,22.75924418
國10,14.1,120.3813771,22.7594001
國10,14.2,120.3823366,22.75955394
國10,14.3,120.3832961,22.75970778
國10,14.4,120.3842556,22.75986161
國10,14.5,120.385212,22.76003091
國10,14.6,120.3861632,22.76022378
國10,14.7,120.3871051,22.76045266
國10,14.8,120.3880351,22.76071981
國10,14.9,120.3889491,22.76103082
國10,15.0,120.389845,22.76138411
國10,15.1,120.3907205,22.76177902
國10,15.2,120.3915732,22.76221463
國10,15.3,120.3924025,22.76268738
國10,15.4,120.3932056,22.76319774
國10,15.5,120.393977,22.76374842
國10,15.6,120.3947287,22.76432213
國10,15.7,120.3954658,22.76491212
國10,15.8,120.3962021,22.76550294
國10,15.9,120.3969432,22.76608861
國10,16.0,120.3977004,22.76665612
國10,16.1,120.3984864,22.76718909
國10,16.2,120.3993003,22.76768463
國10,16.3,120.4001377,22.76814502
國10,16.4,120.4009948,22.7685734
國10,16.5,120.4018773,22.7689548
國10,16.6,120.4027704,22.76931442
國10,16.7,120.4036728,22.76965348
國10,16.8,120.4045757,22.7699914
國10,16.9,120.4054785,22.77032931
國10,17.0,120.4063814,22.77066722
國10,17.1,120.4072843,22.77100512
國10,17.2,120.4081872,22.77134302
國10,17.3,120.4090905,22.77167958
國10,17.4,120.4099939,22.77201583
國10,17.5,120.4108973,22.77235207
國10,17.6,120.4118007,22.77268831
國10,17.7,120.4127041,22.77302454
國10,17.8,120.4136064,22.77336323
國10,17.9,120.4145051,22.77371026
國10,18.0,120.4153894,22.77408756
國10,18.1,120.4162624,22.77448683
國10,18.2,120.4171112,22.77492858
國10,18.3,120.4179359,22.77540786
國10,18.4,120.4187335,22.77592525
國10,18.5,120.4195039,22.77647693
國10,18.6,120.4202448,22.77706243
國10,18.7,120.4209574,22.77767756
國10,18.8,120.4216379,22.77832328
國10,18.9,120.4222773,22.77900423
國10,19.0,120.4228837,22.77971073
國10,19.1,120.4234609,22.78043788
國10,19.2,120.4240031,22.78118788
國10,19.3,120.4245125,22.78195742
國10,19.4,120.4249966,22.7827409
國10,19.5,120.4254682,22.78353102
國10,19.6,120.4259259,22.78432809
國10,19.7,120.4263837,22.78512516
國10,19.8,120.4268415,22.78592223
國10,19.9,120.4273052,22.78671632
國10,20.0,120.4277861,22.78750151
國10,20.1,120.4282945,22.78827163
國10,20.2,120.4288265,22.78902794
國10,20.3,120.4293983,22.78975875
國10,20.4,120.4300059,22.7904642
國10,20.5,120.4306434,22.79114674
國10,20.6,120.4313186,22.79179721
國10,20.7,120.4320281,22.79241545
國10,20.8,120.4327678,22.79300237
國10,20.9,120.4335359,22.79355683
國10,21.0,120.4343304,22.79407853
國10,21.1,120.4351525,22.79456196
國10,21.2,120.4359978,22.79500982
國10,21.3,120.4368646,22.79542086
國10,21.4,120.4377542,22.79578725
國10,21.5,120.4386649,22.79610608
國10,21.6,120.4395934,22.79637694
國10,21.7,120.4405403,22.7965863
國10,21.8,120.4414983,22.79674623
國10,21.9,120.4424655,22.79684883
國10,22.0,120.4434377,22.79689382
國10,22.1,120.4444112,22.79688406
國10,22.2,120.4453821,22.79681687
國10,22.3,120.4463499,22.79671856
國10,22.4,120.4473175,22.79661906
國10,22.5,120.4482887,22.79655826
國10,22.6,120.449262,22.7965744
國10,22.7,120.4502303,22.79666583
國10,22.8,120.4511876,22.79682953
國10,22.9,120.4521323,22.79704851
國10,23.0,120.4530776,22.79726522
國10,23.1,120.4540336,22.79743529
國10,23.2,120.4550018,22.79752947
國10,23.3,120.455975,22.79755003
國10,23.4,120.4569475,22.79750375
國10,23.5,120.4579177,22.79742545
國10,23.6,120.458887,22.79733832
國10,23.7,120.4598568,22.7972551
國10,23.8,120.4608277,22.7971849
國10,23.9,120.4618006,22.79714134
國10,24.0,120.4627745,22.7971346
國10,24.1,120.4637477,22.79716668
國10,24.2,120.4647192,22.79723087
國10,24.3,120.4656868,22.79733301
國10,24.4,120.4666496,22.79746909
國10,24.5,120.4676048,22.79764533
國10,24.6,120.4685522,22.79785437
國10,24.7,120.4694911,22.79809415
國10,24.8,120.4704181,22.79837112
國10,24.9,120.4713315,22.7986848
國10,25.0,120.4722314,22.79903002
國10,25.1,120.4731152,22.79940948
國10,25.2,120.4739825,22.79982043
國10,25.3,120.4748304,22.80026461
國10,25.4,120.4756594,22.80073841
國10,25.5,120.4764683,22.80124138
國10,25.6,120.4772535,22.80177555
國10,25.7,120.478012,22.8023419
國10,25.8,120.4787494,22.80293172
國10,25.9,120.4794607,22.80354845
國10,26.0,120.4801444,22.80419142
國10,26.1,120.4808014,22.80485799
國10,26.2,120.4814287,22.80554873
國10,26.3,120.4820229,22.80626416
國10,26.4,120.482589,22.80699896
國10,26.5,120.4831223,22.80775459
國10,26.6,120.4836189,22.80853141
國10,26.7,120.4840848,22.80932436
國10,26.8,120.4845155,22.81013421
國10,26.9,120.4849126,22.81095876
國10,27.0,120.4852714,22.81179827
國10,27.1,120.4855927,22.81265068
國10,27.2,120.485879,22.81351375
國10,27.3,120.4861277,22.81438676
國10,27.4,120.4863437,22.81526732
國10,27.5,120.4865274,22.81615412
國10,27.6,120.4866846,22.81704534
國10,27.7,120.4868264,22.81793873
國10,27.8,120.4869565,22.8188337
國10,27.9,120.4870806,22.81972939
國10,28.0,120.4872048,22.82062508
國10,28.1,120.487329,22.82152078
國10,28.2,120.4874709,22.82241418
國10,28.3,120.487643,22.82330296
國10,28.4,120.4878482,22.82418563
國10,28.5,120.4880924,22.8250597
國10,28.6,120.4883726,22.82592443
國10,28.7,120.4886867,22.82677911
國10,28.8,120.4890422,22.82761982
國10,28.9,120.4894326,22.82844715
國10,29.0,120.4898569,22.82925992
國10,29.1,120.4903192,22.83005466
國10,29.2,120.4908116,22.83083378
國10,29.3,120.4913324,22.83159688
國10,29.4,120.491864,22.83235366
國10,29.5,120.4923957,22.83311043
國10,29.6,120.4929192,22.83387202
國10,29.7,120.4934283,22.83464188
國10,29.8,120.4939033,22.83543016
國10,29.9,120.4943357,22.83623932
國10,30.0,120.4947185,22.83706956
國10,30.1,120.4950568,22.83791627
國10,30.2,120.4953451,22.83877875
國10,30.3,120.4955829,22.83965428
國10,30.4,120.4957724,22.84053991
國10,30.5,120.4959101,22.84143375
國10,30.6,120.4959974,22.84233295
國10,30.7,120.4960179,22.84323552
國10,30.8,120.4959567,22.84413639
國10,30.9,120.4958143,22.84502946
國10,31.0,120.4955941,22.84590884
國10,31.1,120.4953249,22.84677675
國10,31.2,120.4950645,22.84764689
國10,31.3,120.494862,22.84852986
國10,31.4,120.4947393,22.8494255
國10,31.5,120.4947009,22.85032747
國10,31.6,120.4947406,22.85122945
國10,31.7,120.4948339,22.85212829
國10,31.8,120.4949287,22.85302702
國10,31.9,120.4949653,22.85392906
國10,32.0,120.4948912,22.85482861
國10,32.1,120.4946948,22.85571244
國10,32.2,120.494384,22.85656769
國10,32.3,120.4939562,22.85737812
國10,32.4,120.4934389,22.85814293
國10,32.5,120.4928714,22.85887702
國10,32.6,120.492314,22.85961748
國10,32.7,120.4918511,22.86041123
國10,32.8,120.4915299,22.86126268
國10,32.9,120.4913604,22.86215094
國10,33.0,120.4913459,22.86305265
國10,33.1,120.4914896,22.86394479
國10,33.2,120.4917852,22.8648041
國10,33.3,120.4922248,22.86560894
國10,33.4,120.4927889,22.86634464
國10,33.5,120.4933976,22.86704975
國10,33.6,120.4940057,22.86775524
國10,33.7,120.4945522,22.86850253
國10,33.764,120.4948413,22.86901428
國1,0.0,121.7357847,25.12289475
國1,0.1,121.7353083,25.12210391
國1,0.2,121.7347695,25.12134675
國1,0.3,121.7341543,25.1206393
國1,0.4,121.7334819,25.11997619
國1,0.5,121.7327743,25.11934397
國1,0.6,121.7320302,25.11874792
國1,0.7,121.73126,25.11817937
國1,0.8,121.7305038,25.11759582
國1,0.9,121.7298103,25.11695137
國1,1.0,121.7291954,25.11624361
國1,1.1,121.7286422,25.11549523
國1,1.2,121.7281601,25.11470671
國1,1.3,121.7277503,25.11388497
國1,1.4,121.7273932,25.11304288
國1,1.5,121.7270462,25.11219722
國1,1.6,121.7267012,25.1113509
國1,1.7,121.7263561,25.11050457
國1,1.8,121.7260111,25.10965824
國1,1.9,121.7256661,25.10881191
國1,2.0,121.725321,25.10796557
國1,2.1,121.7249737,25.10712002
國1,2.2,121.7245937,25.10628645
國1,2.3,121.7241111,25.10549894
國1,2.4,121.7234812,25.10480421
國1,2.5,121.7227109,25.10423872
國1,2.6,121.7218345,25.10381945
國1,2.7,121.7208964,25.10352948
國1,2.8,121.7199361,25.10330558
國1,2.9,121.7189727,25.10309245
國1,3.0,121.7180092,25.10287932
國1,3.1,121.7170458,25.10266618
國1,3.2,121.7160824,25.10245303
國1,3.3,121.715119,25.10223988
國1,3.4,121.7141556,25.10202671
國1,3.5,121.7131922,25.10181355
國1,3.6,121.7122292,25.10159893
國1,3.7,121.7112796,25.1013406
國1,3.8,121.7103642,25.10099558
國1,3.9,121.7095031,25.10054971
國1,4.0,121.708708,25.10001172
國1,4.1,121.7079711,25.09940797
國1,4.2,121.7072494,25.09878907
國1,4.3,121.7064873,25.09821251
國1,4.4,121.705644,25.09774044
國1,4.5,121.7047068,25.09745379
國1,4.6,121.7037225,25.09737138
國1,4.7,121.702737,25.09746448
國1,4.8,121.7017534,25.09757617
國1,4.9,121.7007638,25.09758075
國1,5.0,121.6998019,25.09737331
國1,5.1,121.69893,25.09694978
國1,5.2,121.6981965,25.09634574
國1,5.3,121.6976499,25.09559519
國1,5.4,121.6972675,25.09476336
國1,5.5,121.6969568,25.09390629
國1,5.6,121.6966537,25.09304694
國1,5.7,121.6963506,25.09218759
國1,5.8,121.6960475,25.09132824
國1,5.9,121.6957387,25.09047064
國1,6.0,121.6953307,25.08964963
國1,6.1,121.6947273,25.0889371
國1,6.2,121.6939435,25.08838856
國1,6.3,121.6930329,25.08803702
國1,6.4,121.6920732,25.08781168
國1,6.5,121.6911095,25.08760047
國1,6.6,121.6901458,25.08738926
國1,6.7,121.6891821,25.08717804
國1,6.8,121.6882184,25.08696681
國1,6.9,121.6872546,25.08675567
國1,7.0,121.6862896,25.08654947
國1,7.1,121.6853245,25.08634326
國1,7.2,121.6843551,25.08615453
國1,7.3,121.6833762,25.08601275
國1,7.4,121.6823897,25.08592533
國1,7.5,121.6813995,25.08588251
國1,7.6,121.6804085,25.08586211
國1,7.7,121.6794177,25.08583458
國1,7.8,121.678429,25.08577006
國1,7.9,121.6774462,25.08565333
國1,8.0,121.6764754,25.08547136
國1,8.1,121.6755189,25.08523485
國1,8.2,121.6745826,25.084939
國1,8.3,121.6736699,25.08458731
國1,8.4,121.6727797,25.08419047
國1,8.5,121.6719127,25.08375304
國1,8.6,121.6710659,25.08328378
國1,8.7,121.6702326,25.08279495
國1,8.8,121.6694092,25.08229227
國1,8.9,121.6685877,25.08178697
國1,9.0,121.6677703,25.0812763
國1,9.1,121.6669529,25.08076562
國1,9.2,121.6661354,25.08025494
國1,9.3,121.6653198,25.07974193
國1,9.4,121.6645046,25.07922826
國1,9.5,121.6636894,25.07871459
國1,9.6,121.6628743,25.07820091
國1,9.7,121.6620591,25.07768723
國1,9.8,121.6612439,25.07717362
國1,9.9,121.6604177,25.0766753
國1,10.0,121.6595722,25.07620489
國1,10.1,121.658705,25.07576829
國1,10.2,121.6578185,25.07536464
國1,10.3,121.6569087,25.07500684
國1,10.4,121.6559811,25.07468916
國1,10.5,121.6550376,25.07441327
國1,10.6,121.6540804,25.07417968
國1,10.7,121.6531127,25.07398445
國1,10.8,121.6521407,25.07380817
國1,10.9,121.6511654,25.07364683
國1,11.0,121.6501888,25.07349255
國1,11.1,121.6492121,25.07333827
國1,11.2,121.648236,25.0731816
國1,11.3,121.6472599,25.0730243
國1,11.4,121.6462838,25.07286699
國1,11.5,121.6453078,25.07270967
國1,11.6,121.6443318,25.07255198
國1,11.7,121.6433563,25.07239195
國1,11.8,121.6423808,25.07223191
國1,11.9,121.641408,25.07205896
國1,12.0,121.6404498,25.07182959
國1,12.1,121.6395278,25.0714998
國1,12.2,121.6386511,25.07108005
國1,12.3,121.6378309,25.07057375
國1,12.4,121.6370507,25.07001714
國1,12.5,121.6362844,25.0694445
國1,12.6,121.635498,25.06889529
國1,12.7,121.6346712,25.06839797
國1,12.8,121.633794,25.06797856
國1,12.9,121.632879,25.06763243
國1,13.0,121.6319309,25.06737036
國1,13.1,121.6309603,25.06718921
國1,13.2,121.6299767,25.06707851
國1,13.3,121.6289899,25.06699473
國1,13.4,121.6280026,25.06691487
國1,13.5,121.6270153,25.06683499
國1,13.6,121.626028,25.06675511
國1,13.7,121.6250416,25.06666717
國1,13.8,121.6240545,25.06658583
國1,13.9,121.6230673,25.06650448
國1,14.0,121.6220802,25.06642323
國1,14.1,121.6210924,25.06634864
國1,14.2,121.6201046,25.06627403
國1,14.3,121.6191168,25.06619942
國1,14.4,121.6181291,25.06612406
國1,14.5,121.6171432,25.06603165
國1,14.6,121.6161572,25.06593924
國1,14.7,121.6151732,25.0658316
國1,14.8,121.6141907,25.06571253
國1,14.9,121.6132085,25.065591
國1,15.0,121.6122269,25.06546641
國1,15.1,121.6112452,25.06534164
國1,15.2,121.6102635,25.06521686
國1,15.3,121.6092819,25.06509208
國1,15.4,121.6083002,25.06496728
國1,15.5,121.6073186,25.06484248
國1,15.6,121.606337,25.06471768
國1,15.7,121.6053553,25.06459287
國1,15.8,121.6043737,25.06446805
國1,15.9,121.603392,25.06434322
國1,16.0,121.6024099,25.06422172
國1,16.1,121.6014277,25.06410068
國1,16.2,121.6004467,25.06397226
國1,16.3,121.5994629,25.06386375
國1,16.4,121.5984759,25.06378206
國1,16.5,121.5974856,25.06374896
國1,16.6,121.5964946,25.06376004
國1,16.7,121.5955059,25.06382022
國1,16.8,121.5945215,25.06392294
國1,16.9,121.5935442,25.06407129
國1,17.0,121.5925755,25.06426095
國1,17.1,121.5916192,25.06449732
國1,17.2,121.5906755,25.06477295
國1,17.3,121.5897491,25.06509357
國1,17.4,121.5888368,25.06544612
國1,17.5,121.5879331,25.06581686
國1,17.6,121.5870293,25.06618759
國1,17.7,121.5861256,25.06655832
國1,17.8,121.5852219,25.06692904
國1,17.9,121.5843181,25.06729976
國1,18.0,121.5834144,25.06767048
國1,18.1,121.5825106,25.06804118
國1,18.2,121.5816066,25.06841139
國1,18.3,121.5806958,25.06876759
國1,18.4,121.5797722,25.06909503
國1,18.5,121.5788395,25.06940056
國1,18.6,121.5778978,25.06968222
國1,18.7,121.5769481,25.06994068
國1,18.8,121.5759904,25.07017324
國1,18.9,121.5750261,25.07038192
國1,19.0,121.5740552,25.07056333
國1,19.1,121.5730796,25.07072266
國1,19.2,121.5720986,25.07085125
國1,19.3,121.5711142,25.0709568
國1,19.4,121.5701271,25.07103717
國1,19.5,121.5691379,25.07109337
國1,19.6,121.5681474,25.07112435
國1,19.7,121.5671563,25.07112745
國1,19.8,121.5661652,25.07111847
國1,19.9,121.5651741,25.07110357
國1,20.0,121.564183,25.0710913
國1,20.1,121.5631924,25.07111668
國1,20.2,121.5622089,25.07122545
國1,20.3,121.5612418,25.07142154
國1,20.4,121.5602996,25.07170088
國1,20.5,121.5593737,25.07202301
國1,20.6,121.5584488,25.07234787
國1,20.7,121.5575105,25.07263743
國1,20.8,121.5565471,25.07284728
國1,20.9,121.555566,25.07297253
國1,21.0,121.5545767,25.07302509
國1,21.1,121.5535857,25.07304525
國1,21.2,121.5525947,25.07306447
國1,21.3,121.5516036,25.0730831
國1,21.4,121.5506126,25.07310173
國1,21.5,121.5496216,25.07312035
國1,21.6,121.5486306,25.07313896
國1,21.7,121.5476395,25.07315757
國1,21.8,121.5466485,25.07317617
國1,21.9,121.5456575,25.07319476
國1,22.0,121.5446665,25.07321335
國1,22.1,121.5436754,25.07323192
國1,22.2,121.5426844,25.0732505
國1,22.3,121.5416934,25.07326906
國1,22.4,121.5407024,25.07328219
國1,22.5,121.5397115,25.07326851
國1,22.6,121.5387229,25.07320863
國1,22.7,121.5377392,25.07309807
國1,22.8,121.5367574,25.0729743
國1,22.9,121.5357758,25.07284854
國1,23.0,121.5347942,25.07272365
國1,23.1,121.5338093,25.07262398
國1,23.2,121.5328196,25.07263077
國1,23.3,121.5318444,25.07278346
國1,23.4,121.5309058,25.07307165
國1,23.5,121.5299924,25.07342219
國1,23.6,121.529079,25.07377272
國1,23.7,121.5281656,25.07412325
國1,23.8,121.5272522,25.07447378
國1,23.9,121.5263388,25.07482429
國1,24.0,121.5254253,25.0751748
國1,24.1,121.5245103,25.07552184
國1,24.2,121.5235856,25.07584684
國1,24.3,121.5226527,25.07615186
國1,24.4,121.521713,25.0764389
國1,24.5,121.5207661,25.07670545
國1,24.6,121.5198109,25.07694611
國1,24.7,121.5188499,25.07716686
國1,24.8,121.5178825,25.07736328
國1,24.9,121.5169109,25.07754122
國1,25.0,121.5159356,25.0777018
國1,25.1,121.5149559,25.07783889
國1,25.2,121.5139721,25.07794893
國1,25.3,121.5129856,25.07803722
國1,25.4,121.511997,25.0781033
國1,25.5,121.511007,25.07814804
國1,25.6,121.5100161,25.07816948
國1,25.7,121.509025,25.0781728
國1,25.8,121.5080341,25.0781486
國1,25.9,121.5070442,25.07810272
國1,26.0,121.506056,25.078033
國1,26.1,121.50507,25.07794021
國1,26.2,121.5040866,25.07782732
國1,26.3,121.5031068,25.07769084
國1,26.4,121.5021307,25.0775342
國1,26.5,121.5011604,25.07735034
國1,26.6,121.5001952,25.07714499
國1,26.7,121.499234,25.07692452
國1,26.8,121.4982746,25.07669742
國1,26.9,121.4973152,25.0764703
國1,27.0,121.4963558,25.07624319
國1,27.1,121.4953964,25.07601606
國1,27.2,121.494437,25.07578893
國1,27.3,121.4934777,25.07556179
國1,27.4,121.4925183,25.07533465
國1,27.5,121.4915589,25.0751075
國1,27.6,121.4905995,25.07488035
國1,27.7,121.4896402,25.07465318
國1,27.8,121.4886806,25.07442687
國1,27.9,121.4877203,25.07420282
國1,28.0,121.4867601,25.07397876
國1,28.1,121.4857999,25.0737547
國1,28.2,121.4848303,25.07356727
國1,28.3,121.4838515,25.07342551
國1,28.4,121.482866,25.07333079
國1,28.5,121.4818762,25.07328489
國1,28.6,121.4808852,25.0732889
國1,28.7,121.479896,25.07334536
國1,28.8,121.4789118,25.0734516
國1,28.9,121.4779362,25.07361072
國1,29.0,121.4769699,25.07381093
國1,29.1,121.4760127,25.07404514
國1,29.2,121.4750582,25.07428877
國1,29.3,121.4741037,25.0745324
國1,29.4,121.4731492,25.07477602
國1,29.5,121.4721944,25.07501845
國1,29.6,121.4712365,25.07525066
國1,29.7,121.4702703,25.0754518
國1,29.8,121.4692944,25.0756093
國1,29.9,121.468312,25.07572849
國1,30.0,121.4673247,25.07580725
國1,30.1,121.4663345,25.07584671
國1,30.2,121.4653433,25.07584548
國1,30.3,121.4643534,25.07579938
國1,30.4,121.4633666,25.07571516
國1,30.5,121.4623855,25.07558722
國1,30.6,121.4614109,25.07542305
國1,30.7,121.4604478,25.07520986
國1,30.8,121.4594925,25.07496967
國1,30.9,121.4585495,25.07469159
國1,31.0,121.4576088,25.07440674
國1,31.1,121.4566682,25.07412188
國1,31.2,121.4557276,25.07383702
國1,31.3,121.454787,25.07355215
國1,31.4,121.4538464,25.07326728
國1,31.5,121.4529058,25.0729824
國1,31.6,121.4519652,25.07269751
國1,31.7,121.4510246,25.07241262
國1,31.8,121.450084,25.07212772
國1,31.9,121.4491434,25.07184282
國1,32.0,121.4482028,25.07155791
國1,32.1,121.4472622,25.07127299
國1,32.2,121.4463217,25.07098807
國1,32.3,121.4453811,25.07070314
國1,32.4,121.4444405,25.07041821
國1,32.5,121.4435,25.07013327
國1,32.6,121.4425585,25.06985084
國1,32.7,121.4416104,25.06958778
國1,32.8,121.440655,25.06934708
國1,32.9,121.4396923,25.06913231
國1,33.0,121.4387233,25.0689425
國1,33.1,121.4377477,25.068783
國1,33.2,121.4367678,25.06864737
國1,33.3,121.4357844,25.06853543
國1,33.4,121.4347979,25.06844811
國1,33.5,121.4338092,25.06838546
國1,33.6,121.4328197,25.06833489
國1,33.7,121.43183,25.06828917
國1,33.8,121.4308402,25.06824544
國1,33.9,121.4298503,25.0682017
國1,34.0,121.4288611,25.06814896
國1,34.1,121.4278768,25.0680467
國1,34.2,121.4269043,25.06787536
國1,34.3,121.4259571,25.06761141
國1,34.4,121.425043,25.06726409
國1,34.5,121.4241683,25.0668406
國1,34.6,121.4233282,25.06636175
國1,34.7,121.422509,25.06585357
國1,34.8,121.4216899,25.06534538
國1,34.9,121.4208707,25.06483719
國1,35.0,121.4200515,25.06432899
國1,35.1,121.4192324,25.06382079
國1,35.2,121.4184132,25.06331258
國1,35.3,121.4175941,25.06280437
國1,35.4,121.416775,25.06229616
國1,35.5,121.4159559,25.06178794
國1,35.6,121.4151367,25.06127971
國1,35.7,121.4143176,25.06077148
國1,35.8,121.4134986,25.0602632
國1,35.9,121.4126808,25.05975374
國1,36.0,121.411863,25.05924426
國1,36.1,121.4110452,25.05873478
國1,36.2,121.4102271,25.05822579
國1,36.3,121.4094073,25.05771915
國1,36.4,121.4085875,25.05721251
國1,36.5,121.4077615,25.05671434
國1,36.6,121.4069109,25.05625241
國1,36.7,121.4060163,25.05586654
國1,36.8,121.405076,25.0555851
國1,36.9,121.4041012,25.05542987
國1,37.0,121.4031121,25.05540434
國1,37.1,121.4021285,25.05550383
國1,37.2,121.4011726,25.05573787
國1,37.3,121.4002614,25.05609016
國1,37.4,121.3994136,25.05655501
國1,37.5,121.3986511,25.05712985
國1,37.6,121.3979704,25.05778484
國1,37.7,121.3973604,25.05849563
國1,37.8,121.3967858,25.0592308
國1,37.9,121.3962147,25.05996815
國1,38.0,121.3956257,25.06069353
國1,38.1,121.3950013,25.0613938
國1,38.2,121.3943523,25.06207503
國1,38.3,121.3936704,25.06272875
國1,38.4,121.3929423,25.06333921
國1,38.5,121.3921473,25.06387539
國1,38.6,121.3912877,25.06432117
國1,38.7,121.390366,25.06464787
國1,38.8,121.3894034,25.06485597
國1,38.9,121.3884232,25.06497794
國1,39.0,121.3874343,25.06501227
國1,39.1,121.3864464,25.06495963
國1,39.2,121.3854654,25.06483956
國1,39.3,121.3844905,25.06468437
國1,39.4,121.3835109,25.06455714
國1,39.5,121.3825227,25.06453953
國1,39.6,121.3815468,25.06468246
國1,39.7,121.3806016,25.06494792
國1,39.8,121.3796747,25.06526372
國1,39.9,121.3787474,25.06557865
國1,40.0,121.3778,25.06583781
國1,40.1,121.3768251,25.06598823
國1,40.2,121.3758367,25.06601921
國1,40.3,121.3748501,25.06594536
國1,40.4,121.3738681,25.06582788
國1,40.5,121.3728865,25.06570602
國1,40.6,121.3719049,25.06558416
國1,40.7,121.3709234,25.06546228
國1,40.8,121.3699405,25.06534779
國1,40.9,121.3689564,25.06524177
國1,41.0,121.3679706,25.06514866
國1,41.1,121.3669831,25.06507112
國1,41.2,121.3659944,25.06500761
國1,41.3,121.3650049,25.06495601
國1,41.4,121.3640148,25.06491318
國1,41.5,121.363024,25.06488752
國1,41.6,121.362033,25.06487484
國1,41.7,121.3610418,25.06487206
國1,41.8,121.3600507,25.06487798
國1,41.9,121.35906,25.06490438
國1,42.0,121.3580699,25.06494598
國1,42.1,121.3570802,25.06499496
國1,42.2,121.3560917,25.06506195
國1,42.3,121.3551038,25.06513475
國1,42.4,121.3541175,25.06522412
國1,42.5,121.3531316,25.06531754
國1,42.6,121.3521457,25.06541095
國1,42.7,121.3511594,25.06549985
國1,42.8,121.3501712,25.06556987
國1,42.9,121.3491812,25.06561401
國1,43.0,121.3481902,25.06562242
國1,43.1,121.3471993,25.06560326
國1,43.2,121.3462097,25.06555598
國1,43.3,121.3452225,25.06547889
國1,43.4,121.3442389,25.06537009
國1,43.5,121.3432606,25.0652277
國1,43.6,121.3422926,25.06503643
國1,43.7,121.3413357,25.06480353
國1,43.8,121.3403913,25.0645318
國1,43.9,121.3394663,25.06420971
國1,44.0,121.3385577,25.06385136
國1,44.1,121.3376728,25.06344669
國1,44.2,121.3368085,25.06300641
國1,44.3,121.3359662,25.06253193
國1,44.4,121.3351444,25.06202841
國1,44.5,121.3343417,25.06149991
國1,44.6,121.3335613,25.06094441
國1,44.7,121.3328034,25.06036384
國1,44.8,121.332068,25.05975973
國1,44.9,121.3313602,25.05912886
國1,45.0,121.3306693,25.05848288
國1,45.1,121.3300091,25.05781086
國1,45.2,121.3293757,25.05711779
國1,45.3,121.3287709,25.05640392
國1,45.4,121.3281901,25.05567382
國1,45.5,121.3276383,25.05492523
國1,45.6,121.327096,25.05417088
國1,45.7,121.326552,25.05341757
國1,45.8,121.3259941,25.05267262
國1,45.9,121.3254088,25.05194539
國1,46.0,121.3247862,25.0512441
國1,46.1,121.3241178,25.05057884
國1,46.2,121.3233982,25.04995927
國1,46.3,121.3226369,25.04938219
國1,46.4,121.3218278,25.0488619
國1,46.5,121.3209806,25.04839414
國1,46.6,121.3201026,25.04797624
國1,46.7,121.319204,25.04759606
國1,46.8,121.3182923,25.04724262
國1,46.9,121.3173713,25.04690977
國1,47.0,121.3164494,25.04657894
國1,47.1,121.3155275,25.0462481
國1,47.2,121.3146081,25.04591165
國1,47.3,121.3136921,25.04556779
國1,47.4,121.3127804,25.04521443
國1,47.5,121.3118722,25.04485369
國1,47.6,121.3109684,25.04448372
國1,47.7,121.3100695,25.04410397
國1,47.8,121.3091745,25.04371666
國1,47.9,121.3082833,25.04332195
國1,48.0,121.3073966,25.04291902
國1,48.1,121.3065141,25.04250829
國1,48.2,121.3056359,25.04209011
國1,48.3,121.3047636,25.04166173
國1,48.4,121.3038949,25.04122745
國1,48.5,121.3030294,25.04078779
國1,48.6,121.3021711,25.04033671
國1,48.7,121.3013178,25.03987785
國1,48.8,121.3004699,25.0394108
國1,48.9,121.2996248,25.03893962
國1,49.0,121.298787,25.03845775
國1,49.1,121.297955,25.03796775
國1,49.2,121.2971282,25.03747046
國1,49.3,121.2963067,25.03696569
國1,49.4,121.2954905,25.03645383
國1,49.5,121.2946797,25.03593487
國1,49.6,121.293874,25.03540923
國1,49.7,121.2930751,25.03487508
國1,49.8,121.2922808,25.03433539
國1,49.9,121.2914952,25.03378518
國1,50.0,121.2907128,25.03323122
國1,50.1,121.2899361,25.0326707
國1,50.2,121.289168,25.03210045
國1,50.3,121.2884047,25.03152479
國1,50.4,121.2876468,25.03094319
國1,50.5,121.2868977,25.03035222
國1,50.6,121.286154,25.02975556
國1,50.7,121.2854174,25.02915167
國1,50.8,121.2846886,25.02854003
國1,50.9,121.2839644,25.02792381
國1,51.0,121.2832479,25.02730023
國1,51.1,121.2825359,25.02667232
國1,51.2,121.2818258,25.02604272
國1,51.3,121.2811156,25.02541311
國1,51.4,121.2804054,25.0247835
國1,51.5,121.2796953,25.02415389
國1,51.6,121.2789851,25.02352427
國1,51.7,121.278275,25.02289465
國1,51.8,121.2775641,25.02226571
國1,51.9,121.2768515,25.02163847
國1,52.0,121.2761388,25.02101122
國1,52.1,121.275416,25.02039369
國1,52.2,121.2746899,25.01977941
國1,52.3,121.2739586,25.01917031
國1,52.4,121.2732209,25.01856754
國1,52.5,121.2724765,25.01797174
國1,52.6,121.2717289,25.01737929
國1,52.7,121.2709761,25.01679229
國1,52.8,121.2702216,25.01620706
國1,52.9,121.2694672,25.01562183
國1,53.0,121.2687127,25.0150366
國1,53.1,121.2679583,25.01445136
國1,53.2,121.2672038,25.01386612
國1,53.3,121.2664494,25.01328088
國1,53.4,121.2656984,25.01269202
國1,53.5,121.2649453,25.01210536
國1,53.6,121.2641915,25.01151948
國1,53.7,121.2634377,25.0109336
國1,53.8,121.2626839,25.01034771
國1,53.9,121.2619301,25.00976182
國1,54.0,121.2611763,25.00917592
國1,54.1,121.2604226,25.00859002
國1,54.2,121.2596688,25.00800412
國1,54.3,121.258915,25.00741821
國1,54.4,121.2581613,25.0068323
國1,54.5,121.2574075,25.00624638
國1,54.6,121.2566538,25.00566047
國1,54.7,121.2559001,25.00507454
國1,54.8,121.255146,25.00448896
國1,54.9,121.2543917,25.00390377
國1,55.0,121.2536373,25.00331858
國1,55.1,121.2528829,25.00273339
國1,55.2,121.2521286,25.00214819
國1,55.3,121.2513742,25.00156299
國1,55.4,121.2506199,25.00097778
國1,55.5,121.2498689,25.00038903
國1,55.6,121.2491303,24.99978746
國1,55.7,121.2484004,24.99917719
國1,55.8,121.2476814,24.99855623
國1,55.9,121.2469782,24.99792036
國1,56.0,121.2462819,24.99727829
國1,56.1,121.2455999,24.99662358
國1,56.2,121.2449312,24.99595751
國1,56.3,121.2442626,24.99529132
國1,56.4,121.2435966,24.99462305
國1,56.5,121.2429326,24.99395305
國1,56.6,121.2422687,24.99328305
國1,56.7,121.2416025,24.9926149
國1,56.8,121.2409361,24.99194683
國1,56.9,121.2402698,24.99127876
國1,57.0,121.2396036,24.99061069
國1,57.1,121.2389373,24.98994261
國1,57.2,121.238271,24.98927453
國1,57.3,121.2376047,24.98860645
國1,57.4,121.2369385,24.98793836
國1,57.5,121.2362722,24.98727027
國1,57.6,121.2356059,24.98660218
國1,57.7,121.2349381,24.9859354
國1,57.8,121.2342615,24.98527611
國1,57.9,121.2335662,24.98463318
國1,58.0,121.2328562,24.98400374
國1,58.1,121.2321357,24.98338418
國1,58.2,121.2314134,24.98276638
國1,58.3,121.2306911,24.98214858
國1,58.4,121.2299688,24.98153078
國1,58.5,121.2292465,24.98091298
國1,58.6,121.2285243,24.98029517
國1,58.7,121.227802,24.97967736
國1,58.8,121.2270797,24.97905954
國1,58.9,121.2263575,24.97844172
國1,59.0,121.2256352,24.9778239
國1,59.1,121.224913,24.97720608
國1,59.2,121.2241908,24.97658825
國1,59.3,121.2234685,24.97597041
國1,59.4,121.2227463,24.97535258
國1,59.5,121.2220241,24.97473473
國1,59.6,121.2213019,24.97411689
國1,59.7,121.2205797,24.97349904
國1,59.8,121.2198575,24.97288119
國1,59.9,121.2191354,24.97226334
國1,60.0,121.2184132,24.97164548
國1,60.1,121.217691,24.97102761
國1,60.2,121.2169689,24.97040975
國1,60.3,121.2162467,24.96979188
國1,60.4,121.2155246,24.96917401
國1,60.5,121.2147996,24.9685589
國1,60.6,121.2140668,24.96795156
國1,60.7,121.2133167,24.9673622
國1,60.8,121.2125487,24.96679223
國1,60.9,121.2117659,24.96623913
國1,61.0,121.2109676,24.96570476
國1,61.1,121.2101649,24.96517605
國1,61.2,121.2093621,24.96464733
國1,61.3,121.2085593,24.96411861
國1,61.4,121.2077566,24.96358989
國1,61.5,121.2069539,24.96306116
國1,61.6,121.2061511,24.96253242
國1,61.7,121.2053484,24.96200368
國1,61.8,121.2045562,24.96146198
國1,61.9,121.2037837,24.96089717
國1,62.0,121.2030334,24.96030804
國1,62.1,121.2023108,24.95969071
國1,62.2,121.2016158,24.95904767
國1,62.3,121.2009486,24.95838053
國1,62.4,121.2003109,24.95768993
國1,62.5,121.1997058,24.95697528
國1,62.6,121.199133,24.95623887
國1,62.7,121.1985943,24.95548139
國1,62.8,121.1980888,24.95470519
國1,62.9,121.197619,24.95391052
國1,63.0,121.1971819,24.95310044
國1,63.1,121.1967791,24.95227569
國1,63.2,121.1964131,24.95143687
國1,63.3,121.1960818,24.9505861
國1,63.4,121.1957901,24.94972348
國1,63.5,121.1955249,24.9488537
國1,63.6,121.195278,24.94797944
國1,63.7,121.1950311,24.94710518
國1,63.8,121.1947842,24.94623092
國1,63.9,121.1945374,24.94535665
國1,64.0,121.1942905,24.94448239
國1,64.1,121.1940436,24.94360813
國1,64.2,121.1937928,24.94273484
國1,64.3,121.1935063,24.94187086
國1,64.4,121.1931755,24.94102016
國1,64.5,121.1927859,24.94019036
國1,64.6,121.1923526,24.93937895
國1,64.7,121.1918696,24.93859108
國1,64.8,121.1913361,24.93783084
國1,64.9,121.1907605,24.93709683
國1,65.0,121.1901397,24.93639386
國1,65.1,121.1894765,24.93572408
國1,65.2,121.1887731,24.93508926
國1,65.3,121.188033,24.93449016
國1,65.4,121.1872613,24.93392528
國1,65.5,121.1864521,24.93340585
國1,65.6,121.1856125,24.93292834
國1,65.7,121.1847465,24.93249177
國1,65.8,121.1838536,24.93210251
國1,65.9,121.1829419,24.93175096
國1,66.0,121.1820168,24.93142938
國1,66.1,121.1810913,24.93110857
國1,66.2,121.1801659,24.93078776
國1,66.3,121.1792418,24.93046351
國1,66.4,121.1783266,24.93011937
國1,66.5,121.1774279,24.92974081
國1,66.6,121.1765563,24.92931282
國1,66.7,121.17571,24.92884443
國1,66.8,121.1748962,24.92833051
國1,66.9,121.1741163,24.92777463
國1,67.0,121.1733637,24.92718837
國1,67.1,121.1726523,24.92656127
國1,67.2,121.1719799,24.92589882
國1,67.3,121.1713523,24.92520086
國1,67.4,121.1707621,24.92447607
國1,67.5,121.170223,24.92371895
國1,67.6,121.1697279,24.92293724
國1,67.7,121.1692811,24.92213176
國1,67.8,121.1688804,24.92130639
國1,67.9,121.1685309,24.92046193
國1,68.0,121.1682143,24.9196067
國1,68.1,121.1679157,24.91874617
國1,68.2,121.1676113,24.91788709
國1,68.3,121.1673069,24.917028
國1,68.4,121.1670026,24.91616892
國1,68.5,121.1666982,24.91530983
國1,68.6,121.1663938,24.91445074
國1,68.7,121.1660907,24.91359141
國1,68.8,121.1657884,24.91273189
國1,68.9,121.1654861,24.91187236
國1,69.0,121.1651838,24.91101284
國1,69.1,121.1648815,24.91015332
國1,69.2,121.1645792,24.9092938
國1,69.3,121.1642676,24.90843712
國1,69.4,121.1639058,24.90759716
國1,69.5,121.163466,24.906789
國1,69.6,121.1629431,24.9060231
國1,69.7,121.1623349,24.90531153
國1,69.8,121.1616554,24.90465575
國1,69.9,121.1609085,24.90406407
國1,70.0,121.1601152,24.90352459
國1,70.1,121.1592865,24.90303106
國1,70.2,121.1584213,24.90259284
國1,70.3,121.157527,24.90220636
國1,70.4,121.1566073,24.90187311
國1,70.5,121.1556695,24.90158486
國1,70.6,121.1547217,24.90132459
國1,70.7,121.1537732,24.90106659
國1,70.8,121.1528246,24.90080858
國1,70.9,121.1518761,24.90055056
國1,71.0,121.1509276,24.90029254
國1,71.1,121.1499791,24.90003451
國1,71.2,121.1490306,24.89977647
國1,71.3,121.1480817,24.89951936
國1,71.4,121.1471328,24.89926239
國1,71.5,121.1461838,24.89900542
國1,71.6,121.1452349,24.89874843
國1,71.7,121.144286,24.89849145
國1,71.8,121.1433371,24.89823445
國1,71.9,121.1423881,24.89797746
國1,72.0,121.1414392,24.89772045
國1,72.1,121.1404903,24.89746344
國1,72.2,121.1395414,24.89720642
國1,72.3,121.1385925,24.8969494
國1,72.4,121.1376436,24.89669237
國1,72.5,121.1366947,24.89643533
國1,72.6,121.1357458,24.89617829
國1,72.7,121.1347969,24.89592124
國1,72.8,121.1338481,24.89566419
國1,72.9,121.1328992,24.89540713
國1,73.0,121.1319503,24.89515007
國1,73.1,121.1310014,24.89489299
國1,73.2,121.1300526,24.89463592
國1,73.3,121.1291034,24.89437988
國1,73.4,121.1281511,24.8941337
國1,73.5,121.1271959,24.89389697
國1,73.6,121.1262342,24.89368336
國1,73.7,121.1252661,24.89349552
國1,73.8,121.124292,24.89333606
國1,73.9,121.1233125,24.89320666
國1,74.0,121.1223289,24.89310615
國1,74.1,121.1213423,24.89303445
國1,74.2,121.1203536,24.89299604
國1,74.3,121.119364,24.89298304
國1,74.4,121.1183745,24.89300449
國1,74.5,121.1173862,24.89305327
國1,74.6,121.1163991,24.89311924
國1,74.7,121.1154126,24.89319396
國1,74.8,121.1144262,24.89326867
國1,74.9,121.1134393,24.89333791
國1,75.0,121.1124514,24.89339295
國1,75.1,121.111462,24.89341832
國1,75.2,121.1104723,24.89341253
國1,75.3,121.1094837,24.89336963
國1,75.4,121.1084975,24.89329283
國1,75.5,121.1075156,24.89317986
國1,75.6,121.10654,24.8930286
國1,75.7,121.1055712,24.89284467
國1,75.8,121.1046117,24.89262389
國1,75.9,121.103663,24.8923673
國1,76.0,121.1027257,24.89207816
國1,76.1,121.1018018,24.89175482
國1,76.2,121.1008935,24.89139683
國1,76.3,121.100001,24.89100709
國1,76.4,121.0991262,24.89058514
國1,76.5,121.0982706,24.89013151
國1,76.6,121.0974356,24.88964682
國1,76.7,121.0966131,24.88914465
國1,76.8,121.0957986,24.88863167
國1,76.9,121.0949841,24.88811869
國1,77.0,121.0941655,24.88761117
國1,77.1,121.0933337,24.88712182
國1,77.2,121.0924832,24.88666036
國1,77.3,121.09161,24.88623584
國1,77.4,121.0907133,24.8858545
國1,77.5,121.0897879,24.88553522
國1,77.6,121.0888436,24.88526605
國1,77.7,121.0878802,24.88506063
國1,77.8,121.0869047,24.88490986
國1,77.9,121.0859208,24.88481424
國1,78.0,121.0849332,24.88475591
國1,78.1,121.0839449,24.88470832
國1,78.2,121.0829566,24.88466073
國1,78.3,121.0819693,24.88459704
國1,78.4,121.0809854,24.88450026
國1,78.5,121.0800084,24.88435649
國1,78.6,121.079041,24.88416658
國1,78.7,121.0780849,24.88393359
國1,78.8,121.0771433,24.88365575
國1,78.9,121.0762174,24.88333742
國1,79.0,121.0753103,24.88297665
國1,79.1,121.0744212,24.88258019
國1,79.2,121.0735603,24.88213508
國1,79.3,121.0727224,24.8816549
國1,79.4,121.0719085,24.88114134
國1,79.5,121.0711127,24.88060451
國1,79.6,121.070317,24.88006766
國1,79.7,121.0695167,24.87953656
國1,79.8,121.0687034,24.8790225
國1,79.9,121.0678599,24.87855061
國1,80.0,121.0669923,24.87811671
國1,80.1,121.0661016,24.87772389
國1,80.2,121.0651925,24.87736759
國1,80.3,121.0642632,24.87705785
國1,80.4,121.0633193,24.87678743
國1,80.5,121.0623606,24.87656424
國1,80.6,121.0613921,24.87637969
國1,80.7,121.0604138,24.87624457
國1,80.8,121.0594297,24.87615179
國1,80.9,121.0584418,24.87609849
國1,81.0,121.0574525,24.87607646
國1,81.1,121.0564628,24.8760735
國1,81.2,121.0554733,24.87608781
國1,81.3,121.0544843,24.8761195
國1,81.4,121.0534959,24.87616482
國1,81.5,121.0525082,24.87622201
國1,81.6,121.0515212,24.87628792
國1,81.7,121.0505349,24.87636244
國1,81.8,121.0495492,24.87644441
國1,81.9,121.0485636,24.87652638
國1,82.0,121.047578,24.87660834
國1,82.1,121.0465924,24.87669029
國1,82.2,121.0456064,24.87676829
國1,82.3,121.04462,24.87684059
國1,82.4,121.043633,24.87690551
國1,82.5,121.0426452,24.87695847
國1,82.6,121.0416567,24.87700027
國1,82.7,121.0406676,24.87702435
國1,82.8,121.0396781,24.87703428
國1,82.9,121.0386886,24.87702165
國1,83.0,121.0376998,24.87698708
國1,83.1,121.0367119,24.87693477
國1,83.2,121.0357258,24.87685867
國1,83.3,121.0347424,24.87675761
國1,83.4,121.0337619,24.87663574
國1,83.5,121.0327854,24.87648948
國1,83.6,121.0318132,24.87632158
國1,83.7,121.030845,24.87613538
國1,83.8,121.0298822,24.8759271
國1,83.9,121.0289259,24.87569534
國1,84.0,121.0279762,24.87544189
國1,84.1,121.0270344,24.87516514
國1,84.2,121.0260995,24.8748695
國1,84.3,121.0251739,24.87454988
國1,84.4,121.0242595,24.87420468
國1,84.5,121.0233572,24.87383424
國1,84.6,121.0224709,24.87343262
國1,84.7,121.0216054,24.87299492
國1,84.8,121.0207583,24.8725284
國1,84.9,121.0199347,24.87202802
國1,85.0,121.019134,24.87149752
國1,85.1,121.0183581,24.87093725
國1,85.2,121.017608,24.87034843
國1,85.3,121.0168878,24.86972931
國1,85.4,121.0161946,24.86908504
國1,85.5,121.0155306,24.86841571
國1,85.6,121.0149002,24.86771986
國1,85.7,121.0143014,24.86700115
國1,85.8,121.0137377,24.86625921
國1,85.9,121.0132043,24.86549884
國1,86.0,121.0127077,24.86471795
國1,86.1,121.0122474,24.86391881
國1,86.2,121.011825,24.86310243
國1,86.3,121.0114433,24.86226956
國1,86.4,121.0111122,24.86141899
國1,86.5,121.0108599,24.86054638
國1,86.6,121.0107055,24.85965514
國1,86.7,121.0106688,24.85875369
國1,86.8,121.0107563,24.85785544
國1,86.9,121.01096,24.85697317
國1,87.0,121.0112856,24.85612184
國1,87.1,121.0117249,24.85531451
國1,87.2,121.0122687,24.85456227
國1,87.3,121.0128921,24.85386282
國1,87.4,121.0135709,24.853207
國1,87.5,121.0142809,24.85257886
國1,87.6,121.0150067,24.85196533
國1,87.7,121.0157329,24.8513522
國1,87.8,121.0164592,24.85073907
國1,87.9,121.0171854,24.85012593
國1,88.0,121.0179116,24.84951279
國1,88.1,121.0186335,24.84889544
國1,88.2,121.019328,24.84825268
國1,88.3,121.0199635,24.8475612
國1,88.4,121.0205151,24.84681239
國1,88.5,121.0209883,24.84602008
國1,88.6,121.0213673,24.84518664
國1,88.7,121.0216553,24.84432357
國1,88.8,121.0218689,24.8434422
國1,88.9,121.0220452,24.84255387
國1,89.0,121.0221835,24.84165993
國1,89.1,121.0222856,24.840762
國1,89.2,121.0223512,24.83986125
國1,89.3,121.0223845,24.83895902
國1,89.4,121.0223831,24.83805628
國1,89.5,121.0223433,24.8371543
國1,89.6,121.0222696,24.83625407
國1,89.7,121.0221615,24.83535672
國1,89.8,121.0220169,24.83446366
國1,89.9,121.0218394,24.83357557
國1,90.0,121.0216277,24.83269372
國1,90.1,121.0213809,24.8318194
國1,90.2,121.0211005,24.8309536
國1,90.3,121.0207841,24.83009823
國1,90.4,121.0204358,24.8292533
國1,90.5,121.0200537,24.82842055
國1,90.6,121.0196438,24.82759892
國1,90.7,121.0192,24.82679211
國1,90.8,121.0187304,24.82599752
國1,90.9,121.0182447,24.82521097
國1,91.0,121.0177405,24.82443422
國1,91.1,121.0172351,24.82365805
國1,91.2,121.0167298,24.82288187
國1,91.3,121.0162244,24.8221057
國1,91.4,121.0157309,24.82132324
國1,91.5,121.0152447,24.82053701
國1,91.6,121.0147752,24.81974235
國1,91.7,121.0143257,24.81893815
國1,91.8,121.0138917,24.8181269
國1,91.9,121.0134779,24.81730683
國1,92.0,121.0130852,24.81647823
國1,92.1,121.0127144,24.81564125
國1,92.2,121.0123617,24.8147978
國1,92.3,121.0120317,24.81394674
國1,92.4,121.0117203,24.81308984
國1,92.5,121.0114319,24.81222624
國1,92.6,121.0111625,24.81135756
國1,92.7,121.0109169,24.81048299
國1,92.8,121.01069,24.80960429
國1,92.9,121.0104852,24.80872106
國1,93.0,121.0103026,24.80783378
國1,93.1,121.0101368,24.80694371
國1,93.2,121.0099806,24.8060522
國1,93.3,121.0098376,24.80515882
國1,93.4,121.0096947,24.80426543
國1,93.5,121.0095518,24.80337205
國1,93.6,121.0094089,24.80247867
國1,93.7,121.0092523,24.80158727
國1,93.8,121.009092,24.8006964
國1,93.9,121.0089092,24.79980934
國1,94.0,121.0087054,24.79892612
國1,94.1,121.0084807,24.79804716
國1,94.2,121.0082338,24.79717312
國1,94.3,121.0079664,24.79630416
國1,94.4,121.0076772,24.79544108
國1,94.5,121.0073684,24.79458361
國1,94.6,121.0070425,24.79373143
國1,94.7,121.0067024,24.79288387
國1,94.8,121.0063542,24.79203907
國1,94.9,121.0059987,24.79119681
國1,95.0,121.0056431,24.79035455
國1,95.1,121.0052875,24.78951228
國1,95.2,121.0049337,24.78866944
國1,95.3,121.0045966,24.78782093
國1,95.4,121.0042907,24.78696264
國1,95.5,121.0040363,24.78609048
國1,95.6,121.0038287,24.78520812
國1,95.7,121.0036664,24.7843178
國1,95.8,121.0035571,24.78342081
國1,95.9,121.0034939,24.78252012
國1,96.0,121.0034623,24.78161805
國1,96.1,121.0034628,24.78071544
國1,96.2,121.0034815,24.77981286
國1,96.3,121.0035141,24.77891051
國1,96.4,121.0035484,24.77800819
國1,96.5,121.0035828,24.77710588
國1,96.6,121.0036063,24.77620335
國1,96.7,121.0036118,24.77530059
國1,96.8,121.0035862,24.77439817
國1,96.9,121.0035256,24.77349724
國1,97.0,121.0034244,24.77259941
國1,97.1,121.0032731,24.77170752
國1,97.2,121.0030712,24.77082406
國1,97.3,121.0028227,24.76995066
國1,97.4,121.0025233,24.76909067
國1,97.5,121.0021807,24.76824445
國1,97.6,121.0017934,24.76741462
國1,97.7,121.0013596,24.76660435
國1,97.8,121.0008718,24.76581993
國1,97.9,121.0003353,24.76506228
國1,98.0,120.9997317,24.76434791
國1,98.1,120.999064,24.76368258
國1,98.2,120.9983204,24.76308838
國1,98.3,120.9975223,24.76255628
國1,98.4,120.9966667,24.76210414
國1,98.5,120.9957678,24.76172913
國1,98.6,120.99484,24.76141744
國1,98.7,120.9938976,24.76114409
國1,98.8,120.9929553,24.76087076
國1,98.9,120.9920206,24.76057646
國1,99.0,120.991108,24.76022991
國1,99.1,120.9902447,24.75979128
國1,99.2,120.9894437,24.75926339
國1,99.3,120.9887244,24.758645
國1,99.4,120.9880887,24.75795426
國1,99.5,120.9875096,24.75722294
國1,99.6,120.9869581,24.7564738
國1,99.7,120.9864068,24.75572449
國1,99.8,120.9858556,24.75497518
國1,99.9,120.9853044,24.75422586
國1,100.0,120.9847488,24.7534792
國1,100.1,120.9841629,24.75275219
國1,100.2,120.9835131,24.75207235
國1,100.3,120.9827958,24.75145155
國1,100.4,120.9820141,24.75089974
國1,100.5,120.9811835,24.75041075
國1,100.6,120.9803335,24.74995044
國1,100.7,120.9794889,24.74948186
國1,100.8,120.9786762,24.7489691
國1,100.9,120.9779197,24.74838925
國1,101.0,120.9772262,24.74774706
國1,101.1,120.9766165,24.74703724
國1,101.2,120.9760794,24.74628026
國1,101.3,120.9756271,24.74547812
國1,101.4,120.9752495,24.744644
國1,101.5,120.9749143,24.74379461
國1,101.6,120.9745782,24.74294556
國1,101.7,120.9742146,24.74210614
國1,101.8,120.9737994,24.7412871
國1,101.9,120.9733222,24.74049663
國1,102.0,120.9727887,24.73973674
國1,102.1,120.9722009,24.73901102
國1,102.2,120.9715579,24.73832555
國1,102.3,120.9708715,24.73767617
國1,102.4,120.9701347,24.7370745
國1,102.5,120.9693603,24.73651379
國1,102.6,120.9685484,24.73599895
國1,102.7,120.9677277,24.73549569
國1,102.8,120.9669149,24.73498186
國1,102.9,120.9661311,24.73443196
國1,103.0,120.9653893,24.73383564
國1,103.1,120.9646891,24.73319856
國1,103.2,120.9640306,24.73252532
國1,103.3,120.9633885,24.73183886
國1,103.4,120.9627362,24.73116063
國1,103.5,120.9620411,24.73051902
國1,103.6,120.961299,24.72992319
國1,103.7,120.9605073,24.72938308
國1,103.8,120.9596729,24.72889945
國1,103.9,120.9587992,24.72847767
國1,104.0,120.9578941,24.7281154
國1,104.1,120.9569606,24.72781913
國1,104.2,120.9560072,24.72758136
國1,104.3,120.955039,24.72740023
國1,104.4,120.954063,24.72725846
國1,104.5,120.9530803,24.72716119
國1,104.6,120.9520949,24.72709083
國1,104.7,120.9511075,24.72705066
國1,104.8,120.9501193,24.72702758
國1,104.9,120.9491309,24.72701185
國1,105.0,120.9481426,24.7269961
國1,105.1,120.9471543,24.72698035
國1,105.2,120.9461663,24.7269516
國1,105.3,120.9451795,24.72690073
國1,105.4,120.9441947,24.7268236
國1,105.5,120.9432131,24.72671772
國1,105.6,120.942239,24.72656514
國1,105.7,120.9412753,24.72636482
國1,105.8,120.9403272,24.72611009
國1,105.9,120.9393979,24.72580295
國1,106.0,120.9384935,24.72543906
國1,106.1,120.937613,24.72502914
國1,106.2,120.9367626,24.72456922
國1,106.3,120.9359479,24.72405823
國1,106.4,120.9351677,24.72350423
國1,106.5,120.9344278,24.72290596
國1,106.6,120.9337298,24.72226711
國1,106.7,120.9330762,24.72159031
國1,106.8,120.9324699,24.72087787
國1,106.9,120.9319154,24.72013116
國1,107.0,120.9314114,24.7193551
國1,107.1,120.9309615,24.71855183
國1,107.2,120.9305685,24.71772392
國1,107.3,120.9302344,24.71687462
國1,107.4,120.9299567,24.71600844
國1,107.5,120.9297394,24.71512788
國1,107.6,120.9295755,24.71423773
國1,107.7,120.9294601,24.71334116
國1,107.8,120.9293774,24.71244154
國1,107.9,120.9293218,24.71154019
國1,108.0,120.9292828,24.71063811
國1,108.1,120.9292491,24.70973583
國1,108.2,120.9292058,24.70883395
國1,108.3,120.9291306,24.70793383
國1,108.4,120.9289946,24.70703992
國1,108.5,120.9287759,24.70615991
國1,108.6,120.928478,24.70529937
國1,108.7,120.9281026,24.70446458
國1,108.8,120.9276556,24.70365991
國1,108.9,120.9271356,24.70289265
國1,109.0,120.9265618,24.70215801
國1,109.1,120.9259468,24.70145163
國1,109.2,120.9253007,24.70076866
國1,109.3,120.9246436,24.70009443
國1,109.4,120.9239831,24.69942289
國1,109.5,120.9233292,24.69874604
國1,109.6,120.9226909,24.69805683
國1,109.7,120.9220831,24.69734497
國1,109.8,120.9215065,24.69661176
國1,109.9,120.9209636,24.69585751
國1,110.0,120.9204543,24.69508381
國1,110.1,120.9199788,24.69429244
國1,110.2,120.9195186,24.69349345
國1,110.3,120.9190753,24.69268651
國1,110.4,120.9186314,24.69187988
國1,110.5,120.9181815,24.69107596
國1,110.6,120.9177091,24.69028303
國1,110.7,120.9172093,24.68950427
國1,110.8,120.9166707,24.68874745
國1,110.9,120.9160947,24.68801407
國1,111.0,120.9154746,24.68731122
國1,111.1,120.9148179,24.68663673
國1,111.2,120.9141259,24.68599235
國1,111.3,120.9134009,24.68537904
國1,111.4,120.9126407,24.68480235
國1,111.5,120.9118509,24.68425989
國1,111.6,120.9110342,24.683752
國1,111.7,120.9101979,24.68327118
國1,111.8,120.9093573,24.68279642
國1,111.9,120.9085186,24.68231913
國1,112.0,120.9076948,24.68182065
國1,112.1,120.9068961,24.6812892
國1,112.2,120.9061282,24.68072134
國1,112.3,120.9053918,24.68011968
國1,112.4,120.9046872,24.67948706
國1,112.5,120.9040145,24.67882594
國1,112.6,120.9033557,24.6781531
國1,112.7,120.9027005,24.67747734
國1,112.8,120.9020422,24.67680412
國1,112.9,120.9013605,24.6761506
國1,113.0,120.9006493,24.67552404
國1,113.1,120.8998921,24.67494429
國1,113.2,120.8990953,24.67441079
國1,113.3,120.8982564,24.67393422
國1,113.4,120.897384,24.67351083
國1,113.5,120.8964803,24.67314648
國1,113.6,120.8955511,24.67283995
國1,113.7,120.8945991,24.67259909
國1,113.8,120.8936341,24.67240556
國1,113.9,120.8926635,24.67223636
國1,114.0,120.891696,24.67205385
國1,114.1,120.890741,24.67182287
國1,114.2,120.8898116,24.67151774
國1,114.3,120.888921,24.67112763
國1,114.4,120.8880787,24.67065677
國1,114.5,120.8872886,24.67011558
國1,114.6,120.8865648,24.66950156
國1,114.7,120.88591,24.66882632
國1,114.8,120.8853296,24.66809612
國1,114.9,120.8848266,24.66731928
國1,115.0,120.8843977,24.6665061
國1,115.1,120.8840356,24.66566623
國1,115.2,120.8837266,24.66480888
國1,115.3,120.8834692,24.66393732
國1,115.4,120.8832545,24.66305607
國1,115.5,120.8830729,24.66216871
國1,115.6,120.88291,24.66127826
國1,115.7,120.8827575,24.66038623
國1,115.8,120.8826051,24.65949419
國1,115.9,120.8824507,24.65860243
國1,116.0,120.8822765,24.65771379
國1,116.1,120.882081,24.65682882
國1,116.2,120.8818515,24.65595071
國1,116.3,120.8815896,24.65508023
國1,116.4,120.8812947,24.65421862
國1,116.5,120.8809681,24.65336664
國1,116.6,120.8805983,24.65252956
國1,116.7,120.8801832,24.6517105
國1,116.8,120.8797089,24.65091873
國1,116.9,120.8791822,24.65015513
國1,117.0,120.8785967,24.64942818
國1,117.1,120.8779629,24.64873583
國1,117.2,120.877283,24.648081
國1,117.3,120.8765792,24.64744741
國1,117.4,120.8758715,24.6468175
國1,117.5,120.8751638,24.64618759
國1,117.6,120.874456,24.64555768
國1,117.7,120.8737483,24.64492777
國1,117.8,120.8730406,24.64429786
國1,117.9,120.8723329,24.64366794
國1,118.0,120.8716252,24.64303801
國1,118.1,120.8709175,24.64240809
國1,118.2,120.8702099,24.64177816
國1,118.3,120.8695038,24.6411468
國1,118.4,120.8688118,24.64050267
國1,118.5,120.8681532,24.63983017
國1,118.6,120.8675508,24.63911518
國1,118.7,120.8670302,24.63834872
國1,118.8,120.8666086,24.63753295
國1,118.9,120.8662829,24.63668114
國1,119.0,120.8660657,24.63580095
國1,119.1,120.865956,24.6349042
國1,119.2,120.8659583,24.63400184
國1,119.3,120.8660659,24.63310495
國1,119.4,120.8662681,24.63222159
國1,119.5,120.8665194,24.63134855
國1,119.6,120.8667815,24.63047809
國1,119.7,120.8670239,24.62960289
國1,119.8,120.8672021,24.62871514
國1,119.9,120.8673181,24.62781887
國1,120.0,120.867361,24.62691729
國1,120.1,120.8673333,24.6260153
國1,120.2,120.8672357,24.62511732
國1,120.3,120.8670709,24.62422755
國1,120.4,120.8668347,24.62335116
國1,120.5,120.8665291,24.6224929
國1,120.6,120.8661578,24.62165647
國1,120.7,120.8657259,24.6208448
國1,120.8,120.8652496,24.62005386
國1,120.9,120.8647639,24.61926775
國1,121.0,120.8643126,24.61846486
國1,121.1,120.8639557,24.61762357
國1,121.2,120.8637106,24.61674961
國1,121.3,120.8635893,24.61585429
國1,121.4,120.8635928,24.61495233
國1,121.5,120.8637129,24.614057
國1,121.6,120.8639345,24.6131776
國1,121.7,120.8642215,24.61231402
國1,121.8,120.8645224,24.61145433
國1,121.9,120.8648142,24.61059215
國1,122.0,120.865068,24.60972029
國1,122.1,120.8652472,24.60883337
國1,122.2,120.8653345,24.60793516
國1,122.3,120.8653339,24.60703351
國1,122.4,120.8652483,24.60613539
國1,122.5,120.8650674,24.60524906
國1,122.6,120.8648012,24.60438056
國1,122.7,120.864447,24.60353845
國1,122.8,120.864031,24.60272006
國1,122.9,120.8635659,24.60192369
國1,123.0,120.8630836,24.6011359
國1,123.1,120.8626068,24.6003455
國1,123.2,120.8621509,24.59954523
國1,123.3,120.861738,24.59872595
國1,123.4,120.8613788,24.59788591
國1,123.5,120.8610852,24.5970248
國1,123.6,120.8608448,24.59614992
國1,123.7,120.8606656,24.59526263
國1,123.8,120.8605505,24.59436639
國1,123.9,120.8604946,24.59346531
國1,124.0,120.8604999,24.5925627
國1,124.1,120.8605668,24.59166215
國1,124.2,120.8606832,24.59076564
國1,124.3,120.8608163,24.58987102
國1,124.4,120.8609516,24.58897669
國1,124.5,120.861044,24.58807797
國1,124.6,120.8610494,24.58717574
國1,124.7,120.8609447,24.58627842
國1,124.8,120.8607301,24.58539769
國1,124.9,120.8604151,24.58454249
國1,125.0,120.8600223,24.5837146
國1,125.1,120.8595724,24.58291121
國1,125.2,120.859063,24.58213795
國1,125.3,120.8585147,24.58138727
國1,125.4,120.8579357,24.58065604
國1,125.5,120.8573567,24.5799248
國1,125.6,120.8567864,24.57918804
國1,125.7,120.8562427,24.57843491
國1,125.8,120.8557562,24.57764992
國1,125.9,120.8553271,24.57683741
國1,126.0,120.8549531,24.57600235
國1,126.1,120.8546163,24.5751538
國1,126.2,120.8542907,24.57430149
國1,126.3,120.8539684,24.57344808
國1,126.4,120.8536461,24.57259467
國1,126.5,120.8533102,24.57174566
國1,126.6,120.8529192,24.57091689
國1,126.7,120.8524462,24.57012517
國1,126.8,120.8518763,24.56938904
國1,126.9,120.8512088,24.56872491
國1,127.0,120.8504593,24.56813844
國1,127.1,120.8496664,24.56760102
國1,127.2,120.8488648,24.56707402
國1,127.3,120.848073,24.56653492
國1,127.4,120.8473222,24.56594942
國1,127.5,120.8466259,24.5653099
國1,127.6,120.8459845,24.56462385
國1,127.7,120.8453882,24.56390448
國1,127.8,120.8448174,24.56316797
國1,127.9,120.8442785,24.56241155
國1,128.0,120.8437626,24.56164186
國1,128.1,120.8432776,24.5608555
國1,128.2,120.8428224,24.56005444
國1,128.3,120.842398,24.5592394
國1,128.4,120.8419962,24.55841481
國1,128.5,120.8416315,24.55757596
國1,128.6,120.8412964,24.55672682
國1,128.7,120.8409794,24.55587183
國1,128.8,120.8406773,24.55501228
國1,128.9,120.8403799,24.55415134
國1,129.0,120.8400825,24.5532904
國1,129.1,120.8397813,24.55243062
國1,129.2,120.8394633,24.55157594
國1,129.3,120.8391226,24.55072861
國1,129.4,120.8387475,24.54989362
國1,129.5,120.838336,24.54907308
國1,129.6,120.8378827,24.54827124
國1,129.7,120.8373884,24.5474899
國1,129.8,120.8368491,24.54673384
國1,129.9,120.8362683,24.54600395
國1,130.0,120.8356579,24.54529444
國1,130.1,120.8350349,24.54459418
國1,130.2,120.8344118,24.54389391
國1,130.3,120.8337887,24.54319364
國1,130.4,120.8331657,24.54249337
國1,130.5,120.8325426,24.5417931
國1,130.6,120.8319241,24.54108951
國1,130.7,120.8313211,24.54037484
國1,130.8,120.8307644,24.53962968
國1,130.9,120.8302633,24.53885216
國1,131.0,120.8298206,24.53804548
國1,131.1,120.8294386,24.53721342
國1,131.2,120.8291069,24.5363633
國1,131.3,120.8288173,24.53550033
國1,131.4,120.8285499,24.5346313
國1,131.5,120.8282901,24.53376033
國1,131.6,120.8280198,24.53289207
國1,131.7,120.8277261,24.53203023
國1,131.8,120.8273905,24.53118131
國1,131.9,120.8269966,24.53035363
國1,132.0,120.8265387,24.52955403
國1,132.1,120.8260198,24.52878625
國1,132.2,120.825442,24.5280545
國1,132.3,120.8248071,24.52736374
國1,132.4,120.824125,24.52671156
國1,132.5,120.8233894,24.52611004
國1,132.6,120.8226162,24.52554936
國1,132.7,120.8218147,24.52502289
國1,132.8,120.8209954,24.52451959
國1,132.9,120.8201679,24.52402759
國1,133.0,120.8193404,24.52353559
國1,133.1,120.8185133,24.52304298
國1,133.2,120.8177042,24.52252619
國1,133.3,120.816913,24.52198664
國1,133.4,120.8161542,24.52140966
國1,133.5,120.8154237,24.52080277
國1,133.6,120.8147296,24.52016116
國1,133.7,120.8140701,24.5194898
國1,133.8,120.8134485,24.51878873
國1,133.9,120.8128679,24.51805886
國1,134.0,120.8123285,24.51730296
國1,134.1,120.8118271,24.51652547
國1,134.2,120.8113679,24.51572642
國1,134.3,120.8109335,24.51491575
國1,134.4,120.810499,24.51410507
國1,134.5,120.8100559,24.51329838
國1,134.6,120.8095883,24.51250346
國1,134.7,120.8090775,24.51173107
國1,134.8,120.8085174,24.51098792
國1,134.9,120.8079073,24.51027859
國1,135.0,120.8072532,24.50960281
國1,135.1,120.8065574,24.50896292
國1,135.2,120.8058234,24.50835986
國1,135.3,120.8050516,24.50779757
國1,135.4,120.8042434,24.50728002
國1,135.5,120.8034036,24.50680637
國1,135.6,120.8025356,24.50637736
國1,135.7,120.8016418,24.50599507
國1,135.8,120.8007335,24.50564258
國1,135.9,120.7998135,24.50531648
國1,136.0,120.7988934,24.50499047
國1,136.1,120.7979734,24.50466446
國1,136.2,120.7970534,24.50433844
國1,136.3,120.7961334,24.50401242
國1,136.4,120.7952134,24.50368639
國1,136.5,120.7942934,24.50336036
國1,136.6,120.7933741,24.50303336
國1,136.7,120.7924565,24.5027035
國1,136.8,120.7915494,24.5023512
國1,136.9,120.7906617,24.50195989
國1,137.0,120.7898027,24.50151828
國1,137.1,120.7889732,24.50103114
國1,137.2,120.7881836,24.50049081
國1,137.3,120.7874267,24.49991256
國1,137.4,120.7867126,24.49928992
國1,137.5,120.7860423,24.49862762
國1,137.6,120.7854175,24.49792902
國1,137.7,120.7848449,24.49719389
國1,137.8,120.7843239,24.49642744
國1,137.9,120.7838532,24.49563436
國1,138.0,120.7834381,24.49481559
國1,138.1,120.783086,24.49397251
國1,138.2,120.7827857,24.49311272
國1,138.3,120.7825356,24.49223957
國1,138.4,120.7823273,24.49135723
國1,138.5,120.7821611,24.49046737
國1,138.6,120.7820334,24.48957221
國1,138.7,120.7819533,24.48867253
國1,138.8,120.7819203,24.48777055
國1,138.9,120.781932,24.48686807
國1,139.0,120.7819899,24.48596703
國1,139.1,120.7820929,24.48506931
國1,139.2,120.7822392,24.48417669
國1,139.3,120.7824285,24.48329073
國1,139.4,120.7826631,24.48241395
國1,139.5,120.7829354,24.48154645
國1,139.6,120.7832415,24.48068851
國1,139.7,120.7835774,24.47984003
國1,139.8,120.783932,24.47899799
國1,139.9,120.7843032,24.47816193
國1,140.0,120.7846848,24.47732975
國1,140.1,120.7850755,24.47650091
國1,140.2,120.7854667,24.47567231
國1,140.3,120.785858,24.47484371
國1,140.4,120.7862371,24.47401028
國1,140.5,120.7866049,24.4731726
國1,140.6,120.7869548,24.47232865
國1,140.7,120.7872832,24.47147768
國1,140.8,120.7875795,24.47061711
國1,140.9,120.7878406,24.46974738
國1,141.0,120.7880627,24.46886876
國1,141.1,120.7882424,24.46798199
國1,141.2,120.7883706,24.46708762
國1,141.3,120.7884341,24.46618753
國1,141.4,120.7884418,24.46528546
國1,141.5,120.7883858,24.46438479
國1,141.6,120.7882597,24.46348998
國1,141.7,120.7880726,24.46260414
國1,141.8,120.787818,24.46173238
國1,141.9,120.7875037,24.46087725
國1,142.0,120.7871244,24.46004447
國1,142.1,120.7866895,24.45923476
國1,142.2,120.7861873,24.4584583
國1,142.3,120.7856601,24.45769561
國1,142.4,120.7851257,24.45693695
國1,142.5,120.7845995,24.45617354
國1,142.6,120.784116,24.45538697
國1,142.7,120.7836896,24.45457348
國1,142.8,120.783339,24.45373043
國1,142.9,120.7830594,24.45286556
國1,143.0,120.7828503,24.45198424
國1,143.1,120.782694,24.45109347
國1,143.2,120.7825759,24.45019748
國1,143.3,120.7824666,24.44930039
國1,143.4,120.7823572,24.44840331
國1,143.5,120.7822246,24.4475087
國1,143.6,120.782051,24.44662
國1,143.7,120.7818251,24.44574124
國1,143.8,120.7815544,24.44487317
國1,143.9,120.7812372,24.44401847
國1,144.0,120.7808729,24.44317953
國1,144.1,120.7804742,24.44235378
國1,144.2,120.7800701,24.44153014
國1,144.3,120.7796695,24.44070513
國1,144.4,120.7792896,24.43987202
國1,144.5,120.7789638,24.43902009
國1,144.6,120.7786946,24.43815174
國1,144.7,120.7784898,24.43726877
國1,144.8,120.7783558,24.4363745
國1,144.9,120.7782739,24.43547493
國1,145.0,120.778257,24.43457229
國1,145.1,120.7782492,24.43366944
國1,145.2,120.7782173,24.43276711
國1,145.3,120.7781364,24.43186751
國1,145.4,120.7779826,24.43097622
國1,145.5,120.7777655,24.43009581
國1,145.6,120.777518,24.42922199
國1,145.7,120.7772638,24.42834979
國1,145.8,120.7770433,24.42747011
國1,145.9,120.7768825,24.42657957
國1,146.0,120.7768016,24.42567988
國1,146.1,120.7767387,24.42477884
國1,146.2,120.7766567,24.4238793
國1,146.3,120.7765136,24.42298645
國1,146.4,120.7762989,24.42210589
國1,146.5,120.7760243,24.42123926
國1,146.6,120.7757296,24.42037793
國1,146.7,120.7754565,24.41951076
國1,146.8,120.775245,24.41862912
國1,146.9,120.7750842,24.4177384
國1,147.0,120.7749301,24.41684659
國1,147.1,120.7747627,24.41595698
國1,147.2,120.7745485,24.41507608
國1,147.3,120.7742827,24.41420697
國1,147.4,120.7739618,24.4133536
國1,147.5,120.7735953,24.41251577
國1,147.6,120.7731696,24.41170178
國1,147.7,120.7727022,24.41090721
國1,147.8,120.7721834,24.41013986
國1,147.9,120.7716192,24.40939985
國1,148.0,120.7710145,24.4086874
國1,148.1,120.7703661,24.40800803
國1,148.2,120.7696864,24.40735495
國1,148.3,120.7689912,24.40671561
國1,148.4,120.7682919,24.40607994
國1,148.5,120.7675927,24.40544427
國1,148.6,120.7669104,24.40479327
國1,148.7,120.7662503,24.40412332
國1,148.8,120.7656176,24.40343155
國1,148.9,120.7650167,24.40271629
國1,149.0,120.7644518,24.40197676
國1,149.1,120.7639181,24.40121802
國1,149.2,120.7634036,24.4004482
國1,149.3,120.7629053,24.39966947
國1,149.4,120.7624105,24.39888885
國1,149.5,120.7619156,24.39810823
國1,149.6,120.7614126,24.39733205
國1,149.7,120.7609009,24.39656065
國1,149.8,120.760377,24.39579621
國1,149.9,120.7598409,24.39503877
國1,150.0,120.7593038,24.39428193
國1,150.1,120.7587667,24.3935251
國1,150.2,120.7582296,24.39276826
國1,150.3,120.7576999,24.39200697
國1,150.4,120.7571789,24.39124052
國1,150.5,120.7566753,24.39046435
國1,150.6,120.7561912,24.38967783
國1,150.7,120.7557292,24.38888025
國1,150.8,120.7552844,24.38807457
國1,150.9,120.7548524,24.38726313
國1,151.0,120.7544353,24.38644514
國1,151.1,120.7540305,24.38562217
國1,151.2,120.7536375,24.38479453
國1,151.3,120.7532506,24.38396466
國1,151.4,120.7528712,24.3831322
國1,151.5,120.7524919,24.38229973
國1,151.6,120.7521126,24.38146727
國1,151.7,120.7517333,24.3806348
國1,151.8,120.751354,24.37980233
國1,151.9,120.7509709,24.37897142
國1,152.0,120.7505806,24.3781434
國1,152.1,120.7501828,24.37731834
國1,152.2,120.7497835,24.37649386
國1,152.3,120.7493714,24.3756746
國1,152.4,120.7489464,24.37486075
國1,152.5,120.7485105,24.37405174
國1,152.6,120.7480587,24.37325019
國1,152.7,120.7475949,24.37245436
國1,152.8,120.7471173,24.37166549
國1,152.9,120.746624,24.37088486
國1,153.0,120.7461175,24.37011139
國1,153.1,120.7455961,24.36934634
國1,153.2,120.7450615,24.36858906
國1,153.3,120.7445123,24.36784057
國1,153.4,120.7439502,24.36710025
國1,153.5,120.7433771,24.36636701
國1,153.6,120.7427916,24.36564201
國1,153.7,120.7421926,24.36492629
國1,153.8,120.7415906,24.36421271
國1,153.9,120.7409799,24.36350534
國1,154.0,120.7403656,24.36280066
國1,154.1,120.7397498,24.36209699
國1,154.2,120.739134,24.36139332
國1,154.3,120.7385183,24.36068964
國1,154.4,120.7379011,24.35998577
國1,154.5,120.7372839,24.3592819
國1,154.6,120.7366667,24.35857803
國1,154.7,120.7360496,24.35787415
國1,154.8,120.7354324,24.35717028
國1,154.9,120.7348153,24.3564664
國1,155.0,120.7341981,24.35576251
國1,155.1,120.733581,24.35505863
國1,155.2,120.7329638,24.35435474
國1,155.3,120.7323467,24.35365085
國1,155.4,120.7317296,24.35294696
國1,155.5,120.7311125,24.35224306
國1,155.6,120.7304954,24.35153916
國1,155.7,120.7298783,24.35083526
國1,155.8,120.7292612,24.35013136
國1,155.9,120.7286441,24.34942745
國1,156.0,120.728027,24.34872355
國1,156.1,120.7274099,24.34801964
國1,156.2,120.7267929,24.34731572
國1,156.3,120.726176,24.34661167
國1,156.4,120.7255696,24.34589999
國1,156.5,120.7249747,24.34518023
國1,156.6,120.7243933,24.34445121
國1,156.7,120.7238295,24.34371078
國1,156.8,120.7232847,24.34295853
國1,156.9,120.7227598,24.34219447
國1,157.0,120.7222564,24.34141837
國1,157.1,120.7217707,24.34063284
國1,157.2,120.7212991,24.33984005
國1,157.3,120.7208441,24.3390392
國1,157.4,120.7203915,24.33823714
國1,157.5,120.719939,24.33743507
國1,157.6,120.7194864,24.33663301
國1,157.7,120.7190326,24.33583158
國1,157.8,120.7185686,24.3350351
國1,157.9,120.7180945,24.33424376
國1,158.0,120.7176055,24.33346012
國1,158.1,120.7170965,24.33268734
國1,158.2,120.7165685,24.33192534
國1,158.3,120.7160174,24.33117721
國1,158.4,120.7154495,24.33043971
國1,158.5,120.7148627,24.32971465
國1,158.6,120.7142532,24.32900555
國1,158.7,120.7136301,24.32830634
國1,158.8,120.7129925,24.32761807
國1,158.9,120.7123481,24.32693519
國1,159.0,120.7116986,24.3262562
國1,159.1,120.7110492,24.32557721
國1,159.2,120.7103998,24.32489821
國1,159.3,120.7097529,24.32421713
國1,159.4,120.7091119,24.32353143
國1,159.5,120.7084801,24.32283856
國1,159.6,120.7078609,24.32213628
國1,159.7,120.7072573,24.32142264
國1,159.8,120.7066716,24.32069668
國1,159.9,120.7061062,24.31995725
國1,160.0,120.7055543,24.31920936
國1,160.1,120.7050225,24.31844928
國1,160.2,120.7045114,24.31767736
國1,160.3,120.7040206,24.3168946
國1,160.4,120.7035438,24.31610449
國1,160.5,120.7030851,24.3153055
國1,160.6,120.7026463,24.31449715
國1,160.7,120.7022247,24.31368119
國1,160.8,120.7018154,24.31286004
國1,160.9,120.7014145,24.31203542
國1,161.0,120.7010261,24.31120571
國1,161.1,120.7006495,24.3103714
國1,161.2,120.7002789,24.30953488
國1,161.3,120.6999246,24.30869239
國1,161.4,120.6995831,24.30784543
國1,161.5,120.6992514,24.30699526
國1,161.6,120.6989326,24.30614095
國1,161.7,120.6986255,24.30528306
國1,161.8,120.6983277,24.30442242
國1,161.9,120.6980421,24.30355832
國1,162.0,120.6977733,24.30268973
國1,162.1,120.6975114,24.30181935
國1,162.2,120.6972616,24.300946
國1,162.3,120.6970235,24.30006988
國1,162.4,120.6967979,24.29919096
國1,162.5,120.6965854,24.29830935
國1,162.6,120.6963848,24.29742539
國1,162.7,120.6961959,24.29653925
國1,162.8,120.696018,24.2956512
國1,162.9,120.6958547,24.29476084
國1,163.0,120.6957004,24.29386914
國1,163.1,120.6955607,24.29297541
國1,163.2,120.69543,24.29208054
國1,163.3,120.6953126,24.29118413
國1,163.4,120.6952055,24.29028657
國1,163.5,120.6950984,24.28938902
國1,163.6,120.6949913,24.28849146
國1,163.7,120.6948841,24.2875939
國1,163.8,120.694777,24.28669634
國1,163.9,120.6946699,24.28579878
國1,164.0,120.6945628,24.28490122
國1,164.1,120.6944557,24.28400366
國1,164.2,120.6943486,24.28310611
國1,164.3,120.6942415,24.28220855
國1,164.4,120.6941344,24.28131099
國1,164.5,120.6940272,24.28041343
國1,164.6,120.6939201,24.27951587
國1,164.7,120.693813,24.27861831
國1,164.8,120.6937059,24.27772075
國1,164.9,120.6935988,24.27682319
國1,165.0,120.6934917,24.27592562
國1,165.1,120.6933846,24.27502806
國1,165.2,120.6932775,24.2741305
國1,165.3,120.6931704,24.27323294
國1,165.4,120.6930633,24.27233538
國1,165.5,120.6929563,24.27143782
國1,165.6,120.6928492,24.27054026
國1,165.7,120.6927421,24.2696427
國1,165.8,120.692635,24.26874513
國1,165.9,120.6925279,24.26784757
國1,166.0,120.6924208,24.26695001
國1,166.1,120.6923137,24.26605245
國1,166.2,120.6922066,24.26515489
國1,166.3,120.6920996,24.26425732
國1,166.4,120.6919925,24.26335976
國1,166.5,120.6918854,24.2624622
國1,166.6,120.6917783,24.26156463
國1,166.7,120.6916713,24.26066707
國1,166.8,120.6915642,24.25976951
國1,166.9,120.6914571,24.25887194
國1,167.0,120.69135,24.25797438
國1,167.1,120.691243,24.25707681
國1,167.2,120.6911359,24.25617925
國1,167.3,120.6910288,24.25528169
國1,167.4,120.6909218,24.25438412
國1,167.5,120.6908147,24.25348656
國1,167.6,120.6907076,24.25258899
國1,167.7,120.6906024,24.25169125
國1,167.8,120.690498,24.25079342
國1,167.9,120.6903935,24.2498956
國1,168.0,120.6902817,24.24899858
國1,168.1,120.6901698,24.24810157
國1,168.2,120.6900579,24.24720455
國1,168.3,120.6899461,24.24630753
國1,168.4,120.689822,24.24541188
國1,168.5,120.6896966,24.24451638
國1,168.6,120.6895642,24.24362171
國1,168.7,120.6894254,24.24272781
國1,168.8,120.6892752,24.24183548
國1,168.9,120.6891212,24.24094368
國1,169.0,120.6889569,24.24005343
國1,169.1,120.6887819,24.2391649
國1,169.2,120.6885933,24.23827872
國1,169.3,120.6883909,24.23739514
國1,169.4,120.6881761,24.23651406
國1,169.5,120.6879496,24.23563544
國1,169.6,120.6877058,24.23476073
國1,169.7,120.6874463,24.23388982
國1,169.8,120.6871698,24.23302333
國1,169.9,120.686877,24.23216136
國1,170.0,120.6865626,24.23130579
國1,170.1,120.6862307,24.23045582
國1,170.2,120.6858797,24.22961233
國1,170.3,120.6855053,24.22877732
國1,170.4,120.6851125,24.22794944
國1,170.5,120.6846962,24.22713129
國1,170.6,120.6842593,24.2263222
國1,170.7,120.6837985,24.22552433
國1,170.8,120.6833167,24.22473701
國1,170.9,120.6828123,24.22396165
國1,171.0,120.6822896,24.22319661
國1,171.1,120.681744,24.22244511
國1,171.2,120.6811784,24.2217062
國1,171.3,120.6805951,24.22097891
國1,171.4,120.6799918,24.22026548
國1,171.5,120.6793674,24.21956748
國1,171.6,120.6787247,24.21888359
國1,171.7,120.6780631,24.21821507
國1,171.8,120.6773816,24.2175636
國1,171.9,120.6766849,24.21692586
國1,172.0,120.6759736,24.21630175
國1,172.1,120.675241,24.21569869
國1,172.2,120.6744959,24.21510884
國1,172.3,120.6737336,24.21453763
國1,172.4,120.6729564,24.21398356
國1,172.5,120.6721656,24.21344588
國1,172.6,120.6713575,24.21293042
國1,172.7,120.6705383,24.21242973
國1,172.8,120.6697061,24.21194749
國1,172.9,120.6688633,24.211481
國1,173.0,120.6680142,24.21102414
國1,173.1,120.6671553,24.21058296
國1,173.2,120.6662888,24.21015458
國1,173.3,120.6654196,24.20973072
國1,173.4,120.6645443,24.20931769
國1,173.5,120.6636663,24.20890948
國1,173.6,120.6627859,24.20850564
國1,173.7,120.6619028,24.20810662
國1,173.8,120.6610197,24.20770761
國1,173.9,120.6601368,24.20730831
國1,174.0,120.6592553,24.20690625
國1,174.1,120.6583739,24.20650418
國1,174.2,120.6574969,24.20609406
國1,174.3,120.6566215,24.20568097
國1,174.4,120.6557525,24.2052567
國1,174.5,120.6548889,24.20482347
國1,174.6,120.6540325,24.20437846
國1,174.7,120.6531831,24.20392236
國1,174.8,120.6523427,24.20345243
國1,174.9,120.6515109,24.20296982
國1,175.0,120.6506913,24.20246992
國1,175.1,120.6498822,24.20195581
國1,175.2,120.6490861,24.20142503
國1,175.3,120.6483,24.20088177
國1,175.4,120.6475278,24.200322
國1,175.5,120.646772,24.19974374
國1,175.6,120.6460349,24.19914551
國1,175.7,120.6453126,24.19853213
國1,175.8,120.6446094,24.19790046
國1,175.9,120.6439234,24.19725302
國1,176.0,120.6432581,24.19658763
國1,176.1,120.6426144,24.19590464
國1,176.2,120.6419854,24.19521022
國1,176.3,120.6413815,24.19449739
國1,176.4,120.6407956,24.19377205
國1,176.5,120.6402328,24.19303145
國1,176.6,120.6396922,24.19227708
國1,176.7,120.6391716,24.1915109
國1,176.8,120.6386777,24.19072993
國1,176.9,120.6382039,24.18993861
國1,177.0,120.6377549,24.18913531
國1,177.1,120.6373251,24.18832305
國1,177.2,120.6369204,24.18750005
國1,177.3,120.6365407,24.18666699
國1,177.4,120.6361817,24.18582632
國1,177.5,120.6358418,24.18497899
國1,177.6,120.6355082,24.18412955
國1,177.7,120.6351813,24.1832779
國1,177.8,120.6348544,24.18242625
國1,177.9,120.6345225,24.18157629
國1,178.0,120.6341737,24.18073201
國1,178.1,120.6338065,24.17989437
國1,178.2,120.6334147,24.17906617
國1,178.3,120.6329958,24.1782493
國1,178.4,120.6325415,24.17744848
國1,178.5,120.6320523,24.17666519
國1,178.6,120.6315306,24.17589967
國1,178.7,120.6309768,24.17515342
國1,178.8,120.6303897,24.17442891
國1,178.9,120.6297705,24.17372715
國1,179.0,120.629133,24.17303942
國1,179.1,120.628479,24.17236483
國1,179.2,120.6278214,24.17169306
國1,179.3,120.6271639,24.17102129
國1,179.4,120.6265148,24.1703427
國1,179.5,120.6258757,24.16965619
國1,179.6,120.6252643,24.16894872
國1,179.7,120.6246784,24.16822341
國1,179.8,120.6241317,24.1674728
國1,179.9,120.6236156,24.16670431
國1,180.0,120.6231309,24.1659188
國1,180.1,120.6226818,24.16511561
國1,180.2,120.6222692,24.16429609
國1,180.3,120.6218932,24.16346188
國1,180.4,120.6215528,24.16261484
國1,180.5,120.6212464,24.1617569
國1,180.6,120.6209827,24.16088707
國1,180.7,120.6207559,24.16000855
國1,180.8,120.6205668,24.15912255
國1,180.9,120.6204167,24.15823027
國1,181.0,120.6203043,24.15733334
國1,181.1,120.6202123,24.1564344
國1,181.2,120.6201386,24.15553405
國1,181.3,120.6200753,24.15463303
國1,181.4,120.6200104,24.15373212
國1,181.5,120.6199397,24.15283161
國1,181.6,120.6198583,24.1519319
國1,181.7,120.6197697,24.15103274
國1,181.8,120.6196645,24.15013508
國1,181.9,120.6195446,24.14923898
國1,182.0,120.619416,24.14834388
國1,182.1,120.6192761,24.14745019
國1,182.2,120.6191302,24.14655729
國1,182.3,120.6189793,24.14566506
國1,182.4,120.6188283,24.14477283
國1,182.5,120.6186774,24.1438806
國1,182.6,120.6185309,24.14298775
國1,182.7,120.618392,24.14209388
國1,182.8,120.6182577,24.1411994
國1,182.9,120.6181311,24.14030401
國1,183.0,120.6180113,24.13940781
國1,183.1,120.6179058,24.13851011
國1,183.2,120.6178096,24.13761155
國1,183.3,120.6177206,24.1367124
國1,183.4,120.6176416,24.13581248
國1,183.5,120.6175749,24.1349117
國1,183.6,120.6175112,24.13401073
國1,183.7,120.6174578,24.13310918
國1,183.8,120.6174064,24.13220751
國1,183.9,120.617355,24.13130584
國1,184.0,120.6173036,24.13040417
國1,184.1,120.6172515,24.12950254
國1,184.2,120.6171904,24.12860138
國1,184.3,120.6171181,24.12770093
國1,184.4,120.6170301,24.12680165
國1,184.5,120.6169225,24.12590422
國1,184.6,120.6167913,24.12500947
國1,184.7,120.6166319,24.12411855
國1,184.8,120.6164396,24.12323314
國1,184.9,120.6162086,24.12235556
國1,185.0,120.6159392,24.12148731
國1,185.1,120.6156269,24.12063128
國1,185.2,120.6152634,24.1197924
國1,185.3,120.6148529,24.11897207
國1,185.4,120.6143844,24.11817834
國1,185.5,120.6138655,24.11741163
國1,185.6,120.6132904,24.11667926
國1,185.7,120.6126623,24.11598479
國1,185.8,120.6119887,24.11532698
國1,185.9,120.6112652,24.1147157
國1,186.0,120.6105004,24.11414814
國1,186.1,120.6096988,24.11362519
國1,186.2,120.6088564,24.11315937
國1,186.3,120.6079848,24.11274129
國1,186.4,120.6070833,24.11238063
國1,186.5,120.6061584,24.11207385
國1,186.6,120.6052128,24.11182642
國1,186.7,120.6042451,24.11166698
國1,186.8,120.6032651,24.11159665
國1,186.9,120.6022819,24.11161377
國1,187.0,120.6013056,24.11171977
國1,187.1,120.6003457,24.11191547
國1,187.2,120.5994133,24.1122018
國1,187.3,120.5985108,24.11256003
國1,187.4,120.5976397,24.11297913
國1,187.5,120.596794,24.11343992
國1,187.6,120.5959659,24.11392714
國1,187.7,120.5951491,24.11443033
國1,187.8,120.5943323,24.1149335
國1,187.9,120.5935116,24.11543116
國1,188.0,120.5926804,24.1159141
國1,188.1,120.5918279,24.11636455
國1,188.2,120.5909559,24.11678218
國1,188.3,120.5900663,24.11716749
國1,188.4,120.589157,24.11751183
國1,188.5,120.5882349,24.11782606
國1,188.6,120.5872974,24.1180993
國1,188.7,120.5863484,24.11833649
國1,188.8,120.5853886,24.11853445
國1,188.9,120.5844196,24.11868922
國1,189.0,120.5834448,24.11881014
國1,189.1,120.5824655,24.11889444
國1,189.2,120.5814834,24.11894586
國1,189.3,120.5805001,24.11896331
國1,189.4,120.5795172,24.11893144
國1,189.5,120.5785376,24.11885101
國1,189.6,120.5775639,24.11872308
國1,189.7,120.5766015,24.11853723
國1,189.8,120.5756535,24.11829714
國1,189.9,120.5747262,24.11799667
國1,190.0,120.5738206,24.11764504
國1,190.1,120.5729421,24.11723953
國1,190.2,120.5721009,24.11677205
國1,190.3,120.571299,24.11624978
國1,190.4,120.5705369,24.11567903
國1,190.5,120.5698092,24.1150716
國1,190.6,120.5691243,24.11442379
國1,190.7,120.5684767,24.11374415
國1,190.8,120.5678527,24.11304627
國1,190.9,120.5672395,24.11234017
國1,191.0,120.5666276,24.11163324
國1,191.1,120.5660171,24.11092525
國1,191.2,120.5654066,24.11021726
國1,191.3,120.5647961,24.10950926
國1,191.4,120.5641856,24.10880126
國1,191.5,120.5635751,24.10809326
國1,191.6,120.5629646,24.10738526
國1,191.7,120.5623541,24.10667726
國1,191.8,120.5617437,24.10596925
國1,191.9,120.5611332,24.10526124
國1,192.0,120.5605228,24.10455323
國1,192.1,120.559909,24.10384771
國1,192.2,120.5592822,24.10315188
國1,192.3,120.5586331,24.10247352
國1,192.4,120.5579469,24.10182688
國1,192.5,120.5572151,24.10122394
國1,192.6,120.5564417,24.1006663
國1,192.7,120.5556304,24.10015622
國1,192.8,120.5547844,24.099696
國1,192.9,120.5539066,24.09928932
國1,193.0,120.5530009,24.09893778
國1,193.1,120.5520717,24.09864262
國1,193.2,120.5511239,24.09840196
國1,193.3,120.5501598,24.09822396
國1,193.4,120.5491867,24.09809319
國1,193.5,120.548209,24.09799537
國1,193.6,120.5472295,24.09791283
國1,193.7,120.5462498,24.09783356
國1,193.8,120.5452713,24.09774172
國1,193.9,120.5442966,24.0976219
國1,194.0,120.5433327,24.09744349
國1,194.1,120.5423848,24.09720324
國1,194.2,120.5414565,24.09690542
國1,194.3,120.5405445,24.0965676
國1,194.4,120.5396527,24.09618711
國1,194.5,120.5387889,24.09575562
國1,194.6,120.5379482,24.09528726
國1,194.7,120.5371305,24.0947856
國1,194.8,120.5363371,24.09425205
國1,194.9,120.5355615,24.09369681
國1,195.0,120.5348085,24.09311601
國1,195.1,120.5340741,24.09251556
國1,195.2,120.5333655,24.09188942
國1,195.3,120.5326779,24.09124396
國1,195.4,120.5320075,24.0905834
國1,195.5,120.5313617,24.0899025
國1,195.6,120.5307289,24.08921138
國1,195.7,120.5301175,24.08850422
國1,195.8,120.5295276,24.0877818
國1,195.9,120.5289557,24.08704734
國1,196.0,120.5284011,24.08630178
國1,196.1,120.5278713,24.08554114
國1,196.2,120.5273592,24.08477032
國1,196.3,120.5268703,24.08398687
國1,196.4,120.5264079,24.08318995
國1,196.5,120.5259697,24.08238172
國1,196.6,120.5255584,24.08156162
國1,196.7,120.5251707,24.08073195
國1,196.8,120.5248115,24.07989152
國1,196.9,120.5244748,24.07904326
國1,197.0,120.5241654,24.07818625
國1,197.1,120.5238834,24.0773213
國1,197.2,120.5236299,24.0764489
國1,197.3,120.5234048,24.07557003
國1,197.4,120.5232056,24.07468587
國1,197.5,120.5230332,24.073797
國1,197.6,120.5228882,24.07290402
國1,197.7,120.5227712,24.07200757
國1,197.8,120.5226832,24.07110829
國1,197.9,120.5226242,24.07020709
國1,198.0,120.5225955,24.06930461
國1,198.1,120.5225838,24.0684018
國1,198.2,120.5226009,24.06749905
國1,198.3,120.5226386,24.06659681
國1,198.4,120.522694,24.06569535
國1,198.5,120.5227629,24.06479465
國1,198.6,120.5228473,24.06389506
國1,198.7,120.5229409,24.06299625
國1,198.8,120.5230378,24.06209773
國1,198.9,120.5231393,24.06119965
國1,199.0,120.5232409,24.06030157
國1,199.1,120.5233424,24.0594035
國1,199.2,120.5234428,24.05850531
國1,199.3,120.5235341,24.0576063
國1,199.4,120.5236202,24.05670685
國1,199.5,120.5237,24.05580691
國1,199.6,120.5237657,24.05490604
國1,199.7,120.5238181,24.05400442
國1,199.8,120.5238558,24.05310216
國1,199.9,120.523881,24.05219956
國1,200.0,120.5238887,24.05129668
國1,200.1,120.5238818,24.05039385
國1,200.2,120.5238621,24.0494911
國1,200.3,120.523823,24.04858889
國1,200.4,120.5237683,24.0476874
國1,200.5,120.5237052,24.04678637
國1,200.6,120.5236232,24.04588659
國1,200.7,120.5235232,24.04498835
國1,200.8,120.5234113,24.04409135
國1,200.9,120.5232872,24.04319566
國1,201.0,120.5231464,24.04230207
國1,201.1,120.5229869,24.04141113
國1,201.2,120.5228145,24.04052224
國1,201.3,120.5226283,24.03963567
國1,201.4,120.5224263,24.03875203
國1,201.5,120.5222095,24.03787137
國1,201.6,120.5219792,24.03699359
國1,201.7,120.5217335,24.03611933
國1,201.8,120.5214755,24.03524809
國1,201.9,120.5212009,24.03438116
國1,202.0,120.5209145,24.0335174
國1,202.1,120.5206201,24.03265595
國1,202.2,120.5203185,24.0317966
國1,202.3,120.520007,24.03094023
國1,202.4,120.5196902,24.03008547
國1,202.5,120.5193712,24.0292314
國1,202.6,120.5190459,24.02837936
國1,202.7,120.5187206,24.02752731
國1,202.8,120.5183952,24.02667526
國1,202.9,120.5180737,24.02582199
國1,203.0,120.5177532,24.0249684
國1,203.1,120.5174393,24.02411277
國1,203.2,120.5171303,24.0232556
國1,203.3,120.5168275,24.02239659
國1,203.4,120.5165427,24.02153239
國1,203.5,120.5162618,24.02066712
國1,203.6,120.5159952,24.01979807
國1,203.7,120.5157376,24.01892672
國1,203.8,120.5154928,24.01805224
國1,203.9,120.5152592,24.01717524
國1,204.0,120.5150375,24.01629564
國1,204.1,120.5148259,24.01541392
國1,204.2,120.5146198,24.01453107
國1,204.3,120.5144141,24.01364814
國1,204.4,120.5142084,24.0127652
國1,204.5,120.5140027,24.01188227
國1,204.6,120.513797,24.01099933
國1,204.7,120.5135913,24.0101164
國1,204.8,120.5133856,24.00923346
國1,204.9,120.5131799,24.00835052
國1,205.0,120.5129742,24.00746759
國1,205.1,120.5127685,24.00658465
國1,205.2,120.5125628,24.00570171
國1,205.3,120.5123571,24.00481877
國1,205.4,120.5121514,24.00393584
國1,205.5,120.5119457,24.0030529
國1,205.6,120.5117401,24.00216996
國1,205.7,120.5115344,24.00128702
國1,205.8,120.5113287,24.00040408
國1,205.9,120.5111231,23.99952114
國1,206.0,120.5109174,23.9986382
國1,206.1,120.5107117,23.99775526
國1,206.2,120.5105061,23.99687232
國1,206.3,120.5103004,23.99598938
國1,206.4,120.5100948,23.99510643
國1,206.5,120.5098891,23.99422349
國1,206.6,120.5096835,23.99334055
國1,206.7,120.5094778,23.99245761
國1,206.8,120.5092722,23.99157466
國1,206.9,120.5090665,23.99069172
國1,207.0,120.5088609,23.98980878
國1,207.1,120.5086552,23.98892583
國1,207.2,120.5084496,23.98804289
國1,207.3,120.508244,23.98715994
國1,207.4,120.5080384,23.986277
國1,207.5,120.5078327,23.98539405
國1,207.6,120.5076286,23.98451082
國1,207.7,120.5074294,23.98362666
國1,207.8,120.5072457,23.98273966
國1,207.9,120.5070754,23.98185039
國1,208.0,120.5069188,23.98095903
國1,208.1,120.5067806,23.9800651
國1,208.2,120.5066522,23.97916996
國1,208.3,120.5065364,23.97827332
國1,208.4,120.506437,23.97737504
國1,208.5,120.5063519,23.97647554
國1,208.6,120.5062781,23.97557519
國1,208.7,120.5062188,23.97467393
國1,208.8,120.5061772,23.97377183
國1,208.9,120.5061468,23.97286935
國1,209.0,120.5061326,23.97196656
國1,209.1,120.5061286,23.97106369
國1,209.2,120.5061366,23.97016083
國1,209.3,120.5061551,23.96925809
國1,209.4,120.5061809,23.96835547
國1,209.5,120.5062138,23.96745304
國1,209.6,120.5062519,23.96655081
國1,209.7,120.5062938,23.96564872
國1,209.8,120.5063356,23.96474662
國1,209.9,120.5063774,23.96384453
國1,210.0,120.5064192,23.96294243
國1,210.1,120.5064566,23.96204017
國1,210.2,120.5064906,23.96113779
國1,210.3,120.506519,23.96023526
國1,210.4,120.5065401,23.95933255
國1,210.5,120.5065523,23.95842971
國1,210.6,120.5065525,23.9575268
國1,210.7,120.5065425,23.95662394
國1,210.8,120.5065177,23.9557213
國1,210.9,120.5064762,23.95481921
國1,211.0,120.5064249,23.95391754
國1,211.1,120.5063583,23.95301671
國1,211.2,120.5062776,23.95211684
國1,211.3,120.5061852,23.95121792
國1,211.4,120.5060706,23.95032116
國1,211.5,120.505948,23.94942532
國1,211.6,120.505811,23.94853126
國1,211.7,120.5056626,23.94763873
國1,211.8,120.5054967,23.94674878
國1,211.9,120.5053206,23.94586049
國1,212.0,120.505128,23.94497511
國1,212.1,120.5049216,23.94409235
國1,212.2,120.5047011,23.94321248
國1,212.3,120.5044677,23.94233544
國1,212.4,120.5042216,23.9414613
國1,212.5,120.5039612,23.9405907
國1,212.6,120.5036889,23.93972315
國1,212.7,120.5034014,23.93885975
國1,212.8,120.5031017,23.93799988
國1,212.9,120.5027863,23.93714479
國1,213.0,120.5024669,23.93629093
國1,213.1,120.5021385,23.93543997
國1,213.2,120.5018025,23.93459151
國1,213.3,120.5014665,23.93374305
國1,213.4,120.5011245,23.93289661
國1,213.5,120.5007815,23.93205051
國1,213.6,120.5004385,23.9312044
國1,213.7,120.5000955,23.93035829
國1,213.8,120.4997593,23.9295099
國1,213.9,120.4994379,23.92865672
國1,214.0,120.4991325,23.92779858
國1,214.1,120.4988413,23.92693627
國1,214.2,120.498577,23.92606664
國1,214.3,120.4983398,23.92519046
國1,214.4,120.4981282,23.92430879
國1,214.5,120.4979452,23.92342169
國1,214.6,120.4977908,23.92253005
國1,214.7,120.4976615,23.92163502
國1,214.8,120.4975605,23.92073693
國1,214.9,120.4974914,23.91983629
國1,215.0,120.497447,23.91893433
國1,215.1,120.4974354,23.91803155
國1,215.2,120.4974423,23.9171287
國1,215.3,120.497471,23.91622617
國1,215.4,120.4975206,23.91532442
國1,215.5,120.4975762,23.91442296
國1,215.6,120.4976469,23.91352237
國1,215.7,120.4977176,23.91262177
國1,215.8,120.4977854,23.911721
國1,215.9,120.4978497,23.91082
國1,216.0,120.4979062,23.90991861
國1,216.1,120.4979499,23.90901658
國1,216.2,120.4979738,23.90811395
國1,216.3,120.4979722,23.90721107
國1,216.4,120.4979495,23.90630843
國1,216.5,120.4978911,23.90540712
國1,216.6,120.4978126,23.9045071
國1,216.7,120.4977034,23.90360984
國1,216.8,120.497566,23.90271583
國1,216.9,120.4973993,23.90182608
國1,217.0,120.4972095,23.90094021
國1,217.1,120.4969894,23.90006032
國1,217.2,120.4967473,23.8991853
國1,217.3,120.4964844,23.89831531
國1,217.4,120.4962002,23.89745101
國1,217.5,120.4959064,23.89658946
國1,217.6,120.4956013,23.89573122
國1,217.7,120.4952884,23.89487536
國1,217.8,120.4949691,23.89402148
國1,217.9,120.4946488,23.89316793
國1,218.0,120.4943284,23.89231437
國1,218.1,120.4940081,23.89146081
國1,218.2,120.4937003,23.89060337
國1,218.3,120.4933959,23.88974493
國1,218.4,120.4931038,23.88888287
國1,218.5,120.4928219,23.88801799
國1,218.6,120.4925554,23.88714893
國1,218.7,120.4923059,23.88627566
國1,218.8,120.4920715,23.8853989
國1,218.9,120.4918531,23.8845186
國1,219.0,120.4916511,23.88363499
國1,219.1,120.491466,23.88274827
國1,219.2,120.491295,23.88185919
國1,219.3,120.4911379,23.88096792
國1,219.4,120.4909981,23.88007418
國1,219.5,120.490872,23.87917874
國1,219.6,120.4907587,23.87828185
國1,219.7,120.4906588,23.87738362
國1,219.8,120.4905639,23.87648491
國1,219.9,120.490469,23.8755862
國1,220.0,120.4903741,23.8746875
國1,220.1,120.4902776,23.87378893
國1,220.2,120.4901754,23.87289091
國1,220.3,120.4900732,23.87199288
國1,220.4,120.4899529,23.87109675
國1,220.5,120.4898254,23.87020147
國1,220.6,120.4896889,23.86930732
國1,220.7,120.4895381,23.86841509
國1,220.8,120.4893675,23.86752588
國1,220.9,120.4891827,23.86663911
國1,221.0,120.4889833,23.865755
國1,221.1,120.4887675,23.86487415
國1,221.2,120.4885364,23.8639966
國1,221.3,120.4882944,23.86312156
國1,221.4,120.4880418,23.86224902
國1,221.5,120.4877856,23.86137737
國1,221.6,120.4875215,23.86050773
國1,221.7,120.4872573,23.85963809
國1,221.8,120.4869931,23.85876845
國1,221.9,120.4867321,23.85789802
國1,222.0,120.4864745,23.85702672
國1,222.1,120.4862263,23.85615311
國1,222.2,120.4859842,23.85527808
國1,222.3,120.4857578,23.85439954
國1,222.4,120.4855444,23.8535182
國1,222.5,120.4853504,23.85263306
國1,222.6,120.4851706,23.85174546
國1,222.7,120.4850022,23.85085591
國1,222.8,120.4848543,23.84996327
國1,222.9,120.4847212,23.84906875
國1,223.0,120.4846061,23.84817211
國1,223.1,120.484503,23.84727422
國1,223.2,120.4844169,23.84637478
國1,223.3,120.4843514,23.84547386
國1,223.4,120.4842985,23.84457226
國1,223.5,120.4842675,23.84366978
國1,223.6,120.4842463,23.84276709
國1,223.7,120.4842417,23.84186418
國1,223.8,120.4842508,23.84096129
國1,223.9,120.4842744,23.84005861
國1,224.0,120.4843093,23.83915623
國1,224.1,120.4843596,23.83825447
國1,224.2,120.4844098,23.83735271
國1,224.3,120.4844691,23.83645142
國1,224.4,120.4845321,23.83555034
國1,224.5,120.4846006,23.8346496
國1,224.6,120.4846691,23.83374885
國1,224.7,120.4847375,23.8328481
國1,224.8,120.484806,23.83194736
國1,224.9,120.4848718,23.83104645
國1,225.0,120.4849367,23.83014549
國1,225.1,120.484998,23.82924432
國1,225.2,120.4850547,23.82834289
國1,225.3,120.4851103,23.82744141
國1,225.4,120.4851571,23.82653949
國1,225.5,120.4851968,23.8256373
國1,225.6,120.4852336,23.824735
國1,225.7,120.4852589,23.82383236
國1,225.8,120.4852746,23.82292955
國1,225.9,120.4852834,23.82202668
國1,226.0,120.4852789,23.82112375
國1,226.1,120.4852677,23.8202209
國1,226.2,120.485245,23.81931819
國1,226.3,120.4852131,23.81841577
國1,226.4,120.485171,23.81751365
國1,226.5,120.4851207,23.81661191
國1,226.6,120.4850645,23.81571045
國1,226.7,120.4849891,23.81481017
國1,226.8,120.4849113,23.81391008
國1,226.9,120.484817,23.81301131
國1,227.0,120.4847185,23.81211294
國1,227.1,120.4846062,23.81121593
國1,227.2,120.4844897,23.81031939
國1,227.3,120.4843588,23.80942452
國1,227.4,120.4842212,23.80853052
國1,227.5,120.4840719,23.80763808
國1,227.6,120.4839128,23.80674711
國1,227.7,120.4837459,23.80585731
國1,227.8,120.4835658,23.80496973
國1,227.9,120.4833808,23.80408297
國1,228.0,120.4831826,23.80319863
國1,228.1,120.4829764,23.80231589
國1,228.2,120.4827594,23.80143527
國1,228.3,120.4825319,23.80055697
國1,228.4,120.4822976,23.79968013
國1,228.5,120.4820525,23.79880582
國1,228.6,120.4818017,23.79793287
國1,228.7,120.4815356,23.79706376
國1,228.8,120.4812622,23.79619659
國1,228.9,120.4809811,23.79533147
國1,229.0,120.4806871,23.79447003
國1,229.1,120.4803885,23.79360991
國1,229.2,120.4800765,23.79275385
國1,229.3,120.4797572,23.79190012
國1,229.4,120.4794295,23.79104903
國1,229.5,120.4790909,23.79020158
國1,229.6,120.4787486,23.78935533
國1,229.7,120.4783973,23.78851225
國1,229.8,120.4780426,23.78767036
國1,229.9,120.477678,23.78683207
國1,230.0,120.4773134,23.78599378
國1,230.1,120.4769427,23.78515775
國1,230.2,120.4765699,23.78432253
國1,230.3,120.4761971,23.78348731
國1,230.4,120.4758221,23.78265291
國1,230.5,120.4754451,23.7818193
國1,230.6,120.475068,23.78098569
國1,230.7,120.4746909,23.78015208
國1,230.8,120.4743149,23.77931806
國1,230.9,120.4739454,23.77848161
國1,231.0,120.473577,23.77764473
國1,231.1,120.473214,23.77680586
國1,231.2,120.472851,23.77596698
國1,231.3,120.4724993,23.77512409
國1,231.4,120.4721499,23.77428035
國1,231.5,120.4718078,23.7734341
國1,231.6,120.4714748,23.77258479
國1,231.7,120.471149,23.77173309
國1,231.8,120.470832,23.7708786
國1,231.9,120.470526,23.77002071
國1,232.0,120.4702309,23.76915957
國1,232.1,120.4699484,23.76829487
國1,232.2,120.4696791,23.76742664
國1,232.3,120.4694183,23.7665562
國1,232.4,120.4691764,23.76568114
國1,232.5,120.4689489,23.76480281
國1,232.6,120.4687351,23.76392159
國1,232.7,120.4685383,23.763037
國1,232.8,120.4683578,23.76214948
國1,232.9,120.4681926,23.76125945
國1,233.0,120.4680462,23.76036666
國1,233.1,120.4679111,23.75947232
國1,233.2,120.4677938,23.75857588
國1,233.3,120.4676953,23.75767753
國1,233.4,120.4676141,23.75677773
國1,233.5,120.4675449,23.75587708
國1,233.6,120.4674963,23.75497528
國1,233.7,120.4674613,23.75407295
國1,233.8,120.4674439,23.75317019
國1,233.9,120.4674397,23.75226724
國1,234.0,120.467454,23.7513644
國1,234.1,120.4674859,23.75046195
國1,234.2,120.4675363,23.74956021
國1,234.3,120.4675966,23.748659
國1,234.4,120.4676769,23.74775912
國1,234.5,120.4677727,23.74686053
國1,234.6,120.4678843,23.74596348
國1,234.7,120.4680119,23.74506821
國1,234.8,120.4681566,23.74417515
國1,234.9,120.4683185,23.74328459
國1,235.0,120.4684948,23.74239635
國1,235.1,120.4686876,23.74151103
國1,235.2,120.4688962,23.74062875
國1,235.3,120.4691194,23.73974951
國1,235.4,120.4693628,23.73887482
國1,235.5,120.4696188,23.73800319
國1,235.6,120.4698898,23.7371354
國1,235.7,120.4701811,23.73627319
國1,235.8,120.4704779,23.73541262
國1,235.9,120.4707906,23.73455677
國1,236.0,120.4711145,23.73370449
國1,236.1,120.4714401,23.73285273
國1,236.2,120.4717682,23.73200181
國1,236.3,120.4720992,23.73115181
國1,236.4,120.4724301,23.73030181
國1,236.5,120.4727607,23.72945168
國1,236.6,120.4730792,23.72859768
國1,236.7,120.4733978,23.72774368
國1,236.8,120.473703,23.72688559
國1,236.9,120.4739934,23.72602315
國1,237.0,120.4742707,23.72515708
國1,237.1,120.474532,23.72428679
國1,237.2,120.4747737,23.72341167
國1,237.3,120.4749952,23.72253206
國1,237.4,120.4751995,23.72164893
國1,237.5,120.4753816,23.7207617
國1,237.6,120.4755471,23.71987177
國1,237.7,120.475693,23.71897888
國1,237.8,120.4758198,23.71808356
國1,237.9,120.475925,23.71718584
國1,238.0,120.4760121,23.71628654
國1,238.1,120.4760796,23.71538582
國1,238.2,120.4761291,23.71448409
國1,238.3,120.4761588,23.71358157
國1,238.4,120.4761655,23.71267866
國1,238.5,120.476155,23.71177584
國1,238.6,120.4761225,23.71087343
國1,238.7,120.4760742,23.70997164
國1,238.8,120.4760053,23.70907091
國1,238.9,120.4759145,23.70817184
國1,239.0,120.475806,23.70727449
國1,239.1,120.4756793,23.70637919
國1,239.2,120.4755323,23.70548649
國1,239.3,120.4753671,23.70459644
國1,239.4,120.47518,23.70371009
國1,239.5,120.4749747,23.70282718
國1,239.6,120.4747515,23.701948
國1,239.7,120.4745064,23.70107377
國1,239.8,120.4742476,23.70020283
國1,239.9,120.473969,23.69933708
國1,240.0,120.4736798,23.69847431
國1,240.1,120.4733768,23.69761555
國1,240.2,120.4730581,23.69676163
國1,240.3,120.4727295,23.69591096
國1,240.4,120.4723885,23.69506435
國1,240.5,120.4720346,23.69422232
國1,240.6,120.4716651,23.69338595
國1,240.7,120.4712817,23.6925549
國1,240.8,120.4708865,23.69172855
國1,240.9,120.4704806,23.69090661
國1,241.0,120.4700569,23.69009228
國1,241.1,120.4696267,23.68928093
國1,241.2,120.4691798,23.68847726
國1,241.3,120.4687238,23.68767794
國1,241.4,120.4682534,23.68688567
國1,241.5,120.4677704,23.6860999
國1,241.6,120.4672819,23.685317
國1,241.7,120.4667894,23.68453623
國1,241.8,120.4662969,23.68375545
國1,241.9,120.4658044,23.68297468
國1,242.0,120.4653119,23.6821939
國1,242.1,120.4648194,23.68141312
國1,242.2,120.4643269,23.68063234
國1,242.3,120.4638344,23.67985156
國1,242.4,120.463342,23.67907078
國1,242.5,120.4628495,23.67828999
國1,242.6,120.462357,23.6775092
國1,242.7,120.4618646,23.67672841
國1,242.8,120.4613721,23.67594762
國1,242.9,120.4608797,23.67516683
國1,243.0,120.4603872,23.67438604
國1,243.1,120.4598948,23.67360525
國1,243.2,120.4594024,23.67282445
國1,243.3,120.45891,23.67204365
國1,243.4,120.4584175,23.67126285
國1,243.5,120.4579257,23.67048173
國1,243.6,120.4574341,23.66970051
國1,243.7,120.4569425,23.6689193
國1,243.8,120.4564521,23.66813744
國1,243.9,120.4559654,23.66735362
國1,244.0,120.4554894,23.66656422
國1,244.1,120.4550146,23.66577425
國1,244.2,120.45455,23.66497911
國1,244.3,120.4540856,23.66418389
國1,244.4,120.4536317,23.66338361
國1,244.5,120.4531825,23.66258102
國1,244.6,120.4527358,23.6617773
國1,244.7,120.4522995,23.66096869
國1,244.8,120.4518654,23.66015913
國1,244.9,120.4514418,23.65934484
國1,245.0,120.4510186,23.65853035
國1,245.1,120.4506046,23.65771188
國1,245.2,120.4501966,23.65689091
國1,245.3,120.4497921,23.65606845
國1,245.4,120.4493957,23.65524261
國1,245.5,120.4490048,23.65441458
國1,245.6,120.4486206,23.6535839
國1,245.7,120.4482449,23.65274989
國1,245.8,120.4478693,23.65191589
國1,245.9,120.4475008,23.65107917
國1,246.0,120.447134,23.65024186
國1,246.1,120.4467671,23.64940454
國1,246.2,120.4464003,23.64856723
國1,246.3,120.4460334,23.64772991
國1,246.4,120.4456811,23.64688734
國1,246.5,120.4453399,23.6460409
國1,246.6,120.4450103,23.64519052
國1,246.7,120.4446927,23.64433631
國1,246.8,120.4443886,23.64347789
國1,246.9,120.4440967,23.64261593
國1,247.0,120.4438194,23.64174992
國1,247.1,120.443551,23.64088146
國1,247.2,120.4432827,23.640013
國1,247.3,120.4430091,23.63914595
國1,247.4,120.4427331,23.6382795
國1,247.5,120.4424719,23.63740922
國1,247.6,120.4422132,23.63653828
國1,247.7,120.4419567,23.6356668
國1,247.8,120.4417076,23.63479349
國1,247.9,120.4414648,23.63391868
國1,248.0,120.4412319,23.63304158
國1,248.1,120.4409997,23.63216433
國1,248.2,120.440775,23.63128542
國1,248.3,120.4405572,23.63040505
國1,248.4,120.4403469,23.62952313
國1,248.5,120.4401444,23.62863964
國1,248.6,120.4399441,23.62775574
國1,248.7,120.4397532,23.62687008
國1,248.8,120.4395689,23.62598325
國1,248.9,120.4393904,23.6250954
國1,249.0,120.4392177,23.62420657
國1,249.1,120.439053,23.62331645
國1,249.2,120.4388938,23.6224255
國1,249.3,120.4387419,23.62153344
國1,249.4,120.4385901,23.62064139
國1,249.5,120.4384382,23.61974933
國1,249.6,120.4382863,23.61885728
國1,249.7,120.4381344,23.61796522
國1,249.8,120.4379826,23.61707317
國1,249.9,120.4378307,23.61618111
國1,250.0,120.4376788,23.61528905
國1,250.1,120.4375269,23.614397
國1,250.2,120.4373751,23.61350494
國1,250.3,120.4372232,23.61261288
國1,250.4,120.4370713,23.61172082
國1,250.5,120.4369195,23.61082877
國1,250.6,120.4367676,23.60993671
國1,250.7,120.4366158,23.60904465
國1,250.8,120.4364639,23.60815259
國1,250.9,120.4363121,23.60726054
國1,251.0,120.4361602,23.60636848
國1,251.1,120.4360062,23.60547674
國1,251.2,120.4358522,23.60458499
國1,251.3,120.4356982,23.60369325
國1,251.4,120.4355366,23.60280266
國1,251.5,120.4353739,23.60191223
國1,251.6,120.4352064,23.60102257
國1,251.7,120.4350327,23.60013391
國1,251.8,120.4348506,23.59924668
國1,251.9,120.4346622,23.59836059
國1,252.0,120.4344677,23.59747559
國1,252.1,120.4342619,23.59659279
國1,252.2,120.4340424,23.59571277
國1,252.3,120.4338141,23.59483469
國1,252.4,120.4335739,23.59395932
國1,252.5,120.433322,23.59308669
國1,252.6,120.4330547,23.592218
國1,252.7,120.4327746,23.59135274
國1,252.8,120.4324872,23.59048952
國1,252.9,120.4321833,23.58963111
國1,253.0,120.4318678,23.58877628
國1,253.1,120.4315416,23.58792482
國1,253.2,120.4312003,23.58707844
國1,253.3,120.4308481,23.58623586
國1,253.4,120.4304843,23.58539749
國1,253.5,120.4301103,23.58456294
國1,253.6,120.4297215,23.58373414
國1,253.7,120.4293227,23.58290943
國1,253.8,120.4289165,23.58208779
國1,253.9,120.4285018,23.58126976
國1,254.0,120.42808,23.58045479
國1,254.1,120.4276507,23.57964317
國1,254.2,120.4272156,23.57883415
國1,254.3,120.4267775,23.57802649
國1,254.4,120.4263394,23.57721883
國1,254.5,120.425896,23.57641371
國1,254.6,120.4254521,23.57560879
國1,254.7,120.4250082,23.57480386
國1,254.8,120.4245644,23.57399893
國1,254.9,120.4241208,23.57319388
國1,255.0,120.4236832,23.57238605
國1,255.1,120.4232517,23.5715754
國1,255.2,120.4228248,23.57076272
國1,255.3,120.4224095,23.56994491
國1,255.4,120.4220001,23.56912462
國1,255.5,120.4216018,23.56829964
國1,255.6,120.421218,23.5674689
國1,255.7,120.4208458,23.56663373
國1,255.8,120.4204855,23.56579414
國1,255.9,120.4201368,23.56495034
國1,256.0,120.4198007,23.56410221
國1,256.1,120.4194715,23.56325177
國1,256.2,120.4191463,23.56240004
國1,256.3,120.418821,23.56154831
國1,256.4,120.4184957,23.56069657
國1,256.5,120.4181704,23.55984484
國1,256.6,120.4178452,23.55899311
國1,256.7,120.4175199,23.55814138
國1,256.8,120.4171946,23.55728964
國1,256.9,120.4168694,23.55643791
國1,257.0,120.4165441,23.55558617
國1,257.1,120.4162189,23.55473444
國1,257.2,120.4158937,23.5538827
國1,257.3,120.4155684,23.55303096
國1,257.4,120.4152432,23.55217922
國1,257.5,120.414918,23.55132748
國1,257.6,120.4145927,23.55047574
國1,257.7,120.4142675,23.549624
國1,257.8,120.4139423,23.54877226
國1,257.9,120.4136171,23.54792052
國1,258.0,120.4132919,23.54706878
國1,258.1,120.4129667,23.54621703
國1,258.2,120.4126415,23.54536529
國1,258.3,120.4123163,23.54451355
國1,258.4,120.4119911,23.5436618
國1,258.5,120.4116659,23.54281005
國1,258.6,120.4113407,23.54195831
國1,258.7,120.4110155,23.54110656
國1,258.8,120.4106903,23.54025481
國1,258.9,120.4103652,23.53940306
國1,259.0,120.41004,23.53855131
國1,259.1,120.4097148,23.53769956
國1,259.2,120.4093897,23.53684781
國1,259.3,120.4090645,23.53599606
國1,259.4,120.4087394,23.53514431
國1,259.5,120.4084142,23.53429256
國1,259.6,120.4080891,23.5334408
國1,259.7,120.4077639,23.53258905
國1,259.8,120.4074388,23.53173729
國1,259.9,120.4071137,23.53088554
國1,260.0,120.4067892,23.53003357
國1,260.1,120.4064661,23.5291812
國1,260.2,120.4061429,23.52832882
國1,260.3,120.4058303,23.52747312
國1,260.4,120.4055355,23.52661206
國1,260.5,120.4052714,23.52574263
國1,260.6,120.4050365,23.5248661
國1,260.7,120.4048341,23.52398269
國1,260.8,120.4046612,23.52309399
國1,260.9,120.404523,23.52220009
國1,261.0,120.4044135,23.52130282
國1,261.1,120.4043216,23.52040388
國1,261.2,120.4042405,23.51950401
國1,261.3,120.4041593,23.51860415
國1,261.4,120.4040781,23.51770428
國1,261.5,120.4039864,23.51680534
國1,261.6,120.4038838,23.51590736
國1,261.7,120.4037636,23.51501124
國1,261.8,120.4036197,23.51411813
國1,261.9,120.4034508,23.51322873
國1,262.0,120.4032529,23.5123445
國1,262.1,120.4030232,23.51146683
國1,262.2,120.402765,23.51059589
國1,262.3,120.4024698,23.50973501
國1,262.4,120.4021476,23.50888239
國1,262.5,120.4017923,23.50804108
國1,262.6,120.4014066,23.50721122
國1,262.7,120.4009942,23.50639236
國1,262.8,120.4005512,23.50558716
國1,262.9,120.4000809,23.50479526
國1,263.0,120.3995792,23.50401989
國1,263.1,120.3990483,23.5032613
國1,263.2,120.3984927,23.50251785
國1,263.3,120.3979134,23.50179003
國1,263.4,120.3973151,23.50107529
國1,263.5,120.3966973,23.5003748
國1,263.6,120.3960662,23.4996845
國1,263.7,120.3954255,23.49900175
國1,263.8,120.3947792,23.49832342
國1,263.9,120.394133,23.49764509
國1,264.0,120.3934868,23.49696676
國1,264.1,120.3928405,23.49628842
國1,264.2,120.3921959,23.49560886
國1,264.3,120.3915609,23.4949215
國1,264.4,120.3909309,23.49423038
國1,264.5,120.3903116,23.49353108
國1,264.6,120.3897011,23.49282521
國1,264.7,120.3891034,23.49211012
國1,264.8,120.3885189,23.49138583
國1,264.9,120.3879446,23.49065468
國1,265.0,120.3873847,23.48991412
國1,265.1,120.3868382,23.48916504
國1,265.2,120.3863023,23.48840945
國1,265.3,120.3857773,23.48764729
國1,265.4,120.3852698,23.48687508
國1,265.5,120.3847732,23.48609696
國1,265.6,120.3842889,23.48531228
國1,265.7,120.3838176,23.48452086
國1,265.8,120.3833597,23.48372282
國1,265.9,120.3829151,23.48291839
國1,266.0,120.3824817,23.48210872
國1,266.1,120.3820647,23.48129178
國1,266.2,120.3816623,23.48046867
國1,266.3,120.3812726,23.47964036
國1,266.4,120.3808934,23.47880791
國1,266.5,120.3805333,23.47796824
國1,266.6,120.3801833,23.477125
國1,266.7,120.3798484,23.47627652
國1,266.8,120.3795326,23.47542184
國1,266.9,120.3792275,23.47456388
國1,267.0,120.3789379,23.47370136
國1,267.1,120.3786586,23.47283595
國1,267.2,120.3783963,23.47196604
國1,267.3,120.3781488,23.47109246
國1,267.4,120.3779173,23.47021515
國1,267.5,120.3776959,23.46933562
國1,267.6,120.3774875,23.46845339
國1,267.7,120.3772887,23.46756924
國1,267.8,120.377096,23.46668394
國1,267.9,120.3769032,23.46579865
國1,268.0,120.3767105,23.46491336
國1,268.1,120.3765177,23.46402806
國1,268.2,120.3763182,23.46314406
國1,268.3,120.3761096,23.46226185
國1,268.4,120.3758866,23.46138268
國1,268.5,120.375645,23.46050768
國1,268.6,120.3753808,23.45963827
國1,268.7,120.3750953,23.4587746
國1,268.8,120.3747867,23.45791772
國1,268.9,120.3744568,23.45706761
國1,269.0,120.3741041,23.45622538
國1,269.1,120.3737288,23.45539144
國1,269.2,120.3733342,23.45456517
國1,269.3,120.372918,23.45374791
國1,269.4,120.372483,23.45293903
國1,269.5,120.3720301,23.45213861
國1,269.6,120.3715637,23.45134475
國1,269.7,120.3710855,23.45055693
國1,269.8,120.3705903,23.44977807
國1,269.9,120.370089,23.4490026
國1,270.0,120.3695749,23.44823427
國1,270.1,120.3690531,23.44747033
國1,270.2,120.3685314,23.44670639
國1,270.3,120.3679984,23.44594903
國1,270.4,120.3674647,23.44519219
國1,270.5,120.3669309,23.44443535
國1,270.6,120.3663971,23.4436785
國1,270.7,120.3658633,23.44292166
國1,270.8,120.3653326,23.442163
國1,270.9,120.3648065,23.44140164
國1,271.0,120.3642804,23.44064028
國1,271.1,120.3637669,23.4398716
國1,271.2,120.36326,23.4390992
國1,271.3,120.3627623,23.43832177
國1,271.4,120.3622764,23.437538
國1,271.5,120.3618051,23.43674675
國1,271.6,120.3613484,23.43594819
國1,271.7,120.360904,23.43514371
國1,271.8,120.3604729,23.43433315
國1,271.9,120.3600607,23.43351428
國1,272.0,120.3596575,23.43269152
國1,272.1,120.3592734,23.43186102
國1,272.2,120.3589048,23.4310246
國1,272.3,120.3585509,23.4301828
國1,272.4,120.3582091,23.42933677
國1,272.5,120.3578849,23.42848483
國1,272.6,120.3575761,23.427628
國1,272.7,120.3572842,23.42676617
國1,272.8,120.3570059,23.42590053
國1,272.9,120.3567453,23.42503023
國1,273.0,120.3564999,23.42415616
國1,273.1,120.3562682,23.42327892
國1,273.2,120.3560527,23.42239816
國1,273.3,120.3558547,23.42151389
國1,273.4,120.3556717,23.42062689
國1,273.5,120.3555076,23.41973674
國1,273.6,120.3553562,23.41884466
國1,273.7,120.355222,23.41795025
國1,273.8,120.3551039,23.4170539
國1,273.9,120.3550013,23.4161559
國1,274.0,120.3549168,23.41525633
國1,274.1,120.3548499,23.41435551
國1,274.2,120.354796,23.41345393
國1,274.3,120.35476,23.41255164
國1,274.4,120.3547416,23.41164889
國1,274.5,120.3547332,23.41074597
國1,274.6,120.3547455,23.40984306
國1,274.7,120.3547647,23.40894031
國1,274.8,120.354797,23.40803783
國1,274.9,120.3548361,23.40713558
國1,275.0,120.3548788,23.40623347
國1,275.1,120.3549246,23.40533148
國1,275.2,120.3549705,23.40442949
國1,275.3,120.3550163,23.40352751
國1,275.4,120.3550622,23.40262552
國1,275.5,120.355108,23.40172353
國1,275.6,120.3551539,23.40082155
國1,275.7,120.3551997,23.39991956
國1,275.8,120.3552456,23.39901757
國1,275.9,120.3552914,23.39811558
國1,276.0,120.3553373,23.3972136
國1,276.1,120.3553831,23.39631161
國1,276.2,120.3554188,23.39540925
國1,276.3,120.3554522,23.3945068
國1,276.4,120.3554702,23.39360398
國1,276.5,120.3554785,23.39270105
國1,276.6,120.3554718,23.39179811
國1,276.7,120.3554468,23.39089544
國1,276.8,120.355405,23.38999331
國1,276.9,120.3553413,23.38909228
國1,277.0,120.3552575,23.38819264
國1,277.1,120.3551561,23.38729454
國1,277.2,120.3550352,23.38639849
國1,277.3,120.3548935,23.38550506
國1,277.4,120.3547326,23.3846144
國1,277.5,120.3545523,23.3837269
國1,277.6,120.3543548,23.38284255
國1,277.7,120.3541369,23.38196229
國1,277.8,120.3539001,23.3810862
國1,277.9,120.3536445,23.38021465
國1,278.0,120.3533687,23.37934836
國1,278.1,120.3530763,23.37848672
國1,278.2,120.3527647,23.37763084
國1,278.3,120.3524335,23.37678126
國1,278.4,120.3520861,23.37593718
國1,278.5,120.3517196,23.37510005
國1,278.6,120.3513355,23.37426965
國1,278.7,120.3509302,23.37344786
國1,278.8,120.3505088,23.37263307
國1,278.9,120.3500714,23.37182546
國1,279.0,120.349617,23.37102589
國1,279.1,120.349145,23.37023502
國1,279.2,120.3486549,23.36945356
國1,279.3,120.3481468,23.36868203
國1,279.4,120.3476228,23.36791963
國1,279.5,120.3470831,23.36716665
國1,279.6,120.3465275,23.36642358
國1,279.7,120.3459545,23.3656919
國1,279.8,120.3453693,23.3649684
國1,279.9,120.344764,23.36425917
國1,280.0,120.3441478,23.36355791
國1,280.1,120.343512,23.36287181
國1,280.2,120.3428633,23.36219609
國1,280.3,120.3422025,23.3615304
國1,280.4,120.3415272,23.36087725
國1,280.5,120.340837,23.36023754
國1,280.6,120.3401314,23.35961234
國1,280.7,120.3394126,23.35900002
國1,280.8,120.338681,23.35840079
國1,280.9,120.33794,23.35781149
國1,281.0,120.3371872,23.35723516
國1,281.1,120.3364255,23.35666874
國1,281.2,120.3356552,23.35611237
國1,281.3,120.334877,23.35556545
國1,281.4,120.3340916,23.35502743
國1,281.5,120.3333017,23.35449494
國1,281.6,120.3325053,23.3539709
國1,281.7,120.3317055,23.3534512
國1,281.8,120.3309009,23.35293789
國1,281.9,120.3300913,23.35243135
國1,282.0,120.3292816,23.3519249
國1,282.1,120.3284707,23.35142014
國1,282.2,120.3276573,23.35091883
國1,282.3,120.3268439,23.35041751
國1,282.4,120.3260304,23.34991619
國1,282.5,120.3252171,23.34941486
國1,282.6,120.3244044,23.34891256
國1,282.7,120.3235961,23.34840426
國1,282.8,120.3227878,23.34789595
國1,282.9,120.3219876,23.34737694
國1,283.0,120.3211875,23.34685773
國1,283.1,120.3203936,23.34633062
國1,283.2,120.3196042,23.34579764
國1,283.3,120.3188229,23.34525465
國1,283.4,120.3180458,23.34470647
國1,283.5,120.3172785,23.34414665
國1,283.6,120.3165198,23.34357696
國1,283.7,120.3157729,23.34299399
國1,283.8,120.3150345,23.34240213
國1,283.9,120.314307,23.34179872
國1,284.0,120.3135905,23.34118423
國1,284.1,120.3128848,23.34055917
國1,284.2,120.3121905,23.33992336
國1,284.3,120.3115079,23.33927676
國1,284.4,120.3108369,23.3386199
國1,284.5,120.3101788,23.33795203
國1,284.6,120.309533,23.33727402
國1,284.7,120.3088992,23.33658642
國1,284.8,120.3082767,23.33589007
國1,284.9,120.3076683,23.33518316
國1,285.0,120.3070733,23.33446665
國1,285.1,120.3064898,23.33374206
國1,285.2,120.3059203,23.3330081
國1,285.3,120.3053644,23.33226524
國1,285.4,120.3048215,23.33151428
國1,285.5,120.304291,23.33075577
國1,285.6,120.303775,23.3299888
國1,285.7,120.3032757,23.32921249
國1,285.8,120.3027852,23.32843136
國1,285.9,120.302312,23.32764117
國1,286.0,120.3018522,23.32684432
國1,286.1,120.301399,23.32604421
國1,286.2,120.3009595,23.32523763
國1,286.3,120.3005304,23.32442627
國1,286.4,120.3001039,23.32361373
國1,286.5,120.2996874,23.3227968
國1,286.6,120.2992733,23.32197882
國1,286.7,120.2988592,23.32116084
國1,286.8,120.2984451,23.32034285
國1,286.9,120.298031,23.31952487
國1,287.0,120.2976169,23.31870689
國1,287.1,120.2971985,23.31789076
國1,287.2,120.2967748,23.31707698
國1,287.3,120.2963446,23.31626613
國1,287.4,120.2959033,23.31546037
國1,287.5,120.2954574,23.31465681
國1,287.6,120.2950031,23.31385725
國1,287.7,120.2945374,23.31306326
國1,287.8,120.2940629,23.31227376
國1,287.9,120.2935828,23.31148718
國1,288.0,120.2930935,23.31070546
國1,288.1,120.2925925,23.30993006
國1,288.2,120.2920867,23.30915734
國1,288.3,120.2915714,23.30839
國1,288.4,120.2910465,23.30762816
國1,288.5,120.2905152,23.30687016
國1,288.6,120.2899746,23.30611785
國1,288.7,120.2894283,23.30536899
國1,288.8,120.2888716,23.30462675
國1,288.9,120.2883124,23.30388608
國1,289.0,120.2877515,23.30314652
國1,289.1,120.2871905,23.30240697
國1,289.2,120.2866334,23.30166498
國1,289.3,120.2860826,23.30091901
國1,289.4,120.2855448,23.30016494
國1,289.5,120.2850215,23.29940227
國1,289.6,120.2845209,23.29862671
國1,289.7,120.2840415,23.29783977
國1,289.8,120.2835838,23.29704188
國1,289.9,120.2831462,23.29623449
國1,290.0,120.2827286,23.29541806
國1,290.1,120.28233,23.29459358
國1,290.2,120.2819365,23.293767
國1,290.3,120.2815489,23.29293804
國1,290.4,120.2811613,23.29210908
國1,290.5,120.2807737,23.29128012
國1,290.6,120.2803758,23.29045536
國1,290.7,120.2799649,23.28963604
國1,290.8,120.2795336,23.28882571
國1,290.9,120.279082,23.2880249
國1,291.0,120.2786088,23.28723477
國1,291.1,120.278114,23.28645605
國1,291.2,120.2775967,23.28568992
國1,291.3,120.2770617,23.28493422
國1,291.4,120.2765058,23.28419153
國1,291.5,120.2759288,23.28346276
國1,291.6,120.2753311,23.28274827
國1,291.7,120.2747171,23.28204571
國1,291.8,120.2740817,23.28135965
國1,291.9,120.273431,23.28068591
國1,292.0,120.2727685,23.28002201
國1,292.1,120.2720962,23.27936655
國1,292.2,120.2714199,23.27871466
國1,292.3,120.2707435,23.27806277
國1,292.4,120.2700691,23.27740917
國1,292.5,120.269404,23.27674749
國1,292.6,120.2687463,23.27607962
國1,292.7,120.2681065,23.27539702
國1,292.8,120.2674881,23.27469784
國1,292.9,120.2668926,23.27398185
國1,293.0,120.2663173,23.27325194
國1,293.1,120.2657671,23.27250566
國1,293.2,120.2652393,23.27174574
國1,293.3,120.2647341,23.27097285
國1,293.4,120.2642529,23.27018694
國1,293.5,120.2637977,23.26938795
國1,293.6,120.263364,23.26857873
國1,293.7,120.2629488,23.26776132
國1,293.8,120.2625478,23.26693786
國1,293.9,120.262155,23.26611101
國1,294.0,120.2617623,23.26528416
國1,294.1,120.2613695,23.2644573
國1,294.2,120.2609776,23.26363009
國1,294.3,120.260587,23.26280237
國1,294.4,120.2601964,23.26197465
國1,294.5,120.2598058,23.26114692
國1,294.6,120.2594152,23.2603192
國1,294.7,120.2590246,23.25949147
國1,294.8,120.258634,23.25866375
國1,294.9,120.2582434,23.25783602
國1,295.0,120.2578528,23.25700829
國1,295.1,120.2574535,23.25618414
國1,295.2,120.257046,23.25536348
國1,295.3,120.256632,23.2545455
國1,295.4,120.2562117,23.25373036
國1,295.5,120.2557862,23.25291749
國1,295.6,120.2553505,23.25210921
國1,295.7,120.2549119,23.25130228
國1,295.8,120.2544733,23.25049535
國1,295.9,120.2540348,23.24968841
國1,296.0,120.2535962,23.24888148
國1,296.1,120.2531576,23.24807454
國1,296.2,120.2527191,23.2472676
國1,296.3,120.2522805,23.24646066
國1,296.4,120.251842,23.24565372
國1,296.5,120.2514034,23.24484678
國1,296.6,120.2509649,23.24403984
國1,296.7,120.2505264,23.24323289
國1,296.8,120.2500878,23.24242595
國1,296.9,120.2496493,23.241619
國1,297.0,120.2492108,23.24081206
國1,297.1,120.2487723,23.24000511
國1,297.2,120.2483338,23.23919816
國1,297.3,120.247896,23.23839087
國1,297.4,120.2474584,23.23758347
國1,297.5,120.2470209,23.23677607
國1,297.6,120.2465834,23.23596867
國1,297.7,120.2461459,23.23516127
國1,297.8,120.2457083,23.23435387
國1,297.9,120.2452708,23.23354647
國1,298.0,120.2448333,23.23273906
國1,298.1,120.2443958,23.23193166
國1,298.2,120.2439604,23.2311233
國1,298.3,120.2435385,23.23030884
國1,298.4,120.2431274,23.22948969
國1,298.5,120.2427301,23.22866475
國1,298.6,120.2423449,23.22783497
國1,298.7,120.2419686,23.22700168
國1,298.8,120.2416051,23.22616353
國1,298.9,120.2412535,23.22532104
國1,299.0,120.2409172,23.22447323
國1,299.1,120.2405918,23.22362182
國1,299.2,120.2402777,23.22276682
國1,299.3,120.2399744,23.22190847
國1,299.4,120.2396855,23.22104586
國1,299.5,120.2394126,23.22017885
國1,299.6,120.2391457,23.21931023
國1,299.7,120.2388944,23.21843763
國1,299.8,120.2386563,23.21756192
國1,299.9,120.238429,23.21668372
國1,300.0,120.2382164,23.21580239
國1,300.1,120.2380154,23.21491875
國1,300.2,120.2378267,23.21403283
國1,300.3,120.2376501,23.21314476
國1,300.4,120.237487,23.21225446
國1,300.5,120.237339,23.21136193
國1,300.6,120.2372034,23.21046774
國1,300.7,120.2370815,23.20957187
國1,300.8,120.2369686,23.20867496
國1,300.9,120.236869,23.2077767
國1,301.0,120.2367863,23.20687698
國1,301.1,120.2367163,23.20597631
國1,301.2,120.2366508,23.2050754
國1,301.3,120.2366018,23.20417357
國1,301.4,120.2365587,23.2032715
國1,301.5,120.2365235,23.20236911
國1,301.6,120.2364973,23.20146647
國1,301.7,120.2364736,23.20056376
國1,301.8,120.2364589,23.19966089
國1,301.9,120.2364463,23.19875798
國1,302.0,120.2364348,23.19785506
國1,302.1,120.2364257,23.19695212
國1,302.2,120.2364167,23.19604918
國1,302.3,120.2364076,23.19514624
國1,302.4,120.2363986,23.1942433
國1,302.5,120.2363832,23.19334044
國1,302.6,120.2363663,23.1924376
國1,302.7,120.2363448,23.19153485
國1,302.8,120.2363168,23.19063224
國1,302.9,120.2362783,23.18972998
國1,303.0,120.2362361,23.18882785
國1,303.1,120.2361814,23.18792632
國1,303.2,120.2361211,23.18702507
國1,303.3,120.2360461,23.18612481
國1,303.4,120.2359614,23.18522532
國1,303.5,120.2358713,23.18432627
國1,303.6,120.2357699,23.18342824
國1,303.7,120.235658,23.18253123
國1,303.8,120.235537,23.1816352
國1,303.9,120.2354057,23.18074045
國1,304.0,120.2352653,23.17984687
國1,304.1,120.2351163,23.17895448
國1,304.2,120.2349548,23.17806394
國1,304.3,120.2347874,23.17717432
國1,304.4,120.2346092,23.17628649
國1,304.5,120.2344165,23.17540126
國1,304.6,120.2342223,23.17451632
國1,304.7,120.234011,23.17363473
國1,304.8,120.2337973,23.17275363
國1,304.9,120.2335692,23.17187563
國1,305.0,120.2333412,23.17099763
國1,305.1,120.2331122,23.17011983
國1,305.2,120.2328781,23.16924316
國1,305.3,120.232644,23.1683665
國1,305.4,120.23241,23.16748983
國1,305.5,120.2321809,23.16661208
國1,305.6,120.2319605,23.16573241
國1,305.7,120.2317497,23.16485079
國1,305.8,120.2315541,23.16396613
國1,305.9,120.2313766,23.16307822
國1,306.0,120.2312205,23.1621869
國1,306.1,120.2310777,23.16129366
國1,306.2,120.2309589,23.16039742
國1,306.3,120.2308617,23.15949902
國1,306.4,120.2307785,23.15859936
國1,306.5,120.2307168,23.15769821
國1,306.6,120.2306752,23.15679605
國1,306.7,120.2306548,23.15589329
國1,306.8,120.2306515,23.15499036
國1,306.9,120.2306676,23.15408758
國1,307.0,120.2307057,23.15318538
國1,307.1,120.2307599,23.15228381
國1,307.2,120.2308334,23.15138344
國1,307.3,120.2309306,23.15048498
國1,307.4,120.2310417,23.14958787
國1,307.5,120.2311759,23.14869347
國1,307.6,120.2313285,23.1478016
國1,307.7,120.2315029,23.14691314
國1,307.8,120.2316964,23.14602808
國1,307.9,120.2319086,23.14514673
國1,308.0,120.2321367,23.14426877
國1,308.1,120.2323837,23.14339518
國1,308.2,120.2326509,23.14252673
國1,308.3,120.2329369,23.14166336
國1,308.4,120.2332427,23.14080587
國1,308.5,120.2335654,23.13995364
國1,308.6,120.2339058,23.13910738
國1,308.7,120.234258,23.13826519
國1,308.8,120.2346234,23.13742784
國1,308.9,120.2349989,23.13659429
國1,309.0,120.2353777,23.13576208
國1,309.1,120.2357636,23.13493261
國1,309.2,120.2361522,23.13410421
國1,309.3,120.2365417,23.13327619
國1,309.4,120.2369312,23.13244817
國1,309.5,120.2373208,23.13162016
國1,309.6,120.2377103,23.13079214
國1,309.7,120.2380998,23.12996412
國1,309.8,120.2384893,23.1291361
國1,309.9,120.2388788,23.12830807
國1,310.0,120.2392683,23.12748005
國1,310.1,120.2396559,23.12665128
國1,310.2,120.2400429,23.12582228
國1,310.3,120.2404299,23.12499328
國1,310.4,120.2408141,23.12416322
國1,310.5,120.2411888,23.1233294
國1,310.6,120.2415601,23.1224943
國1,310.7,120.2419253,23.12165686
國1,310.8,120.2422803,23.12081567
國1,310.9,120.2426347,23.11997429
國1,311.0,120.2429816,23.11913024
國1,311.1,120.2433211,23.11828362
國1,311.2,120.2436548,23.11743501
國1,311.3,120.2439806,23.11658385
國1,311.4,120.2443,23.11573061
國1,311.5,120.2446094,23.11487421
國1,311.6,120.2449165,23.11401707
國1,311.7,120.2452182,23.11315832
國1,311.8,120.2455098,23.11229657
國1,311.9,120.245797,23.11143354
國1,312.0,120.2460757,23.11056814
國1,312.1,120.2463478,23.10970096
國1,312.2,120.2466135,23.10883206
國1,312.3,120.2468725,23.10796145
國1,312.4,120.2471259,23.10708942
國1,312.5,120.2473721,23.10621563
國1,312.6,120.2476123,23.10534041
國1,312.7,120.2478423,23.10446282
國1,312.8,120.2480666,23.10358401
國1,312.9,120.2482803,23.10270297
國1,313.0,120.2484792,23.10181899
國1,313.1,120.2486672,23.10093295
國1,313.2,120.2488442,23.10004493
國1,313.3,120.2490196,23.09915663
國1,313.4,120.249195,23.09826833
國1,313.5,120.2493704,23.09738002
國1,313.6,120.2495457,23.09649172
國1,313.7,120.2497211,23.09560342
國1,313.8,120.2498965,23.09471511
國1,313.9,120.2500718,23.09382681
國1,314.0,120.2502454,23.09293821
國1,314.1,120.2504151,23.09204897
國1,314.2,120.2505799,23.09115894
國1,314.3,120.2507346,23.09026738
國1,314.4,120.2508784,23.08937424
國1,314.5,120.2510146,23.08848008
國1,314.6,120.2511488,23.08758566
國1,314.7,120.2512809,23.08669098
國1,314.8,120.2514062,23.08579546
國1,314.9,120.2515315,23.08489994
國1,315.0,120.2516511,23.08400376
國1,315.1,120.2517649,23.08310693
國1,315.2,120.2518787,23.08221009
國1,315.3,120.2519871,23.0813127
國1,315.4,120.2520891,23.08041465
國1,315.5,120.2521911,23.0795166
國1,315.6,120.2522882,23.07861809
國1,315.7,120.2523797,23.07771907
國1,315.8,120.2524708,23.07682002
國1,315.9,120.2525517,23.07592013
國1,316.0,120.2526326,23.07502023
國1,316.1,120.2527074,23.07411991
國1,316.2,120.2527788,23.07321934
國1,316.3,120.2528502,23.07231877
國1,316.4,120.2529145,23.07141779
國1,316.5,120.2529754,23.07051662
國1,316.6,120.2530317,23.06961519
國1,316.7,120.2530808,23.06871334
國1,316.8,120.25313,23.06781149
國1,316.9,120.2531697,23.06690927
國1,317.0,120.2532069,23.06600695
國1,317.1,120.2532388,23.06510445
國1,317.2,120.2532654,23.06420179
國1,317.3,120.2532868,23.06329902
國1,317.4,120.2533025,23.06239616
國1,317.5,120.2533137,23.06149324
國1,317.6,120.25332,23.06059028
國1,317.7,120.2533206,23.05968728
國1,317.8,120.2533212,23.05878428
國1,317.9,120.2533118,23.05788132
國1,318.0,120.2533006,23.05697839
國1,318.1,120.2532844,23.05607551
國1,318.2,120.2532573,23.05517287
國1,318.3,120.2532223,23.0542705
國1,318.4,120.253172,23.0533687
國1,318.5,120.2531118,23.05246748
國1,318.6,120.2530343,23.05156735
國1,318.7,120.2529407,23.05066854
國1,318.8,120.2528376,23.04977062
國1,318.9,120.2527175,23.04887451
國1,319.0,120.2525837,23.04798005
國1,319.1,120.2524354,23.04708756
國1,319.2,120.2522764,23.04619668
國1,319.3,120.2521057,23.04530764
國1,319.4,120.2519319,23.04441911
國1,319.5,120.2517581,23.04353058
國1,319.6,120.2515844,23.04264205
國1,319.7,120.2514106,23.04175352
國1,319.8,120.2512368,23.04086499
國1,319.9,120.251063,23.03997646
國1,320.0,120.2508892,23.03908793
國1,320.1,120.2507154,23.0381994
國1,320.2,120.2505416,23.03731086
國1,320.3,120.2503679,23.03642233
國1,320.4,120.2501941,23.0355338
國1,320.5,120.2500231,23.03464479
國1,320.6,120.2498559,23.03375516
國1,320.7,120.2497069,23.03286286
國1,320.8,120.2495813,23.03196747
國1,320.9,120.2494791,23.03106948
國1,321.0,120.2494014,23.03016938
國1,321.1,120.2493495,23.02926767
國1,321.2,120.2493242,23.02836497
國1,321.3,120.2493219,23.02746203
國1,321.4,120.2493464,23.02655941
國1,321.5,120.2494018,23.02565806
國1,321.6,120.2495037,23.02476014
國1,321.7,120.249649,23.02386736
國1,321.8,120.2498358,23.02298115
國1,321.9,120.2500483,23.02209985
國1,322.0,120.2502635,23.02121909
國1,322.1,120.2504697,23.02033658
國1,322.2,120.2506211,23.01944481
國1,322.3,120.2507032,23.01854552
國1,322.4,120.2507001,23.01764293
國1,322.5,120.2506174,23.01674373
國1,322.6,120.250455,23.01585373
國1,322.7,120.2502291,23.01497551
國1,322.8,120.2499692,23.01410526
國1,322.9,120.249707,23.01323555
國1,323.0,120.2494449,23.01236584
國1,323.1,120.249188,23.01149478
國1,323.2,120.2489434,23.01062073
國1,323.3,120.248733,23.0097391
國1,323.4,120.2485469,23.00885277
國1,323.5,120.2483954,23.00796083
國1,323.6,120.2482764,23.00706464
國1,323.7,120.2481888,23.00616532
國1,323.8,120.2481364,23.00526369
國1,323.9,120.2481135,23.004361
國1,324.0,120.2481102,23.00345807
國1,324.1,120.2481176,23.0025551
國1,324.2,120.2481265,23.00165214
國1,324.3,120.2481365,23.00074918
國1,324.4,120.2481465,22.99984622
國1,324.5,120.2481565,22.99894327
國1,324.6,120.2481665,22.99804031
國1,324.7,120.2481765,22.99713735
國1,324.8,120.2481865,22.99623439
國1,324.9,120.2481965,22.99533144
國1,325.0,120.2482065,22.99442848
國1,325.1,120.2482165,22.99352552
國1,325.2,120.2482266,22.99262256
國1,325.3,120.2482366,22.9917196
國1,325.4,120.2482466,22.99081664
國1,325.5,120.2482566,22.98991369
國1,325.6,120.2482666,22.98901073
國1,325.7,120.2482766,22.98810777
國1,325.8,120.2482866,22.98720481
國1,325.9,120.2482966,22.98630185
國1,326.0,120.2483066,22.98539889
國1,326.1,120.2483166,22.98449593
國1,326.2,120.2483266,22.98359297
國1,326.3,120.2483366,22.98269001
國1,326.4,120.2483467,22.98178705
國1,326.5,120.2483705,22.98088436
國1,326.6,120.2484142,22.97998231
國1,326.7,120.2484749,22.97908112
國1,326.8,120.2485537,22.97818113
國1,326.9,120.2486534,22.97728293
國1,327.0,120.2487732,22.97638686
國1,327.1,120.248906,22.9754923
國1,327.2,120.2490467,22.97459874
國1,327.3,120.2491873,22.97370517
國1,327.4,120.249328,22.97281161
國1,327.5,120.2494686,22.97191804
國1,327.6,120.2496093,22.97102447
國1,327.7,120.249747,22.97013053
國1,327.8,120.2498731,22.96923513
國1,327.9,120.2499682,22.96833648
國1,328.0,120.2500375,22.96743586
國1,328.1,120.2500802,22.96653382
國1,328.2,120.2500962,22.96563102
國1,328.3,120.2500867,22.96472818
國1,328.4,120.2500462,22.96382601
國1,328.5,120.2499807,22.96292512
國1,328.6,120.2499013,22.96202511
國1,328.7,120.249822,22.96112509
國1,328.8,120.2497427,22.96022507
國1,328.9,120.2496634,22.95932506
國1,329.0,120.2495841,22.95842504
國1,329.1,120.2495047,22.95752502
國1,329.2,120.2494254,22.956625
國1,329.3,120.2493461,22.95572498
國1,329.4,120.2492668,22.95482497
國1,329.5,120.2491875,22.95392495
國1,329.6,120.2491082,22.95302493
國1,329.7,120.2490288,22.95212491
國1,329.8,120.2489523,22.9512247
國1,329.9,120.2488922,22.95032347
國1,330.0,120.2488578,22.9494211
國1,330.1,120.2488557,22.94851816
國1,330.2,120.2488868,22.94761567
國1,330.3,120.2489502,22.9467146
國1,330.4,120.2490498,22.94581636
國1,330.5,120.2491805,22.94492159
國1,330.6,120.24934,22.94403081
國1,330.7,120.2495312,22.94314545
國1,330.8,120.2497556,22.94226672
國1,330.9,120.2500148,22.94139626
國1,331.0,120.250301,22.94053309
國1,331.1,120.2506204,22.93967996
國1,331.2,120.2509689,22.93883664
國1,331.3,120.2513376,22.9380008
國1,331.4,120.2517076,22.93716542
國1,331.5,120.2520835,22.93633229
國1,331.6,120.2524523,22.93549718
國1,331.7,120.2528359,22.93466799
國1,331.8,120.2532003,22.93383163
國1,331.9,120.2535829,22.93300137
國1,332.0,120.253953,22.93216642
國1,332.1,120.2543296,22.93133351
國1,332.2,120.2546993,22.93049846
國1,332.3,120.2550752,22.92966525
國1,332.4,120.255451,22.92883204
國1,332.5,120.2558269,22.92799883
國1,332.6,120.2562027,22.92716561
國1,332.7,120.2565786,22.9263324
國1,332.8,120.2569544,22.92549918
國1,332.9,120.2573302,22.92466596
國1,333.0,120.257706,22.92383275
國1,333.1,120.2580819,22.92299953
國1,333.2,120.2584577,22.92216631
國1,333.3,120.2588335,22.92133308
國1,333.4,120.2592093,22.92049986
國1,333.5,120.2595851,22.91966664
國1,333.6,120.2599609,22.91883341
國1,333.7,120.2603367,22.91800018
國1,333.8,120.2607125,22.91716696
國1,333.9,120.2610882,22.91633373
國1,334.0,120.2614635,22.91550029
國1,334.1,120.2618385,22.91466676
國1,334.2,120.2622135,22.91383323
國1,334.3,120.2625884,22.9129997
國1,334.4,120.2629634,22.91216617
國1,334.5,120.2633384,22.91133263
國1,334.6,120.2637134,22.9104991
國1,334.7,120.2640884,22.90966556
國1,334.8,120.2644633,22.90883202
國1,334.9,120.2648383,22.90799849
國1,335.0,120.2652132,22.90716495
國1,335.1,120.2655882,22.90633141
國1,335.2,120.2659631,22.90549787
國1,335.3,120.2663381,22.90466432
國1,335.4,120.266713,22.90383078
國1,335.5,120.2670879,22.90299724
國1,335.6,120.2674648,22.90216447
國1,335.7,120.2678529,22.9013361
國1,335.8,120.268241,22.90050774
國1,335.9,120.2686315,22.89968039
國1,336.0,120.2690285,22.89885566
國1,336.1,120.2694307,22.8980331
國1,336.2,120.2698371,22.89721236
國1,336.3,120.2702472,22.89639316
國1,336.4,120.2706629,22.89557641
國1,336.5,120.2710798,22.89476017
國1,336.6,120.2715074,22.89394867
國1,336.7,120.2719349,22.89313716
國1,336.8,120.2723635,22.89232616
國1,336.9,120.272797,22.89151736
國1,337.0,120.2732304,22.89070855
國1,337.1,120.2736639,22.88989974
國1,337.2,120.2740973,22.88909094
國1,337.3,120.2745307,22.88828212
國1,337.4,120.2749642,22.88747331
國1,337.5,120.2753976,22.8866645
國1,337.6,120.275831,22.88585569
國1,337.7,120.2762644,22.88504687
國1,337.8,120.2766978,22.88423805
國1,337.9,120.2771312,22.88342923
國1,338.0,120.2775646,22.88262041
國1,338.1,120.277998,22.88181159
國1,338.2,120.2784314,22.88100277
國1,338.3,120.2788648,22.88019395
國1,338.4,120.2792982,22.87938512
國1,338.5,120.2797316,22.87857629
國1,338.6,120.2801649,22.87776746
國1,338.7,120.2805983,22.87695863
國1,338.8,120.2810268,22.8761476
國1,338.9,120.2814495,22.875334
國1,339.0,120.2818616,22.87451569
國1,339.1,120.2822644,22.87369348
國1,339.2,120.2826581,22.87286742
國1,339.3,120.2830436,22.8720381
國1,339.4,120.2834186,22.87120466
國1,339.5,120.2837875,22.87036885
國1,339.6,120.284145,22.86952879
國1,339.7,120.2844925,22.86868515
國1,339.8,120.2848345,22.86783955
國1,339.9,120.2851764,22.86699394
國1,340.0,120.2855175,22.86614803
國1,340.1,120.2858573,22.86530169
國1,340.2,120.2861971,22.86445535
國1,340.3,120.2865369,22.86360901
國1,340.4,120.2868767,22.86276267
國1,340.5,120.2872165,22.86191633
國1,340.6,120.2875563,22.86106999
國1,340.7,120.2878961,22.86022365
國1,340.8,120.2882359,22.85937731
國1,340.9,120.2885757,22.85853096
國1,341.0,120.2889154,22.85768462
國1,341.1,120.2892552,22.85683827
國1,341.2,120.289595,22.85599193
國1,341.3,120.2899348,22.85514558
國1,341.4,120.290291,22.8543051
國1,341.5,120.2906703,22.85347335
國1,341.6,120.2910715,22.85265046
國1,341.7,120.2914947,22.85183711
國1,341.8,120.2919393,22.8510336
國1,341.9,120.2924066,22.85024134
國1,342.0,120.2928921,22.8494585
國1,342.1,120.2933988,22.84868723
國1,342.2,120.2939172,22.84792263
國1,342.3,120.2944372,22.847159
國1,342.4,120.2949584,22.846396
國1,342.5,120.2954795,22.845633
國1,342.6,120.2960007,22.84487
國1,342.7,120.2965218,22.84410699
國1,342.8,120.2970429,22.84334399
國1,342.9,120.297564,22.84258098
國1,343.0,120.2980852,22.84181797
國1,343.1,120.2986063,22.84105496
國1,343.2,120.2991274,22.84029194
國1,343.3,120.2996485,22.83952893
國1,343.4,120.3001696,22.83876591
國1,343.5,120.3006906,22.83800289
國1,343.6,120.3012117,22.83723987
國1,343.7,120.3017328,22.83647684
國1,343.8,120.3022539,22.83571382
國1,343.9,120.3027749,22.83495079
國1,344.0,120.303296,22.83418776
國1,344.1,120.303817,22.83342473
國1,344.2,120.3043381,22.8326617
國1,344.3,120.3048591,22.83189866
國1,344.4,120.3053802,22.83113563
國1,344.5,120.3059012,22.83037259
國1,344.6,120.3064243,22.82961077
國1,344.7,120.306949,22.82884997
國1,344.8,120.3074654,22.82808419
國1,344.9,120.3079871,22.82732165
國1,345.0,120.3085094,22.82655937
國1,345.1,120.3090197,22.82579023
國1,345.2,120.3095113,22.82501078
國1,345.3,120.3099723,22.82421527
國1,345.4,120.3104197,22.82341314
國1,345.5,120.3108503,22.82260316
國1,345.6,120.3112574,22.82178287
國1,345.7,120.3116305,22.82094872
國1,345.8,120.3119775,22.82010498
國1,345.9,120.3123005,22.81925308
國1,346.0,120.3125994,22.81839362
國1,346.1,120.3128721,22.81752673
國1,346.2,120.313116,22.81665251
國1,346.3,120.3133437,22.81577449
國1,346.4,120.3135714,22.81489648
國1,346.5,120.3137987,22.81401839
國1,346.6,120.3140244,22.81313992
國1,346.7,120.31425,22.81226145
國1,346.8,120.3144756,22.81138297
國1,346.9,120.3147012,22.81050449
國1,347.0,120.3149269,22.80962602
國1,347.1,120.3151525,22.80874754
國1,347.2,120.3153781,22.80786906
國1,347.3,120.3156037,22.80699059
國1,347.4,120.3158293,22.80611211
國1,347.5,120.3160549,22.80523363
國1,347.6,120.3162805,22.80435515
國1,347.7,120.3165061,22.80347667
國1,347.8,120.3167319,22.80259823
國1,347.9,120.316961,22.80172055
國1,348.0,120.3171902,22.80084286
國1,348.1,120.3174161,22.79996445
國1,348.2,120.3176383,22.79908522
國1,348.3,120.3178609,22.79820608
國1,348.4,120.3180868,22.79732767
國1,348.5,120.3183128,22.79644925
國1,348.6,120.3185387,22.79557084
國1,348.7,120.3187646,22.79469243
國1,348.8,120.3189905,22.79381402
國1,348.9,120.3192165,22.7929356
國1,349.0,120.3194424,22.79205719
國1,349.1,120.3196683,22.79117878
國1,349.2,120.3199023,22.79030223
國1,349.3,120.3201468,22.78942816
國1,349.4,120.3204038,22.78855715
國1,349.5,120.3206698,22.7876885
國1,349.6,120.3209552,22.78682511
國1,349.7,120.3212443,22.78596278
國1,349.8,120.3215504,22.78510556
國1,349.9,120.3218615,22.78424985
國1,350.0,120.3221742,22.78339463
國1,350.1,120.3224904,22.78254051
國1,350.2,120.3228066,22.78168638
國1,350.3,120.3231227,22.78083225
國1,350.4,120.3234389,22.77997812
國1,350.5,120.3237551,22.77912399
國1,350.6,120.3240712,22.77826986
國1,350.7,120.3243874,22.77741573
國1,350.8,120.3247036,22.7765616
國1,350.9,120.3250197,22.77570747
國1,351.0,120.3253359,22.77485333
國1,351.1,120.325652,22.7739992
國1,351.2,120.3259681,22.77314506
國1,351.3,120.3262843,22.77229093
國1,351.4,120.3266004,22.77143679
國1,351.5,120.3269165,22.77058265
國1,351.6,120.3272395,22.76973073
國1,351.7,120.3275668,22.76888024
國1,351.8,120.3279121,22.7680359
國1,351.9,120.3282635,22.76719376
國1,352.0,120.3286281,22.76635645
國1,352.1,120.3290001,22.76552203
國1,352.2,120.3293872,22.7646935
國1,352.3,120.3297801,22.76386727
國1,352.4,120.330178,22.76304306
國1,352.5,120.3305759,22.76221884
國1,352.6,120.3309738,22.76139462
國1,352.7,120.3313717,22.76057041
國1,352.8,120.3317629,22.75974345
國1,352.9,120.3321311,22.75890752
國1,353.0,120.3324785,22.75806397
國1,353.1,120.332798,22.757211
國1,353.2,120.3330959,22.75635134
國1,353.3,120.3333685,22.75548448
國1,353.4,120.3336176,22.75461156
國1,353.5,120.3338382,22.75373206
國1,353.6,120.3340372,22.75284814
國1,353.7,120.3342106,22.7519596
國1,353.8,120.3343599,22.75106732
國1,353.9,120.334485,22.75017178
國1,354.0,120.3345837,22.74927342
國1,354.1,120.3346558,22.7483729
國1,354.2,120.3346996,22.74747082
國1,354.3,120.3347201,22.74656802
國1,354.4,120.3347152,22.74566498
國1,354.5,120.3346905,22.74476225
國1,354.6,120.334663,22.74385956
國1,354.7,120.3346327,22.74295695
國1,354.8,120.3346023,22.74205435
國1,354.9,120.3345719,22.74115175
國1,355.0,120.3345415,22.74024915
國1,355.1,120.3345111,22.73934655
國1,355.2,120.3344807,22.73844395
國1,355.3,120.3344503,22.73754134
國1,355.4,120.3344199,22.73663874
國1,355.5,120.3343895,22.73573614
國1,355.6,120.3343591,22.73483354
國1,355.7,120.3343287,22.73393094
國1,355.8,120.3342983,22.73302833
國1,355.9,120.3342679,22.73212573
國1,356.0,120.3342375,22.73122313
國1,356.1,120.3341892,22.73032124
國1,356.2,120.3341112,22.72942113
國1,356.3,120.3340119,22.72852282
國1,356.4,120.3338895,22.72762697
國1,356.5,120.3337412,22.72673449
國1,356.6,120.3335699,22.72584556
國1,356.7,120.3333756,22.7249607
國1,356.8,120.3331629,22.72407946
國1,356.9,120.3329499,22.72319831
國1,357.0,120.3327368,22.72231716
國1,357.1,120.3325237,22.72143601
國1,357.2,120.3323107,22.72055486
國1,357.3,120.3321004,22.71967315
國1,357.4,120.3318904,22.71879138
國1,357.5,120.3316804,22.7179096
國1,357.6,120.3314663,22.71702871
國1,357.7,120.3312507,22.71614813
國1,357.8,120.3310352,22.71526754
國1,357.9,120.3308196,22.71438696
國1,358.0,120.3306054,22.71350607
國1,358.1,120.3303916,22.71262505
國1,358.2,120.3301779,22.71174404
國1,358.3,120.3299642,22.71086302
國1,358.4,120.3297505,22.70998201
國1,358.5,120.3295368,22.70910099
國1,358.6,120.329323,22.70821998
國1,358.7,120.3291093,22.70733896
國1,358.8,120.3288956,22.70645794
國1,358.9,120.3286819,22.70557693
國1,359.0,120.3284682,22.70469591
國1,359.1,120.3282619,22.7038134
國1,359.2,120.3280848,22.70292544
國1,359.3,120.327895,22.70203981
國1,359.4,120.3277568,22.70114608
國1,359.5,120.3276439,22.7002492
國1,359.6,120.3275565,22.69934986
國1,359.7,120.3274931,22.6984488
國1,359.8,120.3274535,22.69754657
國1,359.9,120.3274376,22.69664368
國1,360.0,120.3274423,22.69574083
國1,360.1,120.3274983,22.69483931
國1,360.2,120.3275674,22.69393854
國1,360.3,120.3276366,22.69303777
國1,360.4,120.3277057,22.69213699
國1,360.5,120.3277748,22.69123622
國1,360.6,120.3278439,22.69033545
國1,360.7,120.3279131,22.68943468
國1,360.8,120.3279822,22.6885339
國1,360.9,120.3280513,22.68763313
國1,361.0,120.3281204,22.68673236
國1,361.1,120.3281895,22.68583158
國1,361.2,120.3282587,22.68493081
國1,361.3,120.3283278,22.68403004
國1,361.4,120.3283963,22.68312922
國1,361.5,120.3284645,22.68222839
國1,361.6,120.3285327,22.68132755
國1,361.7,120.3286009,22.68042672
國1,361.8,120.3286691,22.67952589
國1,361.9,120.3287373,22.67862506
國1,362.0,120.3288055,22.67772422
國1,362.1,120.3288738,22.67682339
國1,362.2,120.328942,22.67592255
國1,362.3,120.3290102,22.67502172
國1,362.4,120.3290784,22.67412089
國1,362.5,120.329148,22.67322015
國1,362.6,120.3292205,22.6723196
國1,362.7,120.3292884,22.67141874
國1,362.8,120.3293557,22.67051785
國1,362.9,120.329423,22.66961695
國1,363.0,120.3294903,22.66871606
國1,363.1,120.3295602,22.66781534
國1,363.2,120.3296327,22.66691479
國1,363.3,120.3297186,22.66601531
國1,363.4,120.3298413,22.66511962
國1,363.5,120.3300051,22.66422962
國1,363.6,120.3302179,22.66334853
國1,363.7,120.3304772,22.66247824
國1,363.8,120.3307881,22.6616227
國1,363.9,120.3311358,22.66077949
國1,364.0,120.3315318,22.65995476
國1,364.1,120.3319543,22.65914128
國1,364.2,120.3323822,22.65833024
國1,364.3,120.3328101,22.6575192
國1,364.4,120.3332221,22.65670113
國1,364.5,120.3336137,22.65587446
國1,364.6,120.3339867,22.65504043
國1,364.7,120.3343382,22.65419836
國1,364.8,120.3346708,22.65334977
國1,364.9,120.3349838,22.65249477
國1,365.0,120.3352779,22.65163402
國1,365.1,120.3355507,22.65076726
國1,365.2,120.3358049,22.64989561
國1,365.3,120.3360393,22.64901916
國1,365.4,120.3362525,22.64813805
國1,365.5,120.3364429,22.64725247
國1,365.6,120.3366112,22.64636303
國1,365.7,120.3367602,22.64547068
國1,365.8,120.3368882,22.64457553
國1,365.9,120.3369964,22.64367812
國1,366.0,120.3370838,22.64277873
國1,366.1,120.3371515,22.64187789
國1,366.2,120.3371934,22.64097572
國1,366.3,120.337215,22.64007291
國1,366.4,120.3372168,22.6391699
國1,366.5,120.3371981,22.63826706
國1,366.6,120.337156,22.6373649
國1,366.7,120.3370956,22.63646367
國1,366.8,120.3370127,22.63556394
國1,366.9,120.336913,22.63466563
國1,367.0,120.3368105,22.6337676
國1,367.1,120.3367062,22.63286975
國1,367.2,120.3366019,22.63197189
國1,367.3,120.3364976,22.63107403
國1,367.4,120.3363955,22.63017596
國1,367.5,120.336304,22.62927691
國1,367.6,120.336239,22.62837592
國1,367.7,120.3361961,22.62747378
國1,367.8,120.3361764,22.62657092
國1,367.9,120.3361828,22.62566791
國1,368.0,120.336216,22.6247654
國1,368.1,120.3362615,22.62386335
國1,368.2,120.3363267,22.62296236
國1,368.3,120.3364065,22.62206235
國1,368.4,120.3365019,22.62116368
國1,368.5,120.3366142,22.62026668
國1,368.6,120.3367422,22.6193715
國1,368.7,120.3368856,22.61847833
國1,368.8,120.3370452,22.61758752
國1,368.9,120.3372219,22.61669952
國1,369.0,120.3374125,22.61581399
國1,369.1,120.3376212,22.61493197
國1,369.2,120.337845,22.61405314
國1,369.3,120.3380991,22.61318147
國1,369.4,120.3383762,22.61231586
國1,369.5,120.3386799,22.61145798
國1,369.6,120.3390077,22.61060774
國1,369.7,120.339362,22.60976673
國1,369.8,120.3397415,22.60893527
國1,369.9,120.3401465,22.60811424
國1,370.0,120.3405737,22.60730302
國1,370.1,120.3410223,22.60650178
國1,370.2,120.3414723,22.60570117
國1,370.3,120.341887,22.60488464
國1,370.4,120.3421995,22.60403028
國1,370.5,120.3423837,22.60314438
國1,370.6,120.3424279,22.60224311
國1,370.7,120.3423331,22.60134494
國1,370.8,120.3421039,22.60046811
國1,370.9,120.341751,22.59962713
國1,371.0,120.3413162,22.59881966
國1,371.1,120.3408312,22.59803696
國1,371.2,120.3403154,22.59727144
國1,371.3,120.3397839,22.59651518
國1,371.4,120.3392332,22.59577086
國1,371.5,120.3386631,22.59503929
國1,371.6,120.3380764,22.59431914
國1,371.7,120.3374746,22.5936099
國1,371.8,120.3368586,22.59291116
國1,371.9,120.3362236,22.59222724
國1,372.0,120.3355715,22.59155726
國1,372.1,120.334903,22.59090145
國1,372.2,120.3342167,22.5902616
國1,372.3,120.3335194,22.58963227
國1,372.4,120.3328085,22.58901605
國1,372.5,120.3320792,22.58841868
國1,372.6,120.3313378,22.58783429
國1,372.7,120.3305854,22.58726215
國1,372.8,120.3298188,22.58670659
國1,372.9,120.3290456,22.58615882
國1,373.0,120.3282709,22.58561296
國1,373.1,120.3274971,22.58506616
國1,373.2,120.3267252,22.58451721
國1,373.3,120.3259533,22.58396826
國1,373.4,120.325179,22.58342216
國1,373.5,120.3243945,22.58288866
國1,373.6,120.3236145,22.58234954
國1,373.7,120.3228423,22.58180072
國1,373.8,120.3220708,22.58125091
國1,373.9,120.3212994,22.5807011
國1,374.0,120.3205279,22.58015128
國1,374.1,120.3197565,22.57960146
國1,374.2,120.3189851,22.57905164
國1,374.3,120.3182103,22.57850593
國1,374.4,120.3174354,22.57796036
國2,0.0,121.2175738,25.06573868
國2,0.1,121.2168228,25.06514945
國2,0.2,121.2160718,25.06456022
國2,0.3,121.2153271,25.06396454
國2,0.4,121.2146373,25.06331683
國2,0.5,121.2140548,25.06258788
國2,0.6,121.2136099,25.06178255
國2,0.7,121.2133252,25.06091912
國2,0.8,121.2131931,25.06002585
國2,0.9,121.2132288,25.05912491
國2,1.0,121.2134126,25.05823852
國2,1.1,121.2136986,25.05737441
國2,1.2,121.2140538,25.05653175
國2,1.3,121.2144319,25.05569725
國2,1.4,121.2148041,25.05486121
國2,1.5,121.2151875,25.05402871
國2,1.6,121.2155709,25.05319621
國2,1.7,121.2159542,25.05236371
國2,1.8,121.2163349,25.05153019
國2,1.9,121.216715,25.05069645
國2,2.0,121.217095,25.0498627
國2,2.1,121.2174775,25.04902986
國2,2.2,121.217861,25.04819743
國2,2.3,121.2182445,25.04736501
國2,2.4,121.2186444,25.04654212
國2,2.5,121.2190302,25.04571056
國2,2.6,121.219416,25.04487899
國2,2.7,121.2198183,25.044054
國2,2.8,121.220252,25.0432423
國2,2.9,121.2207364,25.042455
國2,3.0,121.2212789,25.04169983
國2,3.1,121.2218915,25.04099082
國2,3.2,121.2225706,25.04033388
國2,3.3,121.2233169,25.03974045
國2,3.4,121.2241125,25.03920288
國2,3.5,121.2249623,25.03873873
國2,3.6,121.2258527,25.03834301
國2,3.7,121.226771,25.0380042
國2,3.8,121.2277055,25.03770401
國2,3.9,121.2286518,25.03743631
國2,4.0,121.2296014,25.03717806
國2,4.1,121.2305522,25.03692378
國2,4.2,121.231503,25.0366695
國2,4.3,121.2324538,25.03641521
國2,4.4,121.2334046,25.03616091
國2,4.5,121.2343554,25.03590661
國2,4.6,121.2353062,25.03565231
國2,4.7,121.2362569,25.0353977
國2,4.8,121.237206,25.03513824
國2,4.9,121.2381481,25.03485825
國2,5.0,121.239075,25.03453941
國2,5.1,121.2399856,25.03418357
國2,5.2,121.2408736,25.03378338
國2,5.3,121.2417445,25.03335275
國2,5.4,121.2426019,25.03290017
國2,5.5,121.2434579,25.03244539
國2,5.6,121.244314,25.0319906
國2,5.7,121.24517,25.03153581
國2,5.8,121.246026,25.03108101
國2,5.9,121.246882,25.03062621
國2,6.0,121.247738,25.0301714
國2,6.1,121.2485939,25.02971659
國2,6.2,121.2494529,25.02926654
國2,6.3,121.2503196,25.02882897
國2,6.4,121.2512084,25.02843053
國2,6.5,121.2521278,25.02809475
國2,6.6,121.2530741,25.02782757
國2,6.7,121.2540422,25.02763636
國2,6.8,121.2550241,25.02751744
國2,6.9,121.2560128,25.02746014
國2,7.0,121.2570035,25.02745137
國2,7.1,121.2579941,25.02747336
國2,7.2,121.2589841,25.0275108
國2,7.3,121.2599741,25.02754883
國2,7.4,121.2609645,25.02757347
國2,7.5,121.2619551,25.02756249
國2,7.6,121.2629437,25.02750519
國2,7.7,121.2639245,25.02738049
國2,7.8,121.2648902,25.02718061
國2,7.9,121.2658273,25.02688867
國2,8.0,121.2667228,25.02650357
國2,8.1,121.2675657,25.02603001
國2,8.2,121.2683474,25.02547613
國2,8.3,121.269054,25.02484406
國2,8.4,121.2696839,25.02414784
國2,8.5,121.2702551,25.02341044
國2,8.6,121.2707946,25.02265335
國2,8.7,121.271331,25.02189445
國2,8.8,121.2718674,25.02113556
國2,8.9,121.2724038,25.02037666
國2,9.0,121.2729402,25.01961776
國2,9.1,121.2734766,25.01885886
國2,9.2,121.2740147,25.01810096
國2,9.3,121.2745657,25.01735063
國2,9.4,121.2751182,25.01660119
國2,9.5,121.2756832,25.01585959
國2,9.6,121.2762565,25.0151233
國2,9.7,121.2768401,25.01439369
國2,9.8,121.2774301,25.01366848
國2,9.9,121.2780289,25.01294931
國2,10.0,121.2786277,25.01223014
國2,10.1,121.2792184,25.01150549
國2,10.2,121.2797832,25.01076396
國2,10.3,121.2803161,25.01000313
國2,10.4,121.2808084,25.00921981
國2,10.5,121.2812607,25.00841666
國2,10.6,121.2816757,25.00759699
國2,10.7,121.2820458,25.00675967
國2,10.8,121.2823732,25.00590771
國2,10.9,121.2826603,25.00504377
國2,11.0,121.2829067,25.00416943
國2,11.1,121.2831054,25.00328506
國2,11.2,121.283259,25.00239335
國2,11.3,121.2833679,25.00149615
國2,11.4,121.283434,25.00059548
國2,11.5,121.2834559,24.99969303
國2,11.6,121.2834307,24.99879061
國2,11.7,121.2833604,24.99789024
國2,11.8,121.2832494,24.99699321
國2,11.9,121.283089,24.99610237
國2,12.0,121.2829018,24.99521588
國2,12.1,121.2826902,24.99433394
國2,12.2,121.2824742,24.99345284
國2,12.3,121.2822622,24.99257097
國2,12.4,121.2820624,24.99168676
國2,12.5,121.2818934,24.99079728
國2,12.6,121.2817648,24.98990222
國2,12.7,121.2816837,24.98900263
國2,12.8,121.2816728,24.9881002
國2,12.9,121.2817251,24.98719889
國2,13.0,121.2818542,24.98630404
國2,13.1,121.2820511,24.98541957
國2,13.2,121.282316,24.98454988
國2,13.3,121.2826483,24.98369972
國2,13.4,121.2830473,24.98287368
國2,13.5,121.2835107,24.98207603
國2,13.6,121.2840347,24.98131023
國2,13.7,121.2846166,24.9805801
國2,13.8,121.2852548,24.97989006
國2,13.9,121.2859433,24.97924131
國2,14.0,121.2866831,24.97864138
國2,14.1,121.2874669,24.97808991
國2,14.2,121.2882931,24.97759234
國2,14.3,121.2891551,24.97714801
國2,14.4,121.2900499,24.97676149
國2,14.5,121.2909737,24.97643648
國2,14.6,121.2919177,24.97616355
國2,14.7,121.2928766,24.97593809
國2,14.8,121.2938444,24.97574617
國2,14.9,121.2948173,24.97557733
國2,15.0,121.2957932,24.97542315
國2,15.1,121.2967699,24.97527293
國2,15.2,121.2977466,24.9751227
國2,15.3,121.2987232,24.97497247
國2,15.4,121.2996999,24.97482223
國2,15.5,121.3006766,24.97467198
國2,15.6,121.3016532,24.97452173
國2,15.7,121.3026299,24.97437147
國2,15.8,121.3036065,24.9742212
國2,15.9,121.3045832,24.97407093
國2,16.0,121.3055594,24.97391842
國2,16.1,121.3065344,24.97375935
國2,16.2,121.3075053,24.97358109
國2,16.3,121.3084707,24.97337974
國2,16.4,121.3094284,24.9731497
國2,16.5,121.3103758,24.9728865
國2,16.6,121.3113146,24.97259921
國2,16.7,121.3122424,24.97228328
國2,16.8,121.313157,24.97193688
國2,16.9,121.3140585,24.97156314
國2,17.0,121.3149471,24.97116464
國2,17.1,121.3158197,24.97073763
國2,17.2,121.3166754,24.97028323
國2,17.3,121.3175158,24.96980561
國2,17.4,121.3183379,24.96930222
國2,17.5,121.3191377,24.9687698
國2,17.6,121.3199115,24.96820653
國2,17.7,121.3206504,24.96760571
國2,17.8,121.3213465,24.96696383
國2,17.9,121.3219825,24.96627203
國2,18.0,121.3225658,24.96554284
國2,18.1,121.3230808,24.96477196
國2,18.2,121.3235317,24.9639685
國2,18.3,121.3239113,24.96313502
國2,18.4,121.3242283,24.96227995
國2,18.5,121.3244827,24.9614076
國2,18.6,121.3246912,24.96052517
國2,18.7,121.3248511,24.9596344
國2,18.8,121.3249698,24.9587383
國2,18.9,121.3250465,24.95783833
國2,19.0,121.3250745,24.95693599
國2,19.1,121.325066,24.95603329
國2,19.2,121.3250302,24.95513112
國2,19.3,121.3249689,24.95423004
國2,19.4,121.3248901,24.95333009
國2,19.5,121.324805,24.95243066
國2,19.6,121.3247142,24.95153173
國2,19.7,121.3246234,24.9506328
國2,19.8,121.3245325,24.94973387
國2,19.9,121.3244417,24.94883494
國2,20.0,121.3243509,24.947936
國2,20.1,121.3242601,24.94703707
國2,20.2,121.3241693,24.94613814
國2,20.3,121.3240785,24.94523921
國2,20.347,121.3240361,24.94481951
國3,0.0,121.714681,25.13971205
國3,0.1,121.7138534,25.13921512
國3,0.2,121.7130217,25.13872396
國3,0.3,121.7121726,25.13825816
國3,0.4,121.7112972,25.13783463
國3,0.5,121.7103997,25.13745138
國3,0.6,121.7094819,25.13711057
國3,0.7,121.7085425,25.13682213
國3,0.8,121.7075986,25.13654521
國3,0.9,121.7066548,25.13626828
國3,1.0,121.7057183,25.13597146
國3,1.1,121.7047978,25.13563617
國3,1.2,121.7039049,25.13524404
國3,1.3,121.7030525,25.13478353
國3,1.4,121.7022428,25.13426317
國3,1.5,121.7014835,25.13368313
國3,1.6,121.7007787,25.13304853
國3,1.7,121.7001379,25.13235992
國3,1.8,121.6995618,25.13162573
國3,1.9,121.6990521,25.13085186
國3,2.0,121.6986069,25.13004551
國3,2.1,121.6982521,25.1292029
國3,2.2,121.6979686,25.12833809
國3,2.3,121.6977533,25.12745718
國3,2.4,121.6975921,25.12656657
國3,2.5,121.6974562,25.1256724
國3,2.6,121.6973203,25.12477823
國3,2.7,121.6971605,25.12388741
國3,2.8,121.6969601,25.12300357
國3,2.9,121.6966887,25.12213563
國3,3.0,121.6963443,25.12128938
國3,3.1,121.6959233,25.12047238
國3,3.2,121.6954279,25.11969074
國3,3.3,121.6948619,25.11894988
國3,3.4,121.6942333,25.11825217
國3,3.5,121.6935407,25.11760658
國3,3.6,121.6927914,25.11701577
國3,3.7,121.6919945,25.1164792
國3,3.8,121.6911762,25.11596966
國3,3.9,121.6903576,25.11546061
國3,4.0,121.6895585,25.11492659
國3,4.1,121.6887992,25.11434669
國3,4.2,121.6880816,25.11372433
國3,4.3,121.6874168,25.11305508
國3,4.4,121.6867979,25.11235027
國3,4.5,121.6862298,25.11161096
國3,4.6,121.6857237,25.1108351
國3,4.7,121.6852678,25.11003383
國3,4.8,121.6848418,25.10921882
國3,4.9,121.6844171,25.10840326
國3,5.0,121.6839888,25.10758921
國3,5.1,121.6835565,25.10677694
國3,5.2,121.6831036,25.10597407
國3,5.3,121.6826204,25.10518592
國3,5.4,121.6820902,25.1044233
國3,5.5,121.6815114,25.10369065
國3,5.6,121.6808712,25.10300182
國3,5.7,121.6801748,25.10235982
國3,5.8,121.6794278,25.10176682
國3,5.9,121.6786334,25.10122745
國3,6.0,121.6777967,25.10074373
國3,6.1,121.6769206,25.1003219
國3,6.2,121.6760134,25.09995841
國3,6.3,121.6750812,25.09965161
國3,6.4,121.6741358,25.09938007
國3,6.5,121.6731854,25.09912322
國3,6.6,121.6722378,25.0988582
國3,6.7,121.671299,25.09856829
國3,6.8,121.6703794,25.09823203
國3,6.9,121.6694848,25.09784353
國3,7.0,121.6686246,25.09739546
國3,7.1,121.6677972,25.09689873
國3,7.2,121.6670092,25.09635129
國3,7.3,121.6662652,25.09575488
國3,7.4,121.6655494,25.09513031
國3,7.5,121.6648341,25.09450532
國3,7.6,121.6640972,25.09390148
國3,7.7,121.6633102,25.09335313
國3,7.8,121.6624705,25.09287418
國3,7.9,121.6615822,25.09247434
國3,8.0,121.6606549,25.0921568
國3,8.1,121.6597005,25.09191331
國3,8.2,121.6587361,25.09170477
國3,8.3,121.6577715,25.09149653
國3,8.4,121.6568144,25.09126212
國3,8.5,121.6558797,25.09096268
國3,8.6,121.6549779,25.09058908
國3,8.7,121.654116,25.09014397
國3,8.8,121.6533046,25.08962604
國3,8.9,121.6525451,25.08904668
國3,9.0,121.6518472,25.08840633
國3,9.1,121.6512159,25.08771076
國3,9.2,121.6506589,25.08696447
國3,9.3,121.6501779,25.0861756
國3,9.4,121.6497758,25.08535094
國3,9.5,121.649447,25.08449964
國3,9.6,121.6491577,25.08363628
國3,9.7,121.6488775,25.08277038
國3,9.8,121.6485995,25.08190391
國3,9.9,121.6483272,25.0810359
國3,10.0,121.6480549,25.08016789
國3,10.1,121.6477827,25.07929987
國3,10.2,121.6475104,25.07843186
國3,10.3,121.6472381,25.07756385
國3,10.4,121.6469645,25.07669617
國3,10.5,121.6466897,25.07582876
國3,10.6,121.646415,25.07496135
國3,10.7,121.6461403,25.07409394
國3,10.8,121.6458655,25.07322653
國3,10.9,121.6455908,25.07235911
國3,11.0,121.6453161,25.0714917
國3,11.1,121.6450413,25.07062428
國3,11.2,121.6447666,25.06975687
國3,11.3,121.6444919,25.06888945
國3,11.4,121.6442172,25.06802203
國3,11.5,121.6439422,25.06715468
國3,11.6,121.6436614,25.0662889
國3,11.7,121.6433851,25.06542194
國3,11.8,121.6431128,25.06455389
國3,11.9,121.6428406,25.06368584
國3,12.0,121.6425683,25.06281779
國3,12.1,121.6422886,25.06195174
國3,12.2,121.6419893,25.06109122
國3,12.3,121.6416392,25.06024685
國3,12.4,121.6412219,25.0594283
國3,12.5,121.6407338,25.05864304
國3,12.6,121.6401796,25.05789508
國3,12.7,121.6395602,25.05719077
國3,12.8,121.6388826,25.0565325
國3,12.9,121.6381484,25.05592661
國3,13.0,121.6373645,25.05537462
國3,13.1,121.6365335,25.05488308
國3,13.2,121.6356623,25.05445313
國3,13.3,121.6347641,25.05407185
國3,13.4,121.6338516,25.05371958
國3,13.5,121.6329391,25.05336731
國3,13.6,121.6320344,25.0529988
國3,13.7,121.6311503,25.05259135
國3,13.8,121.6303033,25.0521235
國3,13.9,121.6295013,25.05159385
國3,14.0,121.628749,25.05100675
國3,14.1,121.6280558,25.05036215
國3,14.2,121.627421,25.04966946
國3,14.3,121.6268533,25.04892991
國3,14.4,121.6263566,25.04814903
國3,14.5,121.6259314,25.04733389
國3,14.6,121.6255823,25.04648922
國3,14.7,121.6253133,25.04562061
國3,14.8,121.6251064,25.0447379
國3,14.9,121.6249322,25.04384921
國3,15.0,121.6247633,25.04295967
國3,15.1,121.6245897,25.04207091
國3,15.2,121.6243655,25.0411918
國3,15.3,121.6240768,25.04032859
國3,15.4,121.6237077,25.03949138
國3,15.5,121.623266,25.03868381
國3,15.6,121.6227523,25.03791228
國3,15.7,121.6221676,25.03718387
國3,15.8,121.6215174,25.03650322
國3,15.9,121.6208131,25.03586902
國3,16.0,121.6200498,25.03529398
國3,16.1,121.6192514,25.03475993
國3,16.2,121.6184316,25.03425338
國3,16.3,121.6176008,25.0337617
國3,16.4,121.6167668,25.03327467
國3,16.5,121.6159327,25.03278763
國3,16.6,121.6150987,25.03230059
國3,16.7,121.6142646,25.03181355
國3,16.8,121.6134306,25.03132649
國3,16.9,121.6125965,25.03083944
國3,17.0,121.6117625,25.03035238
國3,17.1,121.6109285,25.02986531
國3,17.2,121.6100945,25.02937824
國3,17.3,121.6092605,25.02889116
國3,17.4,121.6084265,25.02840408
國3,17.5,121.6075925,25.027917
國3,17.6,121.6067666,25.02741844
國3,17.7,121.6059543,25.02690165
國3,17.8,121.6051589,25.02636361
國3,17.9,121.6043854,25.02579959
國3,18.0,121.60364,25.02520508
國3,18.1,121.6029331,25.02457263
國3,18.2,121.6022681,25.02390362
國3,18.3,121.601641,25.02320483
國3,18.4,121.6010599,25.02247379
國3,18.5,121.6005243,25.02171461
國3,18.6,121.6000346,25.02093002
國3,18.7,121.5995951,25.02012126
國3,18.8,121.5992076,25.0192907
國3,18.9,121.5988644,25.01844412
國3,19.0,121.5985732,25.01758147
國3,19.1,121.598316,25.01670986
國3,19.2,121.5980865,25.01583184
國3,19.3,121.5978784,25.01494937
國3,19.4,121.5976777,25.01406544
國3,19.5,121.5974817,25.01318062
國3,19.6,121.5972857,25.01229579
國3,19.7,121.5970897,25.01141097
國3,19.8,121.5968937,25.01052614
國3,19.9,121.5966977,25.00964131
國3,20.0,121.5965017,25.00875648
國3,20.1,121.5963057,25.00787166
國3,20.2,121.5961097,25.00698683
國3,20.3,121.5959122,25.00610215
國3,20.4,121.5957147,25.00521748
國3,20.5,121.5955172,25.00433281
國3,20.6,121.5953196,25.00344814
國3,20.7,121.5951221,25.00256347
國3,20.8,121.5949246,25.00167881
國3,20.9,121.594727,25.00079414
國3,21.0,121.5945295,24.99990947
國3,21.1,121.594332,24.9990248
國3,21.2,121.5941376,24.99813965
國3,21.3,121.5939438,24.99725443
國3,21.4,121.59375,24.9963692
國3,21.5,121.5935561,24.99548397
國3,21.6,121.5933623,24.99459875
國3,21.7,121.5931683,24.99371355
國3,21.8,121.5929713,24.99282881
國3,21.9,121.5927743,24.99194407
國3,22.0,121.5925562,24.99106355
國3,22.1,121.5923122,24.99018883
國3,22.2,121.5920298,24.98932371
國3,22.3,121.5917054,24.98847087
國3,22.4,121.5913493,24.98762866
國3,22.5,121.590952,24.98680181
國3,22.6,121.59052,24.98598952
國3,22.7,121.5900444,24.98519777
國3,22.8,121.589528,24.98442745
國3,22.9,121.5889706,24.98368142
國3,23.0,121.5883696,24.98296409
國3,23.1,121.5877324,24.98227323
國3,23.2,121.5870588,24.98161155
國3,23.3,121.5863498,24.98098151
國3,23.4,121.5856068,24.98038465
國3,23.5,121.5848294,24.97982548
國3,23.6,121.5840229,24.97930164
國3,23.7,121.5831887,24.97881531
國3,23.8,121.5823306,24.97836477
國3,23.9,121.5814463,24.97795835
國3,24.0,121.5805414,24.97759166
國3,24.1,121.5796179,24.97726561
國3,24.2,121.5786781,24.97698122
國3,24.3,121.5777238,24.97674018
國3,24.4,121.5767578,24.97654172
國3,24.5,121.5757819,24.9763888
國3,24.6,121.574799,24.97628007
國3,24.7,121.5738115,24.97621478
國3,24.8,121.5728216,24.97619753
國3,24.9,121.571832,24.97622443
國3,25.0,121.5708451,24.9762948
國3,25.1,121.5698633,24.97641036
國3,25.2,121.5688889,24.97657029
國3,25.3,121.5679212,24.97676113
國3,25.4,121.5669557,24.97696138
國3,25.5,121.5659893,24.97715808
國3,25.6,121.5650139,24.97731213
國3,25.7,121.5640281,24.97739517
國3,25.8,121.5630382,24.97739073
國3,25.9,121.5620528,24.97730537
國3,26.0,121.5610801,24.97713789
國3,26.1,121.5601283,24.97688985
國3,26.2,121.5591987,24.97657893
國3,26.3,121.5582979,24.97620431
國3,26.4,121.5574227,24.97578217
國3,26.5,121.5565729,24.97531899
國3,26.6,121.5557518,24.97481498
國3,26.7,121.5549621,24.97427031
國3,26.8,121.5542091,24.97368425
國3,26.9,121.5534941,24.97305972
國3,27.0,121.5528128,24.97240476
國3,27.1,121.5521644,24.97172426
國3,27.2,121.5515412,24.97102292
國3,27.3,121.5509358,24.97030947
國3,27.4,121.5503474,24.96958391
國3,27.5,121.5497703,24.96885149
國3,27.6,121.5491945,24.96811814
國3,27.7,121.5486207,24.96738254
國3,27.8,121.5480481,24.96664623
國3,27.9,121.5474767,24.96591049
國3,28.0,121.546914,24.96517078
國3,28.1,121.5463397,24.96443809
國3,28.2,121.5457617,24.96370504
國3,28.3,121.5451828,24.96297264
國3,28.4,121.5446083,24.96223981
國3,28.5,121.5440066,24.9615234
國3,28.6,121.5433544,24.96084436
國3,28.7,121.5426504,24.96021148
國3,28.8,121.5418737,24.95965384
國3,28.9,121.5410244,24.95919312
國3,29.0,121.5401132,24.95884179
國3,29.1,121.5391578,24.9586073
國3,29.2,121.538177,24.95848938
國3,29.3,121.5371877,24.95849377
國3,29.4,121.5362073,24.95861498
國3,29.5,121.5352533,24.95885453
國3,29.6,121.5343431,24.95920849
國3,29.7,121.5334918,24.95966791
國3,29.8,121.5327146,24.96022617
國3,29.9,121.5320106,24.96086042
國3,30.0,121.5313593,24.96154009
國3,30.1,121.5307412,24.96224528
國3,30.2,121.5301318,24.96295693
國3,30.3,121.5295225,24.96366858
國3,30.4,121.5289131,24.96438022
國3,30.5,121.5283037,24.96509186
國3,30.6,121.5276943,24.9658035
國3,30.7,121.5270849,24.96651513
國3,30.8,121.5264755,24.96722676
國3,30.9,121.525866,24.96793839
國3,31.0,121.5252566,24.96865002
國3,31.1,121.5246472,24.96936165
國3,31.2,121.5240377,24.97007327
國3,31.3,121.5234283,24.97078489
國3,31.4,121.5228188,24.97149651
國3,31.5,121.5222094,24.97220812
國3,31.6,121.5215999,24.97291974
國3,31.7,121.520987,24.97362885
國3,31.8,121.5203551,24.9743239
國3,31.9,121.5196848,24.97498811
國3,32.0,121.5189596,24.97560241
國3,32.1,121.518177,24.97615495
國3,32.2,121.5173407,24.97663774
國3,32.3,121.5164617,24.97705282
國3,32.4,121.5155435,24.97739015
國3,32.5,121.5145968,24.97765411
國3,32.6,121.5136279,24.97783919
國3,32.7,121.5126442,24.97794103
國3,32.8,121.5116545,24.97796497
國3,32.9,121.5106646,24.97793898
國3,33.0,121.509675,24.97790181
國3,33.1,121.5086851,24.97787028
國3,33.2,121.5076949,24.97786439
國3,33.3,121.5067056,24.97790591
國3,33.4,121.50572,24.97799408
國3,33.5,121.5047408,24.97812879
國3,33.6,121.5037712,24.97831278
國3,33.7,121.5028144,24.97854534
國3,33.8,121.5018709,24.97881979
國3,33.9,121.5009439,24.97913726
國3,34.0,121.5000367,24.97949913
國3,34.1,121.4991555,24.97991122
國3,34.2,121.4982972,24.98036129
國3,34.3,121.4974682,24.98085517
國3,34.4,121.4966667,24.98138533
國3,34.5,121.4958924,24.98194808
國3,34.6,121.4951532,24.98254877
國3,34.7,121.4944459,24.98318066
國3,34.8,121.493755,24.98382752
國3,34.9,121.4930719,24.98448133
國3,35.0,121.4923889,24.98513513
國3,35.1,121.491697,24.98578107
國3,35.2,121.4909844,24.98640799
國3,35.3,121.4902336,24.98699654
國3,35.4,121.4894404,24.98753697
國3,35.5,121.488609,24.98802701
國3,35.6,121.4877264,24.98843573
國3,35.7,121.4868045,24.9887648
國3,35.8,121.4858507,24.98900716
國3,35.9,121.4848748,24.98915947
國3,36.0,121.4838871,24.9892232
國3,36.1,121.4828976,24.98919745
國3,36.2,121.4819154,24.98908326
國3,36.3,121.4809505,24.98888155
國3,36.4,121.4800135,24.98858997
國3,36.5,121.4791137,24.98821367
國3,36.6,121.4782576,24.98776087
國3,36.7,121.4774427,24.98724829
國3,36.8,121.4766647,24.98668987
國3,36.9,121.4759122,24.98610292
國3,37.0,121.4751727,24.98550235
國3,37.1,121.4744367,24.98489811
國3,37.2,121.4737008,24.98429386
國3,37.3,121.4729648,24.98368961
國3,37.4,121.4722289,24.98308535
國3,37.5,121.4714929,24.98248109
國3,37.6,121.470757,24.98187683
國3,37.7,121.4700211,24.98127256
國3,37.8,121.4692852,24.98066829
國3,37.9,121.4685493,24.98006401
國3,38.0,121.4678134,24.97945973
國3,38.1,121.4670775,24.97885545
國3,38.2,121.4663328,24.97826018
國3,38.3,121.465575,24.97767908
國3,38.4,121.4647848,24.97713487
國3,38.5,121.4639544,24.97664345
國3,38.6,121.4630839,24.97621324
國3,38.7,121.4621769,24.97585137
國3,38.8,121.4612411,24.97555691
國3,38.9,121.4602807,24.97533761
國3,39.0,121.4593039,24.97519061
國3,39.1,121.4583173,24.97511519
國3,39.2,121.4573271,24.97510558
國3,39.3,121.4563372,24.97513618
國3,39.4,121.455348,24.97517946
國3,39.5,121.4543586,24.97522207
國3,39.6,121.4533684,24.97523318
國3,39.7,121.4523792,24.97519243
國3,39.8,121.451397,24.97507978
國3,39.9,121.450432,24.97487812
國3,40.0,121.4494943,24.97458894
國3,40.1,121.4485914,24.97421913
國3,40.2,121.4477364,24.97376431
國3,40.3,121.4469331,24.97323693
國3,40.4,121.4461931,24.97263744
國3,40.5,121.4455223,24.9719738
國3,40.6,121.4449194,24.97125809
國3,40.7,121.4443827,24.97049956
國3,40.8,121.4438861,24.96971853
國3,40.9,121.4434108,24.96892649
國3,41.0,121.4429414,24.96813151
國3,41.1,121.4424514,24.96734694
國3,41.2,121.4419274,24.96658094
國3,41.3,121.4413579,24.9658425
國3,41.4,121.4407384,24.96513826
國3,41.5,121.4400777,24.9644659
國3,41.6,121.4393733,24.96383151
國3,41.7,121.4386284,24.96323691
國3,41.8,121.4378494,24.96267966
國3,41.9,121.4370332,24.96216862
國3,42.0,121.4361862,24.96170103
國3,42.1,121.4353101,24.96128042
國3,42.2,121.4344098,24.9609048
國3,42.3,121.4334856,24.96058076
國3,42.4,121.4325426,24.96030612
國3,42.5,121.4315835,24.96008171
國3,42.6,121.4306119,24.95990736
國3,42.7,121.4296332,24.95976955
國3,42.8,121.4286524,24.95964485
國3,42.9,121.427672,24.95951754
國3,43.0,121.4266952,24.95936944
國3,43.1,121.4257273,24.95917918
國3,43.2,121.4247763,24.95892815
國3,43.3,121.4238526,24.95860376
國3,43.4,121.4229624,24.95820881
國3,43.5,121.4221136,24.95774434
國3,43.6,121.4213132,24.95721326
國3,43.7,121.4205644,24.95662293
國3,43.8,121.4198767,24.95597373
國3,43.9,121.419242,24.95528088
國3,44.0,121.4186375,24.95456583
國3,44.1,121.4180321,24.95385141
國3,44.2,121.4173972,24.95315877
國3,44.3,121.4167042,24.95251443
國3,44.4,121.4159449,24.95193562
國3,44.5,121.4151269,24.95142788
國3,44.6,121.414257,24.95099742
國3,44.7,121.4133441,24.95064859
國3,44.8,121.4123978,24.95038404
國3,44.9,121.411427,24.95020943
國3,45.0,121.4104427,24.95011485
國3,45.1,121.409453,24.95008944
國3,45.2,121.4084633,24.95011654
國3,45.3,121.4074756,24.95018002
國3,45.4,121.4064894,24.95026237
國3,45.5,121.4055041,24.95035257
國3,45.6,121.4045188,24.95044276
國3,45.7,121.4035335,24.95053294
國3,45.8,121.4025482,24.95062312
國3,45.9,121.4015629,24.95071329
國3,46.0,121.4005775,24.95080345
國3,46.1,121.3995922,24.95089361
國3,46.2,121.3986069,24.95098376
國3,46.3,121.3976216,24.9510739
國3,46.4,121.3966362,24.95116404
國3,46.5,121.3956509,24.95125417
國3,46.6,121.3946656,24.9513443
國3,46.7,121.39368,24.95143256
國3,46.8,121.3926943,24.95151915
國3,46.9,121.3917085,24.95160441
國3,47.0,121.3907214,24.95167629
國3,47.1,121.3897338,24.95174238
國3,47.2,121.3887451,24.95179272
國3,47.3,121.3877557,24.95182857
國3,47.4,121.3867656,24.9518432
國3,47.5,121.3857754,24.95183226
國3,47.6,121.3847859,24.95179818
國3,47.7,121.3837981,24.95173503
國3,47.8,121.3828136,24.95163826
國3,47.9,121.3818315,24.95152349
國3,48.0,121.3808528,24.951386
國3,48.1,121.3798841,24.95119949
國3,48.2,121.3789232,24.95098157
國3,48.3,121.3779694,24.95073914
國3,48.4,121.3770245,24.95046929
國3,48.5,121.37609,24.9501706
國3,48.6,121.3751662,24.94984572
國3,48.7,121.3742552,24.94949187
國3,48.8,121.373356,24.94911379
國3,48.9,121.3724706,24.94870974
國3,49.0,121.3716005,24.94827878
國3,49.1,121.3707589,24.94780335
國3,49.2,121.3699257,24.94731541
國3,49.3,121.3691101,24.94680351
國3,49.4,121.3683149,24.94626561
國3,49.5,121.3675393,24.94570459
國3,49.6,121.3667829,24.94512203
國3,49.7,121.3660496,24.94451558
國3,49.8,121.3653355,24.94389031
國3,49.9,121.3646423,24.94324569
國3,50.0,121.3639612,24.94259043
國3,50.1,121.3632856,24.94193038
國3,50.2,121.3626124,24.94126834
國3,50.3,121.3619358,24.9406092
國3,50.4,121.3612526,24.9399558
國3,50.5,121.3605521,24.93931775
國3,50.6,121.3598321,24.93869805
國3,50.7,121.3590861,24.93810454
國3,50.8,121.3583118,24.93754219
國3,50.9,121.3575055,24.93701852
國3,51.0,121.3566695,24.93653511
國3,51.1,121.3557968,24.93610907
國3,51.2,121.3548957,24.93573526
國3,51.3,121.3539682,24.93541979
國3,51.4,121.3530215,24.93515622
國3,51.5,121.3520575,24.93495101
國3,51.6,121.3510799,24.93480864
國3,51.7,121.3500943,24.93472499
國3,51.8,121.3491048,24.93469914
國3,51.9,121.3481156,24.93473336
國3,52.0,121.3471311,24.9348274
國3,52.1,121.3461536,24.9349698
國3,52.2,121.3451853,24.93515766
國3,52.3,121.3442252,24.9353779
國3,52.4,121.3432767,24.93563685
國3,52.5,121.3423373,24.93592174
國3,52.6,121.3414056,24.93622713
國3,52.7,121.3404801,24.93654762
國3,52.8,121.3395586,24.93687784
國3,52.9,121.3386382,24.93721036
國3,53.0,121.3377177,24.93754288
國3,53.1,121.3367949,24.93786993
國3,53.2,121.335866,24.93818239
國3,53.3,121.3349315,24.93848058
國3,53.4,121.3339879,24.93875399
國3,53.5,121.3330366,24.93900406
國3,53.6,121.3320739,24.93921512
國3,53.7,121.3311014,24.93938457
國3,53.8,121.3301209,24.93950925
國3,53.9,121.329134,24.93958118
國3,54.0,121.3281442,24.93959744
國3,54.1,121.3271553,24.93955507
國3,54.2,121.326171,24.93945912
國3,54.3,121.3251952,24.93930706
國3,54.4,121.3242317,24.93909933
國3,54.5,121.323285,24.93883538
國3,54.6,121.3223579,24.93851903
國3,54.7,121.321455,24.93814918
國3,54.8,121.3205776,24.93773138
國3,54.9,121.3197297,24.93726566
國3,55.0,121.3189171,24.93675004
國3,55.1,121.3181414,24.93618933
國3,55.2,121.3174013,24.93558989
國3,55.3,121.3167032,24.93494987
國3,55.4,121.3160351,24.93428371
國3,55.5,121.3153951,24.93359502
國3,55.6,121.3147687,24.93289586
國3,55.7,121.3141567,24.93218619
國3,55.8,121.3135447,24.93147652
國3,55.9,121.3129295,24.93076915
國3,56.0,121.3123059,24.93006797
國3,56.1,121.3116606,24.92938335
國3,56.2,121.3109879,24.92872102
國3,56.3,121.3102847,24.92808555
國3,56.4,121.3095465,24.9274842
國3,56.5,121.3087762,24.92691731
國3,56.6,121.3079772,24.92638438
國3,56.7,121.3071491,24.92588976
國3,56.8,121.3062989,24.92542744
國3,56.9,121.3054301,24.92499458
國3,57.0,121.3045517,24.92457809
國3,57.1,121.3036733,24.9241616
國3,57.2,121.3027971,24.92374132
國3,57.3,121.3019286,24.92330827
國3,57.4,121.3010773,24.92284765
國3,57.5,121.3002541,24.92234665
國3,57.6,121.299469,24.9217972
國3,57.7,121.2987253,24.92120174
國3,57.8,121.2980265,24.92056264
國3,57.9,121.2973766,24.91988204
國3,58.0,121.2967774,24.91916384
國3,58.1,121.2962313,24.91841131
國3,58.2,121.2957387,24.91762852
國3,58.3,121.2952899,24.91682405
國3,58.4,121.2948623,24.91600993
國3,58.5,121.2944447,24.91519153
國3,58.6,121.2940229,24.91437495
國3,58.7,121.2935741,24.91357056
國3,58.8,121.2930829,24.91278723
國3,58.9,121.2925233,24.91204316
國3,59.0,121.2919003,24.91134233
國3,59.1,121.2912129,24.91069376
國3,59.2,121.2904687,24.91009973
國3,59.3,121.2896749,24.90956154
國3,59.4,121.2888327,24.9090886
國3,59.5,121.2879496,24.90868212
國3,59.6,121.2870337,24.90834112
國3,59.7,121.2860904,24.90806893
國3,59.8,121.2851277,24.90785952
國3,59.9,121.2841552,24.90769124
國3,60.0,121.2831787,24.90754329
國3,60.1,121.2822023,24.90739454
國3,60.2,121.2812286,24.9072321
國3,60.3,121.2802608,24.90704273
國3,60.4,121.2793062,24.90680429
國3,60.5,121.2783697,24.90651251
國3,60.6,121.2774569,24.90616408
國3,60.7,121.2765742,24.90575687
國3,60.8,121.2757134,24.90531132
國3,60.9,121.2748831,24.90482001
國3,61.0,121.2740824,24.90428942
國3,61.1,121.2733046,24.90373111
國3,61.2,121.2725497,24.9031472
國3,61.3,121.2718168,24.90254072
國3,61.4,121.2711111,24.90190813
國3,61.5,121.2704297,24.90125383
國3,61.6,121.2697734,24.90057856
國3,61.7,121.2691487,24.89987883
國3,61.8,121.2685532,24.89915825
國3,61.9,121.2679846,24.89841978
國3,62.0,121.267449,24.8976609
國3,62.1,121.2669431,24.89688525
國3,62.2,121.2664718,24.89609157
國3,62.3,121.266031,24.8952834
國3,62.4,121.265616,24.89446389
國3,62.5,121.2652234,24.89363515
國3,62.6,121.2648464,24.8928004
國3,62.7,121.2644731,24.89196425
國3,62.8,121.2640998,24.8911281
國3,62.9,121.263722,24.89029363
國3,63.0,121.2633331,24.88946345
國3,63.1,121.2629155,24.88864496
國3,63.2,121.2624686,24.88783952
國3,63.3,121.2619775,24.88705576
國3,63.4,121.2614484,24.88629294
國3,63.5,121.2608791,24.88555453
國3,63.6,121.2602671,24.88484522
國3,63.7,121.2596196,24.88416256
國3,63.8,121.2589334,24.88351214
國3,63.9,121.2582132,24.88289301
國3,64.0,121.2574599,24.88230766
國3,64.1,121.256676,24.8817568
國3,64.2,121.2558622,24.88124313
國3,64.3,121.2550216,24.88076685
國3,64.4,121.2541605,24.88032191
國3,64.5,121.2532821,24.879906
國3,64.6,121.2523966,24.87950286
國3,64.7,121.2515061,24.87910892
國3,64.8,121.2506153,24.87871545
國3,64.9,121.249726,24.87831948
國3,65.0,121.2488481,24.87790297
國3,65.1,121.2479869,24.87745887
國3,65.2,121.2471476,24.87698128
國3,65.3,121.2463368,24.87646441
國3,65.4,121.2455563,24.87591009
國3,65.5,121.2448067,24.87532144
國3,65.6,121.2440891,24.87470033
國3,65.7,121.2434015,24.87405153
國3,65.8,121.2427363,24.87338335
國3,65.9,121.2420943,24.8726964
國3,66.0,121.2414598,24.87200364
國3,66.1,121.240827,24.8713096
國3,66.2,121.2401911,24.87061789
國3,66.3,121.2395489,24.86993099
國3,66.4,121.2388938,24.86925431
國3,66.5,121.238221,24.8685923
國3,66.6,121.2375224,24.86795298
國3,66.7,121.2367991,24.86733696
國3,66.8,121.2360466,24.86675076
國3,66.9,121.2352667,24.86619536
國3,67.0,121.2344591,24.86567375
國3,67.1,121.2336282,24.86518355
國3,67.2,121.2327715,24.86473177
國3,67.3,121.2318926,24.86431728
國3,67.4,121.2309953,24.86393686
國3,67.5,121.2300817,24.86359028
國3,67.6,121.2291564,24.86327044
國3,67.7,121.2282192,24.8629807
國3,67.8,121.2272742,24.86271293
國3,67.9,121.2263235,24.86246238
國3,68.0,121.2253691,24.86222377
國3,68.1,121.2244113,24.86199696
國3,68.2,121.2234529,24.8617721
國3,68.3,121.2224945,24.86154723
國3,68.4,121.2215366,24.86132075
國3,68.5,121.2205801,24.8610894
國3,68.6,121.2196261,24.86084943
國3,68.7,121.2186747,24.86060132
國3,68.8,121.2177284,24.86033732
國3,68.9,121.2167863,24.86006132
國3,69.0,121.2158523,24.85976309
國3,69.1,121.2149253,24.85944716
國3,69.2,121.2140086,24.85910745
國3,69.3,121.2131006,24.85874843
國3,69.4,121.2122021,24.85837042
國3,69.5,121.2113164,24.85796791
國3,69.6,121.2104412,24.85754681
國3,69.7,121.2095773,24.8571066
國3,69.8,121.2087281,24.8566434
國3,69.9,121.2078986,24.85615145
國3,70.0,121.2070911,24.85563004
國3,70.1,121.2063083,24.85507819
國3,70.2,121.2055597,24.85448827
國3,70.3,121.2048433,24.85386605
國3,70.4,121.2041604,24.85321332
國3,70.5,121.2035179,24.85252741
國3,70.6,121.2029089,24.85181642
國3,70.7,121.2023389,24.85107901
國3,70.8,121.2018162,24.85031299
國3,70.9,121.2013328,24.84952581
國3,71.0,121.2008899,24.84871906
國3,71.1,121.2004939,24.84789215
國3,71.2,121.2001469,24.84704717
國3,71.3,121.1998447,24.84618798
國3,71.4,121.199587,24.84531674
國3,71.5,121.1993778,24.84443468
國3,71.6,121.1992223,24.84354341
國3,71.7,121.1991121,24.84264653
國3,71.8,121.1990478,24.84174587
國3,71.9,121.1990365,24.84084322
國3,72.0,121.1990561,24.83994065
國3,72.1,121.1990983,24.83903874
國3,72.2,121.1991475,24.83813711
國3,72.3,121.1991967,24.83723547
國3,72.4,121.1992458,24.83633384
國3,72.5,121.199295,24.8354322
國3,72.6,121.1993442,24.83453057
國3,72.7,121.1993934,24.83362893
國3,72.8,121.1994425,24.8327273
國3,72.9,121.1994917,24.83182566
國3,73.0,121.1995409,24.83092403
國3,73.1,121.19959,24.83002239
國3,73.2,121.1996392,24.82912076
國3,73.3,121.1996884,24.82821912
國3,73.4,121.1997375,24.82731749
國3,73.5,121.1997867,24.82641585
國3,73.6,121.1998359,24.82551421
國3,73.7,121.199885,24.82461258
國3,73.8,121.1999342,24.82371094
國3,73.9,121.1999834,24.8228093
國3,74.0,121.2000325,24.82190767
國3,74.1,121.2000817,24.82100603
國3,74.2,121.2001309,24.8201044
國3,74.3,121.20018,24.81920276
國3,74.4,121.2002292,24.81830112
國3,74.5,121.2002783,24.81739948
國3,74.6,121.2003275,24.81649785
國3,74.7,121.2003755,24.81559614
國3,74.8,121.2004215,24.81469435
國3,74.9,121.2004597,24.81379225
國3,75.0,121.2004826,24.81288973
國3,75.1,121.2004857,24.81198701
國3,75.2,121.2004617,24.81108457
國3,75.3,121.2004058,24.81018332
國3,75.4,121.2003008,24.80928573
國3,75.5,121.2001517,24.80839345
國3,75.6,121.1999471,24.80751035
國3,75.7,121.1996819,24.8066409
國3,75.8,121.1993577,24.80578829
國3,75.9,121.1989769,24.80495545
國3,76.0,121.1985395,24.80414602
國3,76.1,121.1980473,24.80336337
國3,76.2,121.1975013,24.80261103
國3,76.3,121.1969073,24.80188956
國3,76.4,121.1962636,24.80120465
國3,76.5,121.1955752,24.80055698
國3,76.6,121.1948393,24.79995456
國3,76.7,121.1940715,24.79938629
國3,76.8,121.193261,24.79886969
國3,76.9,121.1924197,24.79839584
國3,77.0,121.1915453,24.79797506
國3,77.1,121.1906431,24.79760639
國3,77.2,121.1897204,24.79728259
國3,77.3,121.1887756,24.79701692
國3,77.4,121.1878141,24.79680647
國3,77.5,121.1868409,24.79664773
國3,77.6,121.1858585,24.79654524
國3,77.7,121.1848709,24.7965003
國3,77.8,121.1838823,24.79651489
國3,77.9,121.1828964,24.79658143
國3,78.0,121.1819169,24.79670586
國3,78.1,121.1809483,24.79688619
國3,78.2,121.1799926,24.79711749
國3,78.3,121.1790559,24.79740643
國3,78.4,121.1781414,24.79774942
國3,78.5,121.1772494,24.79813871
國3,78.6,121.1763802,24.79856884
國3,78.7,121.1755321,24.79903292
國3,78.8,121.1746996,24.79952009
國3,78.9,121.1738792,24.80002401
國3,79.0,121.1730628,24.80053352
國3,79.1,121.1722465,24.80104311
國3,79.2,121.1714302,24.8015527
國3,79.3,121.1706116,24.80205916
國3,79.4,121.1697842,24.80255372
國3,79.5,121.1689471,24.80303443
國3,79.6,121.1680999,24.80350022
國3,79.7,121.1672378,24.8039426
國3,79.8,121.1663624,24.80436261
國3,79.9,121.1654713,24.80475406
國3,80.0,121.164567,24.80511961
國3,80.1,121.1636522,24.80546249
國3,80.2,121.1627225,24.80577022
國3,80.3,121.1617831,24.80605207
國3,80.4,121.1608336,24.80630426
國3,80.5,121.1598755,24.80652751
國3,80.6,121.1589103,24.80672369
國3,80.7,121.1579382,24.80688822
國3,80.8,121.1569604,24.80702206
國3,80.9,121.1559781,24.8071238
國3,81.0,121.1549925,24.80719415
國3,81.1,121.1540051,24.80723886
國3,81.2,121.1530167,24.80725481
國3,81.3,121.1520281,24.80724719
國3,81.4,121.1510406,24.8072023
國3,81.5,121.1500552,24.80712926
國3,81.6,121.1490732,24.80702346
國3,81.7,121.148095,24.80689132
國3,81.8,121.1471228,24.80672648
國3,81.9,121.1461569,24.80653292
國3,82.0,121.145199,24.80630838
國3,82.1,121.1442487,24.80605838
國3,82.2,121.1433092,24.8057765
國3,82.3,121.1423799,24.80546761
國3,82.4,121.1414619,24.80513161
國3,82.5,121.1405569,24.80476717
國3,82.6,121.1396668,24.80437351
國3,82.7,121.1387904,24.80395506
國3,82.8,121.1379298,24.80351007
國3,82.9,121.1370874,24.80303718
國3,83.0,121.1362608,24.80254165
國3,83.1,121.1354546,24.80201897
國3,83.2,121.1346674,24.80147263
國3,83.3,121.1339003,24.80090305
國3,83.4,121.1331547,24.80031017
國3,83.5,121.13243,24.79969597
國3,83.6,121.1317278,24.79906042
國3,83.7,121.1310516,24.79840173
國3,83.8,121.1303992,24.79772349
國3,83.9,121.1297716,24.79702599
國3,84.0,121.1291683,24.79631079
國3,84.1,121.1285943,24.79557573
國3,84.2,121.1280454,24.79482484
國3,84.3,121.1275271,24.79405597
國3,84.4,121.1270327,24.79327417
國3,84.5,121.1265688,24.79247684
國3,84.6,121.1261292,24.79166815
國3,84.7,121.1257098,24.79085049
國3,84.8,121.1253015,24.79002822
國3,84.9,121.1248952,24.78920507
國3,85.0,121.1244889,24.78838192
國3,85.1,121.1240699,24.78756421
國3,85.2,121.1236295,24.78675602
國3,85.3,121.1231469,24.78596828
國3,85.4,121.1226097,24.78521082
國3,85.5,121.1220213,24.78448574
國3,85.6,121.1213788,24.78380013
國3,85.7,121.1206896,24.78315325
國3,85.8,121.1199549,24.78254942
國3,85.9,121.1191761,24.78199359
國3,86.0,121.1183618,24.78148177
國3,86.1,121.1175094,24.78102456
國3,86.2,121.116627,24.78061741
國3,86.3,121.1157159,24.78026674
國3,86.4,121.11478,24.77997572
國3,86.5,121.1138267,24.77973672
國3,86.6,121.1128573,24.77956069
國3,86.7,121.1118781,24.77943642
國3,86.8,121.1108928,24.77936301
國3,86.9,121.1099053,24.7793201
國3,87.0,121.1089168,24.77929658
國3,87.1,121.1079284,24.77927305
國3,87.2,121.10694,24.77924951
國3,87.3,121.1059517,24.77921886
國3,87.4,121.104964,24.77917596
國3,87.5,121.1039768,24.77912424
國3,87.6,121.1029913,24.77904986
國3,87.7,121.1020083,24.7789527
國3,87.8,121.1010285,24.77883071
國3,87.9,121.1000544,24.77867613
國3,88.0,121.0990868,24.778491
國3,88.1,121.0981274,24.77827269
國3,88.2,121.0971782,24.77802033
國3,88.3,121.0962382,24.77774073
國3,88.4,121.0953125,24.77742417
國3,88.5,121.0943988,24.77707969
國3,88.6,121.0935006,24.77670283
國3,88.7,121.092617,24.7762983
國3,88.8,121.0917513,24.77586264
國3,88.9,121.0909057,24.77539523
國3,89.0,121.0900788,24.77490087
國3,89.1,121.0892721,24.7743792
國3,89.2,121.0884844,24.77383408
國3,89.3,121.08772,24.77326176
國3,89.4,121.0869837,24.77265948
國3,89.5,121.0862679,24.77203685
國3,89.6,121.0855769,24.77139129
國3,89.7,121.084907,24.77072741
國3,89.8,121.0842525,24.77005074
國3,89.9,121.0836144,24.76936111
國3,90.0,121.0829846,24.76866511
國3,90.1,121.0823701,24.7679577
國3,90.2,121.0817558,24.7672502
國3,90.3,121.0811415,24.7665427
國3,90.4,121.0805237,24.76583779
國3,90.5,121.0799047,24.7651337
國3,90.6,121.079269,24.76444223
國3,90.7,121.0786177,24.76376307
國3,90.8,121.0779404,24.76310535
國3,90.9,121.0772354,24.7624725
國3,91.0,121.0765034,24.76186576
國3,91.1,121.0757469,24.76128479
國3,91.2,121.0749674,24.7607298
國3,91.3,121.0741635,24.76020488
國3,91.4,121.0733367,24.7597104
國3,91.5,121.0724876,24.75924849
國3,91.6,121.0716203,24.75881577
國3,91.7,121.0707341,24.75841619
國3,91.8,121.0698318,24.758048
國3,91.9,121.0689107,24.75772042
國3,92.0,121.0679736,24.75743351
國3,92.1,121.0670183,24.7572021
國3,92.2,121.0660504,24.75701933
國3,92.3,121.0650736,24.7568824
國3,92.4,121.0640895,24.75679797
國3,92.5,121.0631022,24.75675759
國3,92.6,121.0621139,24.75677113
國3,92.7,121.0611279,24.75683458
國3,92.8,121.0601476,24.7569498
國3,92.9,121.0591755,24.75711297
國3,93.0,121.0582143,24.75732338
國3,93.1,121.0572676,24.75758325
國3,93.2,121.0563379,24.75789015
國3,93.3,121.0554286,24.75824438
國3,93.4,121.0545421,24.75864399
國3,93.5,121.0536785,24.75908352
國3,93.6,121.0528364,24.75955655
國3,93.7,121.0520066,24.76004744
國3,93.8,121.051181,24.76054422
國3,93.9,121.0503554,24.76104098
國3,94.0,121.0495175,24.76152003
國3,94.1,121.0486661,24.76197867
國3,94.2,121.0477848,24.76238714
國3,94.3,121.0468756,24.76274062
國3,94.4,121.0459411,24.76303399
國3,94.5,121.0449868,24.7632683
國3,94.6,121.0440161,24.76343731
國3,94.7,121.043034,24.7635377
國3,94.8,121.042047,24.76358223
國3,94.9,121.0410591,24.76355516
國3,95.0,121.0400752,24.76346914
國3,95.1,121.0391005,24.76331882
國3,95.2,121.0381403,24.76310468
國3,95.3,121.0372002,24.76282546
國3,95.4,121.0362827,24.76248962
國3,95.5,121.0353967,24.76208964
國3,95.6,121.0345402,24.76163932
國3,95.7,121.033724,24.76113044
國3,95.8,121.0329458,24.76057403
國3,95.9,121.0321997,24.75998173
國3,96.0,121.0314754,24.75936711
國3,96.1,121.0307583,24.75874551
國3,96.2,121.0300381,24.75812695
國3,96.3,121.0292971,24.75752929
國3,96.4,121.0285238,24.75696711
國3,96.5,121.0277163,24.75644677
國3,96.6,121.026869,24.75598227
國3,96.7,121.0259932,24.75556456
國3,96.8,121.0250878,24.75520368
國3,96.9,121.0241575,24.75489951
國3,97.0,121.0232078,24.75465067
國3,97.1,121.0222413,24.75446309
國3,97.2,121.0212639,24.75433168
國3,97.3,121.0202787,24.75426302
國3,97.4,121.0192908,24.75425263
國3,97.5,121.0183041,24.75430102
國3,97.6,121.0173239,24.75441415
國3,97.7,121.0163527,24.75458006
國3,97.8,121.0153943,24.75479957
國3,97.9,121.0144482,24.75506011
國3,98.0,121.0135111,24.75534666
國3,98.1,121.0125799,24.75564914
國3,98.2,121.0116487,24.75595162
國3,98.3,121.0107169,24.7562526
國3,98.4,121.0097757,24.7565285
國3,98.5,121.0088241,24.75677253
國3,98.6,121.0078614,24.7569768
國3,98.7,121.0068853,24.7571187
國3,98.8,121.0059005,24.75719749
國3,98.9,121.0049122,24.75721388
國3,99.0,121.0039252,24.75716521
國3,99.1,121.002945,24.75704835
國3,99.2,121.0019735,24.75688156
國3,99.3,121.001011,24.75667535
國3,99.4,121.0000545,24.75644674
國3,99.5,120.9990975,24.75621988
國3,99.6,120.9981362,24.75600874
國3,99.7,120.9971652,24.7558396
國3,99.8,120.9961847,24.75572587
國3,99.9,120.9951977,24.75567814
國3,100.0,120.9942097,24.75570429
國3,100.1,120.9932267,24.75579873
國3,100.2,120.9922547,24.75596195
國3,100.3,120.9912987,24.75619117
國3,100.4,120.990359,24.75647139
國3,100.5,120.9894323,24.756786
國3,100.6,120.9885134,24.75711923
國3,100.7,120.9875952,24.75745399
國3,100.8,120.9866659,24.7577622
國3,100.9,120.9857213,24.75802798
國3,101.0,120.9847564,24.75822393
國3,101.1,120.9837763,24.75834094
國3,101.2,120.9827895,24.75838977
國3,101.3,120.9818016,24.75835987
國3,101.4,120.9808195,24.75825756
國3,101.5,120.9798476,24.75809239
國3,101.6,120.9788796,24.75790869
國3,101.7,120.9779066,24.75774868
國3,101.8,120.976925,24.75764152
國3,101.9,120.9759378,24.75759538
國3,102.0,120.9749493,24.75760672
國3,102.1,120.9739639,24.75767886
國3,102.2,120.9729863,24.75781225
國3,102.3,120.972019,24.75799867
國3,102.4,120.9710591,24.75821485
國3,102.5,120.9701003,24.75843537
國3,102.6,120.9691399,24.75864931
國3,102.7,120.9681691,24.75881914
國3,102.8,120.9671894,24.75893802
國3,102.9,120.9662034,24.75900232
國3,103.0,120.9652151,24.75901901
國3,103.1,120.9642275,24.75897891
國3,103.2,120.9632445,24.75888369
國3,103.3,120.9622682,24.75874167
國3,103.4,120.9613038,24.75854326
國3,103.5,120.960353,24.7582963
國3,103.6,120.9594212,24.75799466
國3,103.7,120.9585088,24.75764724
國3,103.8,120.9576164,24.75725888
國3,103.9,120.9567391,24.75684289
國3,104.0,120.9558743,24.7564054
國3,104.1,120.9550135,24.75596159
國3,104.2,120.9541527,24.75551777
國3,104.3,120.9532848,24.7550858
國3,104.4,120.9524046,24.75467527
國3,104.5,120.9515083,24.7542952
國3,104.6,120.9505866,24.7539697
國3,104.7,120.9496494,24.75368363
國3,104.8,120.9486939,24.7534532
國3,104.9,120.9477247,24.75327588
國3,105.0,120.9467461,24.75315024
國3,105.1,120.945761,24.75307607
國3,105.2,120.9447733,24.75304099
國3,105.3,120.9437848,24.75303782
國3,105.4,120.9427964,24.75305824
國3,105.5,120.9418085,24.75309516
國3,105.6,120.9408208,24.75313586
國3,105.7,120.9398328,24.75316942
國3,105.8,120.9388443,24.75318059
國3,105.9,120.9378564,24.7531491
國3,106.0,120.9368724,24.75306388
國3,106.1,120.9358971,24.75291648
國3,106.2,120.9349356,24.75270701
國3,106.3,120.9339909,24.75244163
國3,106.4,120.9330668,24.75212123
國3,106.5,120.9321689,24.75174406
國3,106.6,120.9312996,24.75131454
國3,106.7,120.930465,24.75083117
國3,106.8,120.9296683,24.75029701
國3,106.9,120.9289105,24.74971791
國3,107.0,120.9281981,24.74909238
國3,107.1,120.9275298,24.74842751
國3,107.2,120.9269017,24.74773062
國3,107.3,120.9263009,24.74701379
國3,107.4,120.9257169,24.74628531
國3,107.5,120.9251346,24.74555577
國3,107.6,120.9245496,24.74482798
國3,107.7,120.9239526,24.74410841
國3,107.8,120.9233357,24.743403
國3,107.9,120.9226924,24.74271756
國3,108.0,120.922015,24.74206017
國3,108.1,120.9212998,24.74143701
國3,108.2,120.9205531,24.7408455
國3,108.3,120.9197737,24.74029043
國3,108.4,120.9189662,24.73976991
國3,108.5,120.9181313,24.73928673
國3,108.6,120.9172757,24.73883462
國3,108.7,120.9164016,24.73841306
國3,108.8,120.9155185,24.73800728
國3,108.9,120.9146296,24.73761212
國3,109.0,120.91374,24.73721837
國3,109.1,120.9128536,24.7368187
國3,109.2,120.9119736,24.73640734
國3,109.3,120.9111077,24.73597196
國3,109.4,120.9102633,24.73550276
國3,109.5,120.9094406,24.7350023
國3,109.6,120.9086464,24.73446497
國3,109.7,120.907878,24.73389716
國3,109.8,120.9071389,24.73329788
國3,109.9,120.9064296,24.73266926
國3,110.0,120.9057557,24.73200898
國3,110.1,120.9051121,24.73132404
國3,110.2,120.9045025,24.73061366
國3,110.3,120.9039328,24.72987629
國3,110.4,120.9033967,24.72911816
國3,110.5,120.9028983,24.72833874
國3,110.6,120.9024297,24.72754406
國3,110.7,120.9019774,24.72674161
國3,110.8,120.9015386,24.72593285
國3,110.9,120.9010999,24.72512404
國3,111.0,120.9006612,24.72431524
國3,111.1,120.9002225,24.72350643
國3,111.2,120.8997652,24.72270617
國3,111.3,120.8992949,24.72191219
國3,111.4,120.8988061,24.72112757
國3,111.5,120.8983003,24.72035195
國3,111.6,120.8977748,24.71958734
國3,111.7,120.8972333,24.71883209
國3,111.8,120.8966731,24.71808822
國3,111.9,120.8960922,24.71735784
國3,112.0,120.8954892,24.71664268
國3,112.1,120.8948694,24.71593966
國3,112.2,120.8942248,24.71525554
國3,112.3,120.8935587,24.71458875
國3,112.4,120.8928688,24.71394252
國3,112.5,120.8921567,24.71331666
國3,112.6,120.8914215,24.71271354
國3,112.7,120.8906643,24.71213341
國3,112.8,120.88989,24.71157251
國3,112.9,120.8890953,24.7110358
國3,113.0,120.888282,24.71052277
國3,113.1,120.8874512,24.7100338
國3,113.2,120.8866022,24.70957155
國3,113.3,120.8857406,24.70912919
國3,113.4,120.8848655,24.70870955
國3,113.5,120.8839797,24.70830913
國3,113.6,120.8830847,24.70792608
國3,113.7,120.8821856,24.70755124
國3,113.8,120.881283,24.70718333
國3,113.9,120.8803761,24.70682445
國3,114.0,120.8794681,24.70646794
國3,114.1,120.8785602,24.70611141
國3,114.2,120.8776522,24.70575488
國3,114.3,120.8767442,24.70539835
國3,114.4,120.8758362,24.70504181
國3,114.5,120.8749282,24.70468526
國3,114.6,120.8740203,24.70432871
國3,114.7,120.8731123,24.70397216
國3,114.8,120.8722044,24.7036156
國3,114.9,120.8712964,24.70325903
國3,115.0,120.8703885,24.70290246
國3,115.1,120.8694805,24.70254588
國3,115.2,120.8685726,24.70218929
國3,115.3,120.8676647,24.70183271
國3,115.4,120.8667568,24.70147611
國3,115.5,120.8658538,24.70110928
國3,115.6,120.8649583,24.70072749
國3,115.7,120.8640719,24.70032844
國3,115.8,120.8631998,24.69990405
國3,115.9,120.8623442,24.69945231
國3,116.0,120.8615106,24.69896757
國3,116.1,120.860697,24.69845515
國3,116.2,120.8599038,24.69791678
國3,116.3,120.8591355,24.69734903
國3,116.4,120.8583887,24.69675782
國3,116.5,120.8576651,24.69614288
國3,116.6,120.8569596,24.6955107
國3,116.7,120.8562691,24.6948648
國3,116.8,120.8555915,24.69420766
國3,116.9,120.8549252,24.69354096
國3,117.0,120.854271,24.69286426
國3,117.1,120.853632,24.69217546
國3,117.2,120.8530082,24.69147528
國3,117.3,120.8523976,24.69076541
國3,117.4,120.8517999,24.69004648
國3,117.5,120.8512164,24.68931784
國3,117.6,120.850648,24.68857929
國3,117.7,120.8501038,24.68782575
國3,117.8,120.8495933,24.68705288
國3,117.9,120.8491196,24.68626071
國3,118.0,120.8486948,24.68544574
國3,118.1,120.8483216,24.68460989
國3,118.2,120.8480022,24.68375561
國3,118.3,120.8477327,24.68288716
國3,118.4,120.8475154,24.68200652
國3,118.5,120.8473562,24.68111556
國3,118.6,120.8472441,24.68021867
國3,118.7,120.8471905,24.67931723
國3,118.8,120.8471902,24.67841449
國3,118.9,120.8472245,24.67751221
國3,119.0,120.847279,24.67661075
國3,119.1,120.8473361,24.67570941
國3,119.2,120.847382,24.67480754
國3,119.3,120.8473981,24.67390483
國3,119.4,120.8473808,24.67300224
國3,119.5,120.847324,24.67210104
國3,119.6,120.8472268,24.67120272
國3,119.7,120.8470948,24.67030807
國3,119.8,120.8469206,24.66941951
國3,119.9,120.8467093,24.66853762
國3,120.0,120.8464578,24.66766458
國3,120.1,120.8461654,24.6668023
國3,120.2,120.8458402,24.66594988
國3,120.3,120.8454758,24.6651108
國3,120.4,120.8450741,24.66428606
國3,120.5,120.8446388,24.66347565
國3,120.6,120.8441663,24.66268284
國3,120.7,120.8436633,24.66190584
國3,120.8,120.8431243,24.66114926
國3,120.9,120.8425512,24.66041394
國3,121.0,120.8419498,24.65969776
國3,121.1,120.8413263,24.65899744
國3,121.2,120.8406821,24.65831298
國3,121.3,120.8400235,24.65764008
國3,121.4,120.8393486,24.65698069
國3,121.5,120.8386639,24.65632989
國3,121.6,120.8379748,24.65568294
國3,121.7,120.8372812,24.65504
國3,121.8,120.8365863,24.65439831
國3,121.9,120.8358913,24.65375662
國3,122.0,120.8351963,24.65311492
國3,122.1,120.8345014,24.65247322
國3,122.2,120.8338064,24.65183152
國3,122.3,120.8331115,24.65118981
國3,122.4,120.8324166,24.6505481
國3,122.5,120.8317216,24.64990639
國3,122.6,120.8310267,24.64926467
國3,122.7,120.8303318,24.64862295
國3,122.8,120.8296369,24.64798123
國3,122.9,120.828942,24.6473395
國3,123.0,120.8282471,24.64669778
國3,123.1,120.8275522,24.64605604
國3,123.2,120.8268574,24.64541431
國3,123.3,120.8261625,24.64477257
國3,123.4,120.8254676,24.64413083
國3,123.5,120.8247728,24.64348908
國3,123.6,120.8240779,24.64284733
國3,123.7,120.8233831,24.64220558
國3,123.8,120.8226887,24.64156346
國3,123.9,120.8219985,24.64091775
國3,124.0,120.8213124,24.64026843
國3,124.1,120.8206432,24.63960449
國3,124.2,120.8199903,24.63892713
國3,124.3,120.8193668,24.638227
國3,124.4,120.8187717,24.63750665
國3,124.5,120.8182026,24.63676896
國3,124.6,120.8176652,24.63601165
國3,124.7,120.8171596,24.63523627
國3,124.8,120.8166869,24.6344438
國3,124.9,120.8162447,24.63363665
國3,125.0,120.8158344,24.63281551
國3,125.1,120.8154606,24.63197989
國3,125.2,120.8151229,24.63113153
國3,125.3,120.8148163,24.63027337
國3,125.4,120.814546,24.62940508
國3,125.5,120.8143107,24.62852827
國3,125.6,120.8141099,24.62764435
國3,125.7,120.8139365,24.62675561
國3,125.8,120.8137818,24.62586393
國3,125.9,120.8136271,24.62497226
國3,126.0,120.8134708,24.62408083
國3,126.1,120.8133001,24.62319161
國3,126.2,120.8131075,24.62230617
國3,126.3,120.8128823,24.62142721
國3,126.4,120.812617,24.62055775
國3,126.5,120.8123025,24.61970214
國3,126.6,120.8119441,24.61886108
國3,126.7,120.8115418,24.61803676
國3,126.8,120.8110918,24.61723329
國3,126.9,120.8105988,24.61645121
國3,127.0,120.810064,24.61569247
國3,127.1,120.8094888,24.61495881
國3,127.2,120.8088742,24.61425237
國3,127.3,120.8082226,24.61357408
國3,127.4,120.8075334,24.61292766
國3,127.5,120.8068094,24.61231371
國3,127.6,120.8060511,24.61173567
國3,127.7,120.8052641,24.61119052
國3,127.8,120.8044504,24.6106792
國3,127.9,120.8036112,24.61020326
國3,128.0,120.8027515,24.60975909
國3,128.1,120.8018787,24.60933666
國3,128.2,120.8009991,24.60892624
國3,128.3,120.8001111,24.60853115
國3,128.4,120.7992231,24.60813606
國3,128.5,120.7983355,24.60774035
國3,128.6,120.797451,24.60733866
國3,128.7,120.7965755,24.60692108
國3,128.8,120.7957109,24.60648476
國3,128.9,120.7948599,24.6060268
國3,129.0,120.7940246,24.60554544
國3,129.1,120.7932125,24.60503186
國3,129.2,120.7924226,24.60449008
國3,129.3,120.7916599,24.60391666
國3,129.4,120.7909167,24.60332225
國3,129.5,120.7902036,24.60269786
國3,129.6,120.7895156,24.60205032
國3,129.7,120.7888566,24.60137804
國3,129.8,120.7882227,24.60068582
國3,129.9,120.7876132,24.59997545
國3,130.0,120.7870204,24.59925334
國3,130.1,120.786436,24.59852558
國3,130.2,120.7858542,24.59779608
國3,130.3,120.7852674,24.59706994
國3,130.4,120.7846713,24.59635012
國3,130.5,120.7840505,24.59564806
國3,130.6,120.7834084,24.59496222
國3,130.7,120.782738,24.59429957
國3,130.8,120.7820428,24.59365858
國3,130.9,120.7813213,24.59304254
國3,131.0,120.7805769,24.59244973
國3,131.1,120.7798099,24.59188147
國3,131.2,120.7790202,24.59133991
國3,131.3,120.7782096,24.59082472
國3,131.4,120.7773818,24.59033297
國3,131.5,120.7765393,24.58986238
國3,131.6,120.7756891,24.5894037
國3,131.7,120.7748388,24.58894501
國3,131.8,120.7739894,24.58848499
國3,131.9,120.7731469,24.58801439
國3,132.0,120.7723181,24.587524
國3,132.1,120.7715072,24.58700935
國3,132.2,120.7707189,24.58646598
國3,132.3,120.7699523,24.58589741
國3,132.4,120.7692082,24.58530431
國3,132.5,120.7684926,24.58468254
國3,132.6,120.7678051,24.58403471
國3,132.7,120.767151,24.58335843
國3,132.8,120.7665346,24.58265335
國3,132.9,120.7659524,24.58192438
國3,133.0,120.7654074,24.58117173
國3,133.1,120.7649046,24.58039498
國3,133.2,120.7644421,24.57959752
國3,133.3,120.7640199,24.5787816
國3,133.4,120.7636431,24.57794722
國3,133.5,120.7633083,24.57709805
國3,133.6,120.7630177,24.57623537
國3,133.7,120.7627677,24.57536204
國3,133.8,120.7625514,24.57448119
國3,133.9,120.7623518,24.57359704
國3,134.0,120.7621662,24.57271031
國3,134.1,120.7619854,24.57182271
國3,134.2,120.7617938,24.57093704
國3,134.3,120.761591,24.57005345
國3,134.4,120.7613657,24.56917445
國3,134.5,120.761114,24.56830144
國3,134.6,120.7608208,24.56743939
國3,134.7,120.7604938,24.56658759
國3,134.8,120.7601352,24.56574646
國3,134.9,120.7597378,24.56492004
國3,135.0,120.7593055,24.56410846
國3,135.1,120.7588418,24.56331149
國3,135.2,120.7583464,24.5625306
國3,135.3,120.7578164,24.56176899
國3,135.4,120.7572534,24.56102744
國3,135.5,120.7566576,24.5603077
國3,135.6,120.7560366,24.5596059
國3,135.7,120.7553965,24.55891854
國3,135.8,120.7547377,24.5582462
國3,135.9,120.7540685,24.55758247
國3,136.0,120.7533967,24.55692091
國3,136.1,120.7527232,24.55626079
國3,136.2,120.7520497,24.55560065
國3,136.3,120.7513793,24.55493802
國3,136.4,120.7507187,24.55426707
國3,136.5,120.7500668,24.55358914
國3,136.6,120.7494266,24.5529019
國3,136.7,120.7488054,24.55220033
國3,136.8,120.7481973,24.55148926
國3,136.9,120.7476026,24.55076869
國3,137.0,120.747025,24.55003656
國3,137.1,120.7464637,24.54929389
國3,137.2,120.74592,24.54854039
國3,137.3,120.745393,24.54777709
國3,137.4,120.7448803,24.54700566
國3,137.5,120.744383,24.54622583
國3,137.6,120.7438978,24.54543962
國3,137.7,120.7434228,24.54464822
國3,137.8,120.7429516,24.54385493
國3,137.9,120.7424804,24.54306165
國3,138.0,120.7420092,24.54226836
國3,138.1,120.7415376,24.54147525
國3,138.2,120.7410608,24.54068475
國3,138.3,120.7405734,24.5398996
國3,138.4,120.7400739,24.5391209
國3,138.5,120.7395592,24.53835059
國3,138.6,120.7390289,24.53758916
國3,138.7,120.7384796,24.53683909
國3,138.8,120.7379091,24.53610239
國3,138.9,120.7373212,24.53537727
國3,139.0,120.7367116,24.53466729
國3,139.1,120.7360856,24.53396945
國3,139.2,120.7354432,24.53328424
國3,139.3,120.7347833,24.53261304
國3,139.4,120.7341113,24.53195199
國3,139.5,120.7334283,24.53130046
國3,139.6,120.7327409,24.53065273
國3,139.7,120.7320494,24.53000874
國3,139.8,120.7313556,24.52936685
國3,139.9,120.7306617,24.52872495
國3,140.0,120.7299729,24.52807851
國3,140.1,120.729292,24.52742517
國3,140.2,120.7286295,24.52675617
國3,140.3,120.7279861,24.52607181
國3,140.4,120.7273676,24.52536852
國3,140.5,120.7267738,24.52464755
國3,140.6,120.7262087,24.5239076
國3,140.7,120.7256723,24.52314993
國3,140.8,120.7251617,24.5223775
國3,140.9,120.724672,24.52159366
國3,141.0,120.7242043,24.52079867
國3,141.1,120.7237538,24.51999534
國3,141.2,120.7233037,24.51919186
國3,141.3,120.7228535,24.51838838
國3,141.4,120.7223999,24.51758655
國3,141.5,120.7219384,24.51678853
國3,141.6,120.7214587,24.51599962
國3,141.7,120.7209561,24.51522268
國3,141.8,120.7204292,24.51445934
國3,141.9,120.7198709,24.51371493
國3,142.0,120.7192868,24.51298723
國3,142.1,120.7186769,24.51227755
國3,142.2,120.7180392,24.51158861
國3,142.3,120.7173808,24.51091622
國3,142.4,120.7166988,24.5102638
國3,142.5,120.7160018,24.50962472
國3,142.6,120.7152892,24.50900026
國3,142.7,120.7145679,24.50838415
國3,142.8,120.7138343,24.50778034
國3,142.9,120.7131008,24.50717654
國3,143.0,120.7123673,24.50657273
國3,143.1,120.7116369,24.50596573
國3,143.2,120.710913,24.50535243
國3,143.3,120.7102062,24.50472268
國3,143.4,120.7095263,24.50406867
國3,143.5,120.7088724,24.50339286
國3,143.6,120.7082624,24.50268356
國3,143.7,120.7076931,24.50194641
國3,143.8,120.7071672,24.50118278
國3,143.9,120.7066863,24.50039471
國3,144.0,120.7062479,24.49958615
國3,144.1,120.7058598,24.4987562
國3,144.2,120.7055211,24.49790841
國3,144.3,120.7052267,24.4970468
國3,144.4,120.7049842,24.4961717
國3,144.5,120.7047828,24.4952879
國3,144.6,120.7046058,24.49439974
國3,144.7,120.7044351,24.49351053
國3,144.8,120.7042627,24.49262159
國3,144.9,120.7040771,24.49173488
國3,145.0,120.7038672,24.49085278
國3,145.1,120.7036208,24.48997866
國3,145.2,120.7033282,24.48911658
國3,145.3,120.7029832,24.48827098
國3,145.4,120.7025961,24.48744072
國3,145.5,120.7021604,24.48663089
國3,145.6,120.7016799,24.48584263
國3,145.7,120.7011516,24.48508032
國3,145.8,120.7005816,24.48434354
國3,145.9,120.6999697,24.48363555
國3,146.0,120.6993215,24.48295509
國3,146.1,120.698633,24.48230861
國3,146.2,120.6979139,24.48169059
國3,146.3,120.697172,24.48109549
國3,146.4,120.696407,24.48052549
國3,146.5,120.6956276,24.47997195
國3,146.6,120.6948337,24.47943595
國3,146.7,120.6940321,24.47890974
國3,146.8,120.6932266,24.47838838
國3,146.9,120.6924201,24.4778684
國3,147.0,120.6916136,24.47734841
國3,147.1,120.690809,24.47682595
國3,147.2,120.6900108,24.47629536
國3,147.3,120.6892198,24.47575577
國3,147.4,120.6884407,24.47520189
國3,147.5,120.6876738,24.47463409
國3,147.6,120.6869235,24.47404796
國3,147.7,120.6861903,24.47344395
國3,147.8,120.6854816,24.4728159
國3,147.9,120.6847993,24.47216395
國3,148.0,120.6841457,24.47148779
國3,148.1,120.6835248,24.47078637
國3,148.2,120.682941,24.47005874
國3,148.3,120.6823893,24.46931051
國3,148.4,120.6818718,24.46854199
國3,148.5,120.6813948,24.46775182
國3,148.6,120.6809527,24.46694484
國3,148.7,120.6805486,24.46612136
國3,148.8,120.6801844,24.46528233
國3,148.9,120.6798633,24.46442862
國3,149.0,120.6795831,24.46356307
國3,149.1,120.679335,24.46268931
國3,149.2,120.6791222,24.46180781
國3,149.3,120.678938,24.46092095
國3,149.4,120.6787818,24.46002958
國3,149.5,120.6786505,24.45913484
國3,149.6,120.6785484,24.45823692
國3,149.7,120.6784711,24.45733689
國3,149.8,120.6784205,24.4564353
國3,149.9,120.6783953,24.45553289
國3,150.0,120.678394,24.45463019
國3,150.1,120.6784189,24.45372777
國3,150.2,120.67847,24.45282621
國3,150.3,120.6785477,24.45192622
國3,150.4,120.6786516,24.45102838
國3,150.5,120.6787793,24.45013312
國3,150.6,120.6789353,24.44924166
國3,150.7,120.679116,24.44835416
國3,150.8,120.6793222,24.4474713
國3,150.9,120.6795505,24.44659305
國3,151.0,120.6798022,24.44572012
國3,151.1,120.680069,24.44485097
國3,151.2,120.680351,24.44398583
國3,151.3,120.6806349,24.44312121
國3,151.4,120.6809236,24.44225792
國3,151.5,120.6812123,24.44139463
國3,151.6,120.681501,24.44053133
國3,151.7,120.6817835,24.43966634
國3,151.8,120.6820537,24.43879803
國3,151.9,120.6823059,24.43792519
國3,152.0,120.6825381,24.43704774
國3,152.1,120.6827447,24.43616495
國3,152.2,120.682926,24.4352775
國3,152.3,120.6830689,24.43438415
國3,152.4,120.683175,24.43348656
國3,152.5,120.6832354,24.43258552
國3,152.6,120.6832507,24.43168285
國3,152.7,120.6832163,24.43078074
國3,152.8,120.6831332,24.42988126
國3,152.9,120.6830046,24.42898628
國3,153.0,120.6828214,24.42809922
國3,153.1,120.6825915,24.42722142
國3,153.2,120.6823144,24.42635504
國3,153.3,120.6819931,24.42550158
國3,153.4,120.6816251,24.42466399
國3,153.5,120.6812206,24.42384066
國3,153.6,120.6807816,24.42303225
國3,153.7,120.6803165,24.42223615
國3,153.8,120.6798287,24.42145153
國3,153.9,120.6793289,24.42067324
國3,154.0,120.6788175,24.41990131
國3,154.1,120.678302,24.4191316
國3,154.2,120.6777866,24.41836189
國3,154.3,120.6772711,24.41759217
國3,154.4,120.6767621,24.4168189
國3,154.5,120.6762552,24.41604445
國3,154.6,120.675759,24.4152642
國3,154.7,120.6752756,24.41447728
國3,154.8,120.6748041,24.41368434
國3,154.9,120.6743501,24.41288289
國3,155.0,120.6739173,24.41207168
國3,155.1,120.6735041,24.41125195
國3,155.2,120.6731126,24.41042338
國3,155.3,120.6727461,24.40958518
國3,155.4,120.6724027,24.40873883
國3,155.5,120.6720817,24.40788517
國3,155.6,120.6717858,24.40702396
國3,155.7,120.6715101,24.40615711
國3,155.8,120.6712565,24.40528464
國3,155.9,120.6710198,24.4044082
國3,156.0,120.6708005,24.40352796
國3,156.1,120.6705933,24.40264525
國3,156.2,120.6704013,24.40175968
國3,156.3,120.6702116,24.40087368
國3,156.4,120.6700304,24.39998618
國3,156.5,120.669852,24.39909822
國3,156.6,120.6696744,24.39821011
國3,156.7,120.6694987,24.39732167
國3,156.8,120.6693231,24.39643324
國3,156.9,120.6691475,24.3955448
國3,157.0,120.6689719,24.39465637
國3,157.1,120.6687963,24.39376793
國3,157.2,120.6686206,24.3928795
國3,157.3,120.668445,24.39199106
國3,157.4,120.6682694,24.39110262
國3,157.5,120.6680938,24.39021419
國3,157.6,120.6679182,24.38932575
國3,157.7,120.6677426,24.38843731
國3,157.8,120.667567,24.38754887
國3,157.9,120.6673914,24.38666043
國3,158.0,120.6672164,24.3857719
國3,158.1,120.6670416,24.38488333
國3,158.2,120.6668667,24.38399476
國3,158.3,120.666696,24.38310553
國3,158.4,120.6665265,24.38221609
國3,158.5,120.6663479,24.38132816
國3,158.6,120.666167,24.38044061
國3,158.7,120.6659873,24.37955287
國3,158.8,120.6658149,24.3786639
國3,158.9,120.6656426,24.37777493
國3,159.0,120.6654657,24.3768867
國3,159.1,120.6652861,24.37599894
國3,159.2,120.6651073,24.37511105
國3,159.3,120.6649317,24.3742226
國3,159.4,120.6647562,24.37333415
國3,159.5,120.6645806,24.3724457
國3,159.6,120.664405,24.37155726
國3,159.7,120.6642295,24.37066881
國3,159.8,120.6640539,24.36978036
國3,159.9,120.6638784,24.36889191
國3,160.0,120.6637028,24.36800346
國3,160.1,120.6635272,24.36711502
國3,160.2,120.6633517,24.36622657
國3,160.3,120.6631761,24.36533812
國3,160.4,120.6630006,24.36444967
國3,160.5,120.6628229,24.36356158
國3,160.6,120.6626432,24.36267382
國3,160.7,120.6624635,24.36178605
國3,160.8,120.6622716,24.36090047
國3,160.9,120.6620767,24.3600154
國3,161.0,120.6618691,24.35913278
國3,161.1,120.6616459,24.35825337
國3,161.2,120.6614039,24.3573781
國3,161.3,120.6611507,24.35650559
國3,161.4,120.6608835,24.35563653
國3,161.5,120.6605963,24.35477286
國3,161.6,120.6602936,24.35391364
國3,161.7,120.659978,24.35305832
國3,161.8,120.6596407,24.35221002
國3,161.9,120.6592914,24.35136579
國3,162.0,120.6589189,24.35052992
國3,162.1,120.6585227,24.34970328
國3,162.2,120.6581034,24.34888626
國3,162.3,120.6576616,24.3480793
國3,162.4,120.6571921,24.34728553
國3,162.5,120.6566974,24.34650473
國3,162.6,120.6561672,24.34574374
國3,162.7,120.6556038,24.34500313
國3,162.8,120.6550091,24.34428327
國3,162.9,120.6543798,24.34358854
國3,163.0,120.6537157,24.34292168
國3,163.1,120.6530231,24.34227948
國3,163.2,120.6523011,24.34166522
國3,163.3,120.6515491,24.3410818
國3,163.4,120.6507709,24.34052803
國3,163.5,120.6499661,24.34000714
國3,163.6,120.6491394,24.33951578
國3,163.7,120.6482876,24.33906192
國3,163.8,120.6474169,24.33863936
國3,163.9,120.6465263,24.3382531
國3,164.0,120.6456197,24.33789948
國3,164.1,120.6447003,24.33757463
國3,164.2,120.6437709,24.33727463
國3,164.3,120.6428351,24.33699158
國3,164.4,120.6418965,24.3367167
國3,164.5,120.640956,24.33644708
國3,164.6,120.6400155,24.33617745
國3,164.7,120.639075,24.33590782
國3,164.8,120.6381402,24.33562246
國3,164.9,120.6372139,24.33531452
國3,165.0,120.6362954,24.33498757
國3,165.1,120.6353912,24.33462888
國3,165.2,120.634501,24.33424192
國3,165.3,120.6336281,24.33382321
國3,165.4,120.6327744,24.33337231
國3,165.5,120.6319363,24.33289764
國3,165.6,120.63112,24.33239217
國3,165.7,120.6303257,24.33185795
國3,165.8,120.6295554,24.33129497
國3,165.9,120.6288098,24.33070477
國3,166.0,120.6280844,24.33009391
國3,166.1,120.6273895,24.32945385
國3,166.2,120.6267161,24.32879475
國3,166.3,120.6260725,24.32811121
國3,166.4,120.6254623,24.32740242
國3,166.5,120.6248737,24.32667837
國3,166.6,120.6243223,24.32593022
國3,166.7,120.6238029,24.32516308
國3,166.8,120.6233138,24.32437948
國3,166.9,120.622855,24.32358052
國3,167.0,120.6224303,24.32276593
國3,167.1,120.6220408,24.32193666
國3,167.2,120.6216726,24.32109926
國3,167.3,120.62132,24.32025618
國3,167.4,120.6209833,24.31940773
國3,167.5,120.6206492,24.31855841
國3,167.6,120.6203145,24.31770927
國3,167.7,120.6199714,24.31686296
國3,167.8,120.619611,24.31602276
國3,167.9,120.619235,24.31518839
國3,168.0,120.6188337,24.31436394
國3,168.1,120.6184011,24.31355286
國3,168.2,120.617933,24.31275849
國3,168.3,120.6174311,24.31198168
國3,168.4,120.616899,24.31122184
國3,168.5,120.6163339,24.31048229
國3,168.6,120.615739,24.30976264
國3,168.7,120.6151115,24.30906667
國3,168.8,120.6144584,24.30839079
國3,168.9,120.6137752,24.30774034
國3,169.0,120.6130688,24.30711104
國3,169.1,120.6123336,24.3065101
國3,169.2,120.6115736,24.30593572
國3,169.3,120.610799,24.30537811
國3,169.4,120.6100141,24.30483247
國3,169.5,120.6092243,24.30429285
國3,169.6,120.6084345,24.30375322
國3,169.7,120.6076591,24.30319648
國3,169.8,120.6069118,24.30260838
國3,169.9,120.6062036,24.301981
國3,170.0,120.6055431,24.30131142
國3,170.1,120.6049355,24.3006011
國3,170.2,120.6043793,24.29985637
國3,170.3,120.6038758,24.29908073
國3,170.4,120.6034314,24.29827542
國3,170.5,120.6030469,24.29744466
國3,170.6,120.6027239,24.29659217
國3,170.7,120.6024601,24.29572274
國3,170.8,120.6022579,24.29483949
國3,170.9,120.6020994,24.29394882
國3,171.0,120.6019714,24.29305394
國3,171.1,120.6018707,24.29215603
國3,171.2,120.6017815,24.29125713
國3,171.3,120.6016958,24.29035798
國3,171.4,120.6016029,24.28945943
國3,171.5,120.6014923,24.2885626
國3,171.6,120.6013574,24.28766859
國3,171.7,120.6011862,24.28677989
國3,171.8,120.6009695,24.28589957
國3,171.9,120.6006991,24.28503169
國3,172.0,120.6003724,24.28418025
國3,172.1,120.5999916,24.28334783
國3,172.2,120.5995584,24.28253729
國3,172.3,120.5990741,24.28175128
國3,172.4,120.5985448,24.28099003
國3,172.5,120.5979818,24.28024928
國3,172.6,120.5973964,24.27952318
國3,172.7,120.596801,24.27880391
國3,172.8,120.5962056,24.27808465
國3,172.9,120.5956143,24.27736255
國3,173.0,120.595035,24.27663233
國3,173.1,120.5944716,24.27589179
國3,173.2,120.5939287,24.27513853
國3,173.3,120.5934154,24.27436802
國3,173.4,120.5929226,24.27358644
國3,173.5,120.5924526,24.27279318
國3,173.6,120.5920105,24.27198648
國3,173.7,120.5915889,24.27117063
國3,173.8,120.5911962,24.27034271
國3,173.9,120.5908283,24.26950532
國3,174.0,120.5904892,24.26865773
國3,174.1,120.5901745,24.2678023
國3,174.2,120.5898869,24.26693889
國3,174.3,120.5896266,24.26606821
國3,174.4,120.5893948,24.2651908
國3,174.5,120.5891889,24.26430797
國3,174.6,120.5890158,24.26341928
國3,174.7,120.5888628,24.26252751
國3,174.8,120.5887404,24.26163172
國3,174.9,120.5886473,24.26073294
國3,175.0,120.5885829,24.25983204
國3,175.1,120.5885524,24.25892963
國3,175.2,120.5885579,24.25802682
國3,175.3,120.5886033,24.25712499
國3,175.4,120.5886849,24.25622533
國3,175.5,120.588809,24.25532987
國3,175.6,120.5889734,24.25443984
國3,175.7,120.5891772,24.2535567
國3,175.8,120.5894248,24.25268304
國3,175.9,120.5897084,24.25181865
國3,176.0,120.5900314,24.25096587
國3,176.1,120.5903903,24.25012527
國3,176.2,120.5907743,24.24929405
國3,176.3,120.5911773,24.24847036
國3,176.4,120.5915804,24.24764666
國3,176.5,120.591983,24.2468228
國3,176.6,120.5923685,24.24599217
國3,176.7,120.5927265,24.24515133
國3,176.8,120.5930434,24.24429677
國3,176.9,120.5933066,24.24342708
國3,177.0,120.5935274,24.24254757
國3,177.1,120.5937,24.24165914
國3,177.2,120.5938241,24.24076387
國3,177.3,120.5938969,24.23986397
國3,177.4,120.5939222,24.23896181
國3,177.5,120.5938972,24.23805974
國3,177.6,120.5938223,24.23715989
國3,177.7,120.5936995,24.23626441
國3,177.8,120.5935277,24.23537562
國3,177.9,120.5933103,24.23449521
國3,178.0,120.5930414,24.23362684
國3,178.1,120.5927255,24.23277176
國3,178.2,120.5923656,24.23193142
國3,178.3,120.5919596,24.23110898
國3,178.4,120.5915104,24.23030565
國3,178.5,120.5910235,24.22952111
國3,178.6,120.5905125,24.22874948
國3,178.7,120.5899947,24.22798172
國3,178.8,120.5894767,24.22721409
國3,178.9,120.588965,24.22644295
國3,179.0,120.5884783,24.22565835
國3,179.1,120.5880218,24.22485867
國3,179.2,120.5875942,24.22404565
國3,179.3,120.5871982,24.22321931
國3,179.4,120.5868346,24.22238054
國3,179.5,120.5865041,24.22153026
國3,179.6,120.5861976,24.22067243
國3,179.7,120.5859165,24.21980729
國3,179.8,120.5856431,24.21894003
國3,179.9,120.5853792,24.21807022
國3,180.0,120.585117,24.21719995
國3,180.1,120.5848548,24.21632968
國3,180.2,120.5845872,24.21546078
國3,180.3,120.5843148,24.21459314
國3,180.4,120.5840293,24.21372907
國3,180.5,120.5837349,24.21286749
國3,180.6,120.5834202,24.21201198
國3,180.7,120.58309,24.21116146
國3,180.8,120.5827464,24.21031543
國3,180.9,120.5823861,24.20947527
國3,181.0,120.5820087,24.20864144
國3,181.1,120.5816146,24.20781416
國3,181.2,120.5812034,24.20699393
國3,181.3,120.5807725,24.2061823
國3,181.4,120.5803299,24.20537604
國3,181.5,120.5798694,24.20457829
國3,181.6,120.5793946,24.20378756
國3,181.7,120.5789059,24.20300396
國3,181.8,120.5783975,24.20223097
國3,181.9,120.5778756,24.20146562
國3,182.0,120.5773374,24.20070981
國3,182.1,120.576792,24.19995832
國3,182.2,120.5762204,24.19922336
國3,182.3,120.5756324,24.19849934
國3,182.4,120.5750204,24.19779223
國3,182.5,120.5743812,24.19710579
國3,182.6,120.573717,24.19643958
國3,182.7,120.5730196,24.19580253
國3,182.8,120.572291,24.19519566
國3,182.9,120.5715301,24.19462304
國3,183.0,120.5707393,24.19408567
國3,183.1,120.569919,24.19358686
國3,183.2,120.5690728,24.19312592
國3,183.3,120.5682039,24.1927019
國3,183.4,120.5673122,24.19232009
國3,183.5,120.5664006,24.19198035
國3,183.6,120.5654722,24.19168135
國3,183.7,120.5645299,24.19142201
國3,183.8,120.5635762,24.19120029
國3,183.9,120.5626198,24.19098945
國3,184.0,120.5616624,24.19078209
國3,184.1,120.5607091,24.19056053
國3,184.2,120.5597664,24.19030352
國3,184.3,120.558841,24.18999874
國3,184.4,120.5579403,24.18963677
國3,184.5,120.5570708,24.18921563
國3,184.6,120.5562314,24.18874589
國3,184.7,120.5554322,24.18822014
國3,184.8,120.5546739,24.18764584
國3,184.9,120.55396,24.18702524
國3,185.0,120.5532946,24.18636068
國3,185.1,120.5526797,24.18565641
國3,185.2,120.5521192,24.18491481
國3,185.3,120.5516145,24.18414024
國3,185.4,120.5511561,24.18334172
國3,185.5,120.550735,24.182526
國3,185.6,120.550327,24.18170467
國3,185.7,120.5499251,24.1808808
國3,185.8,120.5495232,24.18005692
國3,185.9,120.5491012,24.17924157
國3,186.0,120.5486391,24.17844478
國3,186.1,120.5481314,24.17767178
國3,186.2,120.5475709,24.1769303
國3,186.3,120.5469541,24.17622734
國3,186.4,120.5462864,24.17556466
國3,186.5,120.5455707,24.17494543
國3,186.6,120.5448108,24.1743722
國3,186.7,120.5440108,24.17384672
國3,186.8,120.5431736,24.17337246
國3,186.9,120.542314,24.17293276
國3,187.0,120.5414423,24.17251373
國3,187.1,120.540561,24.17211178
國3,187.2,120.5396817,24.17170637
國3,187.3,120.5388078,24.17129124
國3,187.4,120.5379487,24.1708509
國3,187.5,120.5371126,24.17037509
國3,187.6,120.5363096,24.16985334
國3,187.7,120.5355464,24.16928365
國3,187.8,120.534828,24.16866686
國3,187.9,120.5341537,24.1680095
國3,188.0,120.5335271,24.16731347
國3,188.1,120.5329393,24.16658941
國3,188.2,120.5323791,24.16584713
國3,188.3,120.5318258,24.16510047
國3,188.4,120.5312725,24.16435381
國3,188.5,120.5307045,24.1636165
國3,188.6,120.5301055,24.16290024
國3,188.7,120.5294715,24.16220974
國3,188.8,120.5288052,24.16154549
國3,188.9,120.5281061,24.16091017
國3,189.0,120.5273779,24.16030307
國3,189.1,120.5266361,24.15970984
國3,189.2,120.5258893,24.15912184
國3,189.3,120.5251483,24.15852776
國3,189.4,120.5244238,24.15791686
國3,189.5,120.5237322,24.15727475
國3,189.6,120.5230814,24.15659763
國3,189.7,120.5224763,24.15588578
國3,189.8,120.5219156,24.15514408
國3,189.9,120.5214076,24.154371
國3,190.0,120.520944,24.1535748
國3,190.1,120.5205359,24.15275343
國3,190.2,120.5201826,24.1519109
國3,190.3,120.5198822,24.15105131
國3,190.4,120.5196353,24.15017753
國3,190.5,120.5194499,24.14929102
國3,190.6,120.5193139,24.14839694
國3,190.7,120.5192416,24.14749665
國3,190.8,120.5192242,24.14659408
國3,190.9,120.5192644,24.14569208
國3,191.0,120.5193621,24.14479377
國3,191.1,120.5195214,24.14390292
國3,191.2,120.5197348,24.14302172
國3,191.3,120.520003,24.14215314
國3,191.4,120.5203319,24.14130239
國3,191.5,120.5207077,24.14046817
國3,191.6,120.521126,24.13965099
國3,191.7,120.5215711,24.13884581
國3,191.8,120.5220236,24.13804405
國3,191.9,120.5224793,24.1372438
國3,192.0,120.5229349,24.13644355
國3,192.1,120.5233905,24.1356433
國3,192.2,120.5238462,24.13484304
國3,192.3,120.5243018,24.13404278
國3,192.4,120.5247574,24.13324252
國3,192.5,120.525213,24.13244226
國3,192.6,120.5256686,24.131642
國3,192.7,120.5261242,24.13084173
國3,192.8,120.5265798,24.13004147
國3,192.9,120.5270354,24.1292412
國3,193.0,120.527491,24.12844093
國3,193.1,120.5279466,24.12764066
國3,193.2,120.5284054,24.12684195
國3,193.3,120.528879,24.12605068
國3,193.4,120.5294176,24.12529555
國3,193.5,120.5300347,24.12459294
國3,193.6,120.5307193,24.12394503
國3,193.7,120.5314461,24.12333652
國3,193.8,120.5321803,24.12273557
國3,193.9,120.5329146,24.12213461
國3,194.0,120.5336488,24.12153365
國3,194.1,120.534383,24.12093268
國3,194.2,120.5351172,24.12033172
國3,194.3,120.5358514,24.11973074
國3,194.4,120.5365856,24.11912977
國3,194.5,120.5373152,24.11852417
國3,194.6,120.5380379,24.1179116
國3,194.7,120.5387459,24.11728475
國3,194.8,120.5394389,24.11664403
國3,194.9,120.5401209,24.11599333
國3,195.0,120.5408029,24.11534264
國3,195.1,120.5414867,24.11469351
國3,195.2,120.542178,24.1140512
國3,195.3,120.5428845,24.11342296
國3,195.4,120.5436101,24.11281344
國3,195.5,120.5443571,24.112226
國3,195.6,120.5451222,24.11165856
國3,195.7,120.5459088,24.1111165
國3,195.8,120.5467122,24.11059549
國3,195.9,120.547533,24.11009801
國3,196.0,120.5483712,24.10962567
國3,196.1,120.5492217,24.10917225
國3,196.2,120.5500905,24.10874879
國3,196.3,120.550972,24.10834832
國3,196.4,120.5518672,24.10797409
國3,196.5,120.5527744,24.10762531
國3,196.6,120.5536931,24.1073026
國3,196.7,120.5546226,24.10700727
國3,196.8,120.5555611,24.10673696
國3,196.9,120.5565088,24.106495
國3,197.0,120.5574648,24.10628249
國3,197.1,120.5584266,24.10609351
國3,197.2,120.5593946,24.10593373
國3,197.3,120.5603672,24.10579853
國3,197.4,120.5613428,24.10568325
國3,197.5,120.56232,24.10558043
國3,197.6,120.5632977,24.1054808
國3,197.7,120.5642753,24.10538116
國3,197.8,120.565253,24.10528151
國3,197.9,120.5662306,24.10518186
國3,198.0,120.5672083,24.10508221
國3,198.1,120.5681854,24.10497804
國3,198.2,120.5691612,24.10486455
國3,198.3,120.5701354,24.10473984
國3,198.4,120.5711059,24.10459318
國3,198.5,120.5720714,24.10442114
國3,198.6,120.5730311,24.10422361
國3,198.7,120.5739835,24.10399828
國3,198.8,120.5749278,24.10374578
國3,198.9,120.5758633,24.10346718
國3,199.0,120.5767888,24.1031615
國3,199.1,120.5777052,24.10283373
國3,199.2,120.5786105,24.10248074
國3,199.3,120.5795083,24.10211189
國3,199.4,120.5804016,24.10173386
國3,199.5,120.5812937,24.10135354
國3,199.6,120.5821879,24.1009775
國3,199.7,120.583086,24.10060917
國3,199.8,120.5839989,24.10027304
國3,199.9,120.5849242,24.09996701
國3,200.0,120.5858617,24.09969421
國3,200.1,120.5868107,24.09945739
國3,200.2,120.5877694,24.0992555
國3,200.3,120.588733,24.0990747
國3,200.4,120.5896986,24.09890288
國3,200.5,120.5906643,24.09873106
國3,200.6,120.591628,24.0985508
國3,200.7,120.5925858,24.09834549
國3,200.8,120.5935331,24.09810315
國3,200.9,120.5944683,24.0978235
國3,201.0,120.5953886,24.09750504
國3,201.1,120.5962919,24.09714795
國3,201.2,120.5971753,24.0967512
國3,201.3,120.5980393,24.09631996
國3,201.4,120.5988801,24.09585161
國3,201.5,120.5996977,24.09534987
國3,201.6,120.6004884,24.09481301
國3,201.7,120.6012549,24.09424741
國3,201.8,120.601994,24.09365164
國3,201.9,120.6027179,24.09304045
國3,202.0,120.6034302,24.09241785
國3,202.1,120.6041426,24.09179524
國3,202.2,120.6048549,24.09117263
國3,202.3,120.6055672,24.09055002
國3,202.4,120.6062796,24.08992741
國3,202.5,120.6069919,24.08930479
國3,202.6,120.6077042,24.08868216
國3,202.7,120.6084165,24.08805954
國3,202.8,120.6091288,24.08743691
國3,202.9,120.6098514,24.0868244
國3,203.0,120.610597,24.08623575
國3,203.1,120.6113712,24.08567926
國3,203.2,120.6121836,24.08517068
國3,203.3,120.6130324,24.08471512
國3,203.4,120.6139113,24.08431031
國3,203.5,120.6148176,24.08396006
國3,203.6,120.6157482,24.0836686
國3,203.7,120.6166976,24.08343393
國3,203.8,120.6176618,24.08325667
國3,203.9,120.6186357,24.08313186
國3,204.0,120.6196147,24.08304569
國3,204.1,120.6205951,24.08297425
國3,204.2,120.6215755,24.08290338
國3,204.3,120.6225544,24.0828168
國3,204.4,120.6235288,24.0826951
國3,204.5,120.6244933,24.08251943
國3,204.6,120.6254426,24.08228431
國3,204.7,120.6263726,24.08199122
國3,204.8,120.6272799,24.08164344
國3,204.9,120.6281596,24.08124013
國3,205.0,120.6290077,24.08078337
國3,205.1,120.6298229,24.08027883
國3,205.2,120.6305965,24.07972156
國3,205.3,120.6313289,24.07911924
國3,205.4,120.6320174,24.07847486
國3,205.5,120.6326566,24.07778898
國3,205.6,120.6332439,24.07706495
國3,205.7,120.6337899,24.07631402
國3,205.8,120.6343168,24.07555165
國3,205.9,120.6348428,24.07478869
國3,206.0,120.635393,24.07404039
國3,206.1,120.6359877,24.07332146
國3,206.2,120.6366324,24.07263981
國3,206.3,120.6373246,24.07199872
國3,206.4,120.6380621,24.0714019
國3,206.5,120.6388374,24.07084675
國3,206.6,120.6396573,24.0703486
國3,206.7,120.6405085,24.06989687
國3,206.8,120.6413912,24.06949952
國3,206.9,120.6422997,24.06915479
國3,207.0,120.6432312,24.06886563
國3,207.1,120.6441806,24.06863076
國3,207.2,120.645141,24.0684376
國3,207.3,120.6461103,24.06828569
國3,207.4,120.6470865,24.06817693
國3,207.5,120.6480657,24.06809501
國3,207.6,120.6490462,24.06802576
國3,207.7,120.6500267,24.06795651
國3,207.8,120.6510069,24.0678841
國3,207.9,120.6519864,24.06780431
國3,208.0,120.6529642,24.06770855
國3,208.1,120.6539395,24.06759424
國3,208.2,120.6549114,24.06745839
國3,208.3,120.655878,24.06729339
國3,208.4,120.6568397,24.06710595
國3,208.5,120.6577949,24.06689228
國3,208.6,120.6587428,24.06665292
國3,208.7,120.6596838,24.06639163
國3,208.8,120.6606156,24.06610371
國3,208.9,120.661539,24.0657935
國3,209.0,120.6624508,24.06545564
國3,209.1,120.6633527,24.06509602
國3,209.2,120.6642434,24.0647138
國3,209.3,120.6651217,24.06430792
國3,209.4,120.6659867,24.06387886
國3,209.5,120.6668377,24.06342688
國3,209.6,120.6676757,24.06295485
國3,209.7,120.6684982,24.06246033
國3,209.8,120.6693025,24.06194111
國3,209.9,120.6700943,24.06140597
國3,210.0,120.6708656,24.06084598
國3,210.1,120.6716214,24.06026843
國3,210.2,120.6723561,24.05966846
國3,210.3,120.6730776,24.05905507
國3,210.4,120.6737718,24.05841584
國3,210.5,120.6744418,24.05775523
國3,210.6,120.6750839,24.05707154
國3,210.7,120.6756882,24.05635951
國3,210.8,120.6762398,24.05561238
國3,210.9,120.6767461,24.0548385
國3,211.0,120.6772095,24.05404223
國3,211.1,120.6776224,24.05322296
國3,211.2,120.6779854,24.05238399
國3,211.3,120.6783118,24.05153244
國3,211.4,120.6785888,24.05066631
國3,211.5,120.6788089,24.04978659
國3,211.6,120.6789701,24.04889615
國3,211.7,120.6790767,24.04799878
國3,211.8,120.6791189,24.04709692
國3,211.9,120.6791028,24.04619429
國3,212.0,120.679027,24.04529417
國3,212.1,120.6788895,24.04440027
國3,212.2,120.6787029,24.04351394
國3,212.3,120.6784716,24.04263655
國3,212.4,120.6781894,24.04177178
國3,212.5,120.6778627,24.04092036
國3,212.6,120.6774967,24.04008242
國3,212.7,120.6770886,24.03926106
國3,212.8,120.676649,24.03845344
國3,212.9,120.676182,24.03765896
國3,213.0,120.6756896,24.03687749
國3,213.1,120.6751794,24.03610567
國3,213.2,120.674652,24.0353437
國3,213.3,120.6741124,24.0345889
國3,213.4,120.6735655,24.03383855
國3,213.5,120.6730143,24.03309088
國3,213.6,120.6724625,24.03234364
國3,213.7,120.6719106,24.03159639
國3,213.8,120.6713587,24.03084915
國3,213.9,120.6708068,24.0301019
國3,214.0,120.670255,24.02935465
國3,214.1,120.6697031,24.0286074
國3,214.2,120.6691513,24.02786015
國3,214.3,120.6685994,24.02711289
國3,214.4,120.6680476,24.02636563
國3,214.5,120.6674958,24.02561837
國3,214.6,120.666944,24.02487111
國3,214.7,120.6663922,24.02412385
國3,214.8,120.6658403,24.02337658
國3,214.9,120.6652932,24.02262643
國3,215.0,120.6647498,24.02187401
國3,215.1,120.6642202,24.02111334
國3,215.2,120.6637008,24.02034679
國3,215.3,120.6631934,24.01957344
國3,215.4,120.6626972,24.01879399
國3,215.5,120.6622164,24.01800651
國3,215.6,120.6617448,24.0172143
國3,215.7,120.6612857,24.01641589
國3,215.8,120.6608371,24.01561245
國3,215.9,120.6603822,24.01481208
國3,216.0,120.6599078,24.01402129
國3,216.1,120.6594147,24.0132403
國3,216.2,120.6588842,24.01248034
國3,216.3,120.6583074,24.01174945
國3,216.4,120.657682,24.01105306
國3,216.5,120.6570199,24.01038582
國3,216.6,120.6563331,24.00973997
國3,216.7,120.6556413,24.00909852
國3,216.8,120.6549554,24.00845177
國3,216.9,120.6542807,24.00779524
國3,217.0,120.6536366,24.00711329
國3,217.1,120.6530344,24.00639997
國3,217.2,120.6524867,24.00565043
國3,217.3,120.6519887,24.00487219
國3,217.4,120.6515505,24.00406426
國3,217.5,120.6511697,24.00323209
國3,217.6,120.650855,24.00237699
國3,217.7,120.6505995,24.00150529
國3,217.8,120.6504077,24.00061999
國3,217.9,120.6502813,23.99972484
國3,218.0,120.6502183,23.998824
國3,218.1,120.6502245,23.99792131
國3,218.2,120.650295,23.9970209
國3,218.3,120.6504315,23.996127
國3,218.4,120.650623,23.99524162
國3,218.5,120.6508619,23.99436591
國3,218.6,120.6511273,23.99349661
國3,218.7,120.6514063,23.99263084
國3,218.8,120.6516852,23.99176506
國3,218.9,120.6519532,23.99089639
國3,219.0,120.6522003,23.99002258
國3,219.1,120.6524165,23.98914199
國3,219.2,120.6525942,23.98825412
國3,219.3,120.6527205,23.98735879
國3,219.4,120.6527945,23.98645854
國3,219.5,120.652821,23.98555609
國3,219.6,120.6527982,23.98465348
國3,219.7,120.6527273,23.98375296
國3,219.8,120.6526069,23.98285698
國3,219.9,120.6524387,23.98196749
國3,220.0,120.6522229,23.98108669
國3,220.1,120.6519595,23.98021692
國3,220.2,120.6516504,23.97935992
國3,220.3,120.6513078,23.97851374
國3,220.4,120.6509473,23.97767376
國3,220.5,120.6505769,23.97683742
國3,220.6,120.6502038,23.9760021
國3,220.7,120.6498368,23.97516453
國3,220.8,120.6494954,23.97431796
國3,220.9,120.6491922,23.97345924
國3,221.0,120.6489417,23.9725865
國3,221.1,120.6487555,23.97170017
國3,221.2,120.6486313,23.97080474
國3,221.3,120.6485739,23.96990363
國3,221.4,120.6485787,23.96900105
國3,221.5,120.6486485,23.96810056
國3,221.6,120.6487872,23.967207
國3,221.7,120.6489864,23.96632302
國3,221.8,120.649253,23.96545424
國3,221.9,120.6495817,23.96460362
國3,222.0,120.6499671,23.96377328
國3,222.1,120.6504162,23.96297031
國3,222.2,120.6509239,23.96219753
國3,222.3,120.651484,23.96145588
國3,222.4,120.6520952,23.96074916
國3,222.5,120.6527585,23.96008329
國3,222.6,120.6534671,23.95945817
國3,222.7,120.6542203,23.95887872
國3,222.8,120.6550134,23.95834609
國3,222.9,120.6558439,23.95786406
國3,223.0,120.6567048,23.95742912
國3,223.1,120.6575854,23.95702897
國3,223.2,120.6584805,23.9566567
國3,223.3,120.65938,23.95629352
國3,223.4,120.6602816,23.95593465
國3,223.5,120.6611767,23.95556248
國3,223.6,120.6620598,23.95516689
國3,223.7,120.6629234,23.95473685
國3,223.8,120.6637539,23.95425483
國3,223.9,120.664552,23.95372852
國3,224.0,120.6653157,23.95316104
國3,224.1,120.6660391,23.95255019
國3,224.2,120.6667221,23.95190162
國3,224.3,120.6673607,23.95121566
國3,224.4,120.6679561,23.95049762
國3,224.5,120.6684963,23.94974355
國3,224.6,120.6689905,23.94896334
國3,224.7,120.6694308,23.94815634
國3,224.8,120.6698346,23.94733331
國3,224.9,120.6702088,23.94649841
國3,225.0,120.6705734,23.94565995
國3,225.1,120.670938,23.9448215
國3,225.2,120.6713289,23.94399319
國3,225.3,120.6717579,23.94318105
國3,225.4,120.6722505,23.94240006
國3,225.5,120.6727963,23.94164943
國3,225.6,120.6734039,23.94094025
國3,225.7,120.6740584,23.94026717
國3,225.8,120.6747498,23.93962573
國3,225.9,120.6754622,23.93900403
國3,226.0,120.6761743,23.93838197
國3,226.1,120.6768759,23.93775007
國3,226.2,120.6775456,23.93708975
國3,226.3,120.6781598,23.93638524
國3,226.4,120.6787103,23.9356376
國3,226.5,120.6791884,23.93484919
國3,226.6,120.6795913,23.93402608
國3,226.7,120.6799282,23.93317822
國3,226.8,120.6801964,23.93230975
國3,226.9,120.6804192,23.93143043
國3,227.0,120.680613,23.93054529
國3,227.1,120.680793,23.92965763
國3,227.2,120.6809737,23.92877012
國3,227.3,120.6811782,23.927887
國3,227.4,120.6814216,23.9270123
國3,227.5,120.6817149,23.92615076
國3,227.6,120.6820789,23.92531237
國3,227.7,120.6825177,23.92450479
國3,227.8,120.683027,23.92373299
國3,227.9,120.683605,23.92300323
國3,228.0,120.6842481,23.92232129
國3,228.1,120.6849476,23.92168777
國3,228.2,120.6857041,23.92111227
國3,228.3,120.6865047,23.92058921
國3,228.4,120.687321,23.92008697
國3,228.5,120.6881291,23.91957398
國3,228.6,120.6889016,23.91901686
國3,228.7,120.6896214,23.91840297
國3,228.8,120.6902819,23.91773516
國3,228.9,120.6908839,23.917022
國3,229.0,120.691446,23.91628164
國3,229.1,120.6920087,23.91554161
國3,229.2,120.6926107,23.91482838
國3,229.3,120.6932718,23.91416108
國3,229.4,120.6939923,23.91354784
國3,229.5,120.6947635,23.91298906
國3,229.6,120.6955839,23.91249301
國3,229.7,120.6964446,23.91205825
國3,229.8,120.6973271,23.91166202
國3,229.9,120.698207,23.91126077
國3,230.0,120.699057,23.91080942
國3,230.1,120.6998598,23.91029004
國3,230.2,120.700601,23.90969826
國3,230.3,120.7012745,23.90904149
國3,230.4,120.7018694,23.90832356
國3,230.5,120.7023839,23.90755493
國3,230.6,120.7028163,23.90674469
國3,230.7,120.7031932,23.90591098
國3,230.8,120.7035718,23.90507792
國3,230.9,120.7039987,23.90426529
國3,231.0,120.7045089,23.90349439
國3,231.1,120.7051005,23.90277443
國3,231.2,120.7057648,23.90211022
國3,231.3,120.7064935,23.90150539
國3,231.4,120.7072409,23.90091973
國3,231.5,120.7079733,23.90031855
國3,231.6,120.7086482,23.89966327
國3,231.7,120.709247,23.89894829
國3,231.8,120.7097709,23.8981852
國3,231.9,120.7101994,23.89737329
國3,232.0,120.7105344,23.89652486
國3,232.1,120.7107821,23.89565164
國3,232.2,120.7109356,23.89476019
國3,232.3,120.7109909,23.89385915
國3,232.4,120.7109572,23.89295728
國3,232.5,120.7108299,23.89206247
國3,232.6,120.7106225,23.89118008
國3,232.7,120.7103959,23.8903015
國3,232.8,120.7101814,23.88942044
國3,232.9,120.7100188,23.88853007
國3,233.0,120.7099226,23.8876316
國3,233.1,120.7098689,23.88673004
國3,233.2,120.7098242,23.88582805
國3,233.3,120.7097579,23.88492729
國3,233.4,120.7096481,23.88403027
國3,233.5,120.7094829,23.88314035
國3,233.6,120.7092622,23.88226079
國3,233.7,120.7090017,23.88139032
國3,233.8,120.7087125,23.88052747
國3,233.9,120.708413,23.87966757
國3,234.0,120.7081135,23.87880768
國3,234.1,120.707814,23.87794779
國3,234.2,120.7075145,23.87708789
國3,234.3,120.7072149,23.876228
國3,234.4,120.7069155,23.8753681
國3,234.5,120.706616,23.87450821
國3,234.6,120.7063165,23.87364831
國3,234.7,120.706017,23.87278841
國3,234.8,120.7057175,23.87192852
國3,234.9,120.705418,23.87106862
國3,235.0,120.7051185,23.87020872
國3,235.1,120.7048191,23.86934882
國3,235.2,120.7045196,23.86848892
國3,235.3,120.7042201,23.86762902
國3,235.4,120.7039207,23.86676912
國3,235.5,120.7036253,23.86590815
國3,235.6,120.7033331,23.86504634
國3,235.7,120.7030586,23.8641796
國3,235.8,120.7027966,23.86330966
國3,235.9,120.7025606,23.86243338
國3,236.0,120.7023466,23.86155236
國3,236.1,120.7021669,23.86066486
國3,236.2,120.7020264,23.85977143
國3,236.3,120.7019251,23.85887354
國3,236.4,120.7018692,23.85797228
國3,236.5,120.7018607,23.85706958
國3,236.6,120.7018943,23.85616745
國3,236.7,120.7019716,23.85526755
國3,236.8,120.7020949,23.85437199
國3,236.9,120.7022618,23.85348248
國3,237.0,120.7024701,23.85260039
國3,237.1,120.7027248,23.85172866
國3,237.2,120.7030189,23.85086752
國3,237.3,120.703335,23.85001298
國3,237.4,120.7036554,23.84915978
國3,237.5,120.7039641,23.84830304
國3,237.6,120.7042394,23.84743668
國3,237.7,120.7044647,23.84655838
國3,237.8,120.7046426,23.84567082
國3,237.9,120.7047741,23.84477632
國3,238.0,120.7048768,23.84387846
國3,238.1,120.7049806,23.84298069
國3,238.2,120.705117,23.84208668
國3,238.3,120.7053113,23.84120183
國3,238.4,120.705576,23.84033258
國3,238.5,120.7059052,23.83948218
國3,238.6,120.706278,23.83864701
國3,238.7,120.7066618,23.83781596
國3,238.8,120.7070302,23.83697908
國3,238.9,120.7073709,23.83613241
國3,239.0,120.7076633,23.83527061
國3,239.1,120.7079106,23.8343969
國3,239.2,120.7081114,23.83351319
國3,239.3,120.7082607,23.83262094
國3,239.4,120.7083635,23.83172315
國3,239.5,120.7084186,23.8308218
國3,239.6,120.708422,23.82991902
國3,239.7,120.7083755,23.82901728
國3,239.8,120.7082818,23.82811867
國3,239.9,120.7081388,23.82722557
國3,240.0,120.7079497,23.8263397
國3,240.1,120.7077137,23.82546347
國3,240.2,120.7074238,23.82460095
國3,240.3,120.7070935,23.82375077
國3,240.4,120.7067167,23.82291709
國3,240.5,120.7062919,23.82210323
國3,240.6,120.7058257,23.82130878
國3,240.7,120.705316,23.82053729
國3,240.8,120.7047658,23.81978958
國3,240.9,120.7041733,23.81906985
國3,241.0,120.7035467,23.81837503
國3,241.1,120.7028994,23.81769641
國3,241.2,120.7022385,23.81702896
國3,241.3,120.7015744,23.81636418
國3,241.4,120.7009216,23.81569011
國3,241.5,120.7002898,23.81499933
國3,241.6,120.6996929,23.81428279
國3,241.7,120.6991485,23.81353171
國3,241.8,120.6986618,23.81274806
國3,241.9,120.698251,23.81192838
國3,242.0,120.6979128,23.8110812
國3,242.1,120.6976563,23.81020992
國3,242.2,120.6974776,23.80932233
國3,242.3,120.6973801,23.80842422
國3,242.4,120.6973634,23.80752167
國3,242.5,120.6974285,23.80662116
國3,242.6,120.6975762,23.80572888
國3,242.7,120.6978048,23.80485105
國3,242.8,120.6981079,23.80399248
國3,242.9,120.6984626,23.80315071
國3,243.0,120.69885,23.80232113
國3,243.1,120.6992423,23.80149348
國3,243.2,120.6996347,23.80066584
國3,243.3,120.700027,23.79983819
國3,243.4,120.7004194,23.79901054
國3,243.5,120.7008117,23.7981829
國3,243.6,120.7012041,23.79735525
國3,243.7,120.7015964,23.7965276
國3,243.8,120.7019887,23.79569995
國3,243.9,120.7023811,23.79487229
國3,244.0,120.7027734,23.79404464
國3,244.1,120.7031621,23.79321555
國3,244.2,120.7035456,23.79238443
國3,244.3,120.7038902,23.79153911
國3,244.4,120.7041729,23.79067477
國3,244.5,120.7043801,23.78979256
國3,244.6,120.7045077,23.78889764
國3,244.7,120.7045511,23.7879959
國3,244.8,120.7045152,23.78709377
國3,244.9,120.7043968,23.78619769
國3,245.0,120.7041956,23.78531432
國3,245.1,120.7039178,23.78444874
國3,245.2,120.7035629,23.78360744
國3,245.3,120.703132,23.78279658
國3,245.4,120.7026309,23.78202064
國3,245.5,120.7020572,23.78128856
國3,245.6,120.7014235,23.78059973
國3,245.7,120.7007277,23.7799637
國3,245.8,120.6999764,23.77938335
國3,245.9,120.6991757,23.77886233
國3,246.0,120.6983303,23.77840476
國3,246.1,120.6974483,23.77801006
國3,246.2,120.6965314,23.77768986
國3,246.3,120.6955903,23.77743601
國3,246.4,120.6946287,23.77725759
國3,246.5,120.6936543,23.77715376
國3,246.6,120.692674,23.77712786
國3,246.7,120.6916939,23.77716556
國3,246.8,120.6907175,23.77725229
國3,246.9,120.6897442,23.77736683
國3,247.0,120.6887714,23.7774847
國3,247.1,120.6877987,23.77760257
國3,247.2,120.6868259,23.77772043
國3,247.3,120.6858531,23.77783828
國3,247.4,120.6848803,23.77795613
國3,247.5,120.6839075,23.77807397
國3,247.6,120.6829347,23.77819181
國3,247.7,120.6819619,23.77830964
國3,247.8,120.6809883,23.77841949
國3,247.9,120.6800124,23.7785097
國3,248.0,120.679033,23.77855723
國3,248.1,120.6780522,23.77856394
國3,248.2,120.6770723,23.77852369
國3,248.3,120.6760953,23.77844414
國3,248.4,120.6751235,23.77832189
國3,248.5,120.6741603,23.77815182
國3,248.6,120.6732064,23.77794209
國3,248.7,120.6722638,23.77769249
國3,248.8,120.6713349,23.77740274
國3,248.9,120.6704231,23.77707023
國3,249.0,120.6695306,23.77669607
國3,249.1,120.6686466,23.77630474
國3,249.2,120.6677472,23.77594455
國3,249.3,120.6668328,23.77561778
國3,249.4,120.6659009,23.77533574
國3,249.5,120.6649553,23.77509554
國3,249.6,120.6639981,23.77489765
國3,249.7,120.6630323,23.77473947
國3,249.8,120.6620597,23.77462158
國3,249.9,120.6610816,23.77455208
國3,250.0,120.660101,23.77452138
國3,250.1,120.6591201,23.77450243
國3,250.2,120.6581391,23.77448348
國3,250.3,120.6571582,23.77446451
國3,250.4,120.6561773,23.77444555
國3,250.5,120.6551962,23.77443075
國3,250.6,120.6542152,23.77441898
國3,250.7,120.6532342,23.77440153
國3,250.8,120.6522534,23.77437929
國3,250.9,120.6512725,23.77435704
國3,251.0,120.6502916,23.7743372
國3,251.1,120.6493106,23.77431826
國3,251.2,120.6483297,23.77429931
國3,251.3,120.6473488,23.77428035
國3,251.4,120.6463678,23.77426139
國3,251.5,120.6453869,23.77424242
國3,251.6,120.644406,23.77422345
國3,251.7,120.643425,23.77420447
國3,251.8,120.6424441,23.77418548
國3,251.9,120.6414632,23.77416649
國3,252.0,120.6404822,23.77414749
國3,252.1,120.6395013,23.77412848
國3,252.2,120.6385204,23.77410947
國3,252.3,120.6375394,23.77409045
國3,252.4,120.6365585,23.77407143
國3,252.5,120.6355776,23.7740524
國3,252.6,120.6345965,23.77404398
國3,252.7,120.6336157,23.77406112
國3,252.8,120.6326366,23.77411705
國3,252.9,120.6316624,23.77422286
國3,253.0,120.6306933,23.77436301
國3,253.1,120.6297343,23.77455297
國3,253.2,120.6287859,23.77478399
國3,253.3,120.6278435,23.77503518
國3,253.4,120.6269035,23.77529377
國3,253.5,120.6259625,23.77554954
國3,253.6,120.625015,23.77578364
國3,253.7,120.624061,23.77599419
國3,253.8,120.6230964,23.77615853
國3,253.9,120.6221227,23.77626784
國3,254.0,120.6211431,23.77631466
國3,254.1,120.6201624,23.77630178
國3,254.2,120.6191851,23.77622546
國3,254.3,120.6182145,23.77609496
國3,254.4,120.6172564,23.77590201
國3,254.5,120.6163141,23.77565158
國3,254.6,120.6153914,23.77534472
國3,254.7,120.6144926,23.77498455
國3,254.8,120.6136268,23.77456176
國3,254.9,120.6127841,23.77410057
國3,255.0,120.6119827,23.77357997
國3,255.1,120.6112207,23.77301145
國3,255.2,120.6104984,23.77240064
國3,255.3,120.6098229,23.77174599
國3,255.4,120.6091991,23.77104935
國3,255.5,120.6086221,23.7703193
國3,255.6,120.608105,23.76955214
國3,255.7,120.6076419,23.7687564
國3,255.8,120.6072382,23.76793378
國3,255.9,120.6068909,23.76708944
國3,256.0,120.6065901,23.76623011
國3,256.1,120.6063225,23.76536137
國3,256.2,120.6060693,23.76448902
國3,256.3,120.6058168,23.76361647
國3,256.4,120.6055584,23.76274547
國3,256.5,120.6052665,23.76188353
國3,256.6,120.6049308,23.76103534
國3,256.7,120.6045461,23.76020496
國3,256.8,120.6041082,23.75939716
國3,256.9,120.6036264,23.75861084
國3,257.0,120.6030948,23.75785226
國3,257.1,120.6025192,23.75712131
國3,257.2,120.6019023,23.75641941
國3,257.3,120.601244,23.75575007
國3,257.4,120.6005428,23.75511884
國3,257.5,120.599809,23.7545198
國3,257.6,120.5990535,23.75394392
國3,257.7,120.5982921,23.75337454
國3,257.8,120.5975308,23.75280516
國3,257.9,120.5967836,23.75222009
國3,258.0,120.5960704,23.75160039
國3,258.1,120.5953978,23.75094355
國3,258.2,120.5947733,23.75024752
國3,258.3,120.5942006,23.74951463
國3,258.4,120.5936855,23.74874653
國3,258.5,120.5932269,23.74794855
國3,258.6,120.5928308,23.74712274
國3,258.7,120.5924808,23.74627944
國3,258.8,120.5922071,23.74541258
國3,258.9,120.5919852,23.74453363
國3,259.0,120.5918211,23.74364419
國3,259.1,120.5917352,23.74274488
國3,259.2,120.5917139,23.74184232
國3,259.3,120.5917568,23.74094042
國3,259.4,120.5918645,23.7400431
國3,259.5,120.592042,23.73915517
國3,259.6,120.5922779,23.73827889
國3,259.7,120.592579,23.73741978
國3,259.8,120.592939,23.73658003
國3,259.9,120.5933613,23.73576535
國3,260.0,120.5938379,23.73497649
國3,260.1,120.5943633,23.73421428
國3,260.2,120.5949165,23.7334689
國3,260.3,120.5954791,23.73272937
國3,260.4,120.5960452,23.73199215
國3,260.5,120.5966114,23.73125493
國3,260.6,120.5971775,23.73051771
國3,260.7,120.5977513,23.72978646
國3,260.8,120.5983181,23.72904956
國3,260.9,120.5988848,23.72831265
國3,261.0,120.5994515,23.72757574
國3,261.1,120.6000182,23.72683883
國3,261.2,120.600581,23.72609942
國3,261.3,120.6011229,23.72534711
國3,261.4,120.6016308,23.72457507
國3,261.5,120.6020901,23.72377852
國3,261.6,120.6024923,23.72295554
國3,261.7,120.6028298,23.72210835
國3,261.8,120.6031029,23.72124172
國3,261.9,120.6033153,23.72036076
國3,262.0,120.603461,23.71946819
國3,262.1,120.603541,23.71856854
國3,262.2,120.6035564,23.71766597
國3,262.3,120.6035073,23.71676431
國3,262.4,120.6034005,23.71586684
國3,262.5,120.6032557,23.7149738
國3,262.6,120.6030961,23.71408294
國3,262.7,120.6029385,23.71319179
國3,262.8,120.6028175,23.7122959
國3,262.9,120.6027532,23.71139516
國3,263.0,120.6027555,23.71049258
國3,263.1,120.6028165,23.70959161
國3,263.2,120.602925,23.70869431
國3,263.3,120.6030454,23.70779823
國3,263.4,120.6031614,23.70690167
國3,263.5,120.6032559,23.70600298
國3,263.6,120.6033088,23.70510141
國3,263.7,120.6033128,23.70419854
國3,263.8,120.6032672,23.70329667
國3,263.9,120.6031751,23.70239785
國3,264.0,120.6030352,23.7015042
國3,264.1,120.6028432,23.70061882
國3,264.2,120.6026054,23.69974298
國3,264.3,120.6023186,23.69887965
國3,264.4,120.6019884,23.69802959
國3,264.5,120.6016111,23.69719632
國3,264.6,120.6011893,23.69638135
國3,264.7,120.6007235,23.69558695
國3,264.8,120.6002172,23.69481377
國3,264.9,120.5996652,23.69406764
國3,265.0,120.5990769,23.69334538
國3,265.1,120.598456,23.69264667
國3,265.2,120.5978177,23.6919613
國3,265.3,120.5971735,23.69128065
國3,265.4,120.5965332,23.6905968
國3,265.5,120.5959053,23.68990327
國3,265.6,120.5953042,23.68919007
國3,265.7,120.5947335,23.68845596
國3,265.8,120.5941911,23.68770379
國3,265.9,120.5936851,23.68693047
國3,266.0,120.5932123,23.6861395
國3,266.1,120.592775,23.68533141
國3,266.2,120.5923734,23.68450776
國3,266.3,120.5919908,23.68367646
國3,266.4,120.5916149,23.68284252
國3,266.5,120.591239,23.68200858
國3,266.6,120.5908498,23.68117992
國3,266.7,120.5904196,23.68036869
國3,266.8,120.5899475,23.67957756
國3,266.9,120.589416,23.67881915
國3,267.0,120.5888341,23.67809264
國3,267.1,120.5882,23.67740419
國3,267.2,120.5875177,23.6767561
國3,267.3,120.5867892,23.67615204
國3,267.4,120.5860187,23.67559406
國3,267.5,120.5852197,23.67507098
國3,267.6,120.5843985,23.67457786
國3,267.7,120.5835703,23.67409455
國3,267.8,120.5827406,23.67361361
國3,267.9,120.5819108,23.67313268
國3,268.0,120.5810958,23.67263083
國3,268.1,120.5802975,23.67210685
國3,268.2,120.5795205,23.67155644
國3,268.3,120.5787714,23.67097407
國3,268.4,120.5780617,23.67035138
國3,268.5,120.5773818,23.66970103
國3,268.6,120.5767362,23.66902177
國3,268.7,120.5761284,23.66831352
國3,268.8,120.5755612,23.66757713
國3,268.9,120.5750358,23.6668149
國3,269.0,120.5745529,23.66602921
國3,269.1,120.5741138,23.66522205
國3,269.2,120.573716,23.6643969
國3,269.3,120.5733623,23.66355497
國3,269.4,120.5730589,23.66269661
國3,269.5,120.5728026,23.66182531
國3,269.6,120.572592,23.66094366
國3,269.7,120.5724289,23.66005355
國3,269.8,120.5723161,23.65915688
國3,269.9,120.5722517,23.65825604
國3,270.0,120.5722329,23.65735338
國3,270.1,120.5722608,23.65645084
國3,270.2,120.572323,23.65554977
國3,270.3,120.5723975,23.65464941
國3,270.4,120.5724902,23.65375048
國3,270.5,120.5725828,23.65285155
國3,270.6,120.5726755,23.65195262
國3,270.7,120.5727612,23.65105312
國3,270.8,120.5728376,23.65015292
國3,270.9,120.5728981,23.64925167
國3,271.0,120.5729385,23.64834952
國3,271.1,120.5729524,23.64744668
國3,271.2,120.5729451,23.64654377
國3,271.3,120.5729159,23.64564123
國3,271.4,120.5728628,23.64473962
國3,271.5,120.5727875,23.64383934
國3,271.6,120.572688,23.64294107
國3,271.7,120.5725686,23.64204485
國3,271.8,120.5724261,23.64115153
國3,271.9,120.5722603,23.6402616
國3,272.0,120.5720719,23.63937554
國3,272.1,120.5718605,23.63849391
國3,272.2,120.5716288,23.63761662
國3,272.3,120.5713721,23.63674525
國3,272.4,120.571093,23.63587978
國3,272.5,120.5707919,23.6350206
國3,272.6,120.5704716,23.63416737
國3,272.7,120.5701272,23.63332211
國3,272.8,120.5697631,23.63248389
國3,272.9,120.5693803,23.6316527
國3,273.0,120.5689758,23.63083025
國3,273.1,120.5685488,23.63001765
國3,273.2,120.5681047,23.62921274
國3,273.3,120.5676357,23.6284199
國3,273.4,120.5671465,23.62763756
國3,273.5,120.5666408,23.62686415
國3,273.6,120.5661175,23.62610072
國3,273.7,120.5655697,23.625352
國3,273.8,120.565003,23.62461538
國3,273.9,120.5644218,23.62388841
國3,274.0,120.5638212,23.62317496
國3,274.1,120.5631985,23.62247789
國3,274.2,120.5625589,23.62179387
國3,274.3,120.5619059,23.62112078
國3,274.4,120.5612319,23.6204654
國3,274.5,120.5605422,23.61982395
國3,274.6,120.5598334,23.6192004
國3,274.7,120.5591127,23.61858874
國3,274.8,120.5583773,23.61799199
國3,274.9,120.5576254,23.61741306
國3,275.0,120.5568557,23.61685451
國3,275.1,120.5560729,23.61631152
國3,275.2,120.5552804,23.61578074
國3,275.3,120.5544719,23.61527057
國3,275.4,120.5536515,23.61477664
國3,275.5,120.5528161,23.61430469
國3,275.6,120.5519699,23.61384946
國3,275.7,120.5511115,23.61341419
國3,275.8,120.5502423,23.6129975
國3,275.9,120.5493636,23.61259821
國3,276.0,120.5484754,23.61221723
國3,276.1,120.5475764,23.61185812
國3,276.2,120.5466688,23.61151799
國3,276.3,120.5457525,23.61119826
國3,276.4,120.5448287,23.61089749
國3,276.5,120.5438976,23.61061659
國3,276.6,120.5429621,23.61034816
國3,276.7,120.5420245,23.61008636
國3,276.8,120.5410837,23.60983394
國3,276.9,120.5401434,23.6095802
國3,277.0,120.5392045,23.60932216
國3,277.1,120.5382676,23.60905777
國3,277.2,120.5373348,23.60878185
國3,277.3,120.53641,23.6084838
國3,277.4,120.535496,23.60815877
國3,277.5,120.5345948,23.60780455
國3,277.6,120.5337129,23.60741141
國3,277.7,120.5328536,23.6069779
國3,277.8,120.5320196,23.60650425
國3,277.9,120.5312128,23.60599236
國3,278.0,120.5304328,23.60544622
國3,278.1,120.5296827,23.6048657
國3,278.2,120.5289664,23.60424984
國3,278.3,120.5282833,23.60360279
國3,278.4,120.527638,23.60292365
國3,278.5,120.5270274,23.6022177
國3,278.6,120.5264588,23.60148259
國3,278.7,120.5259223,23.60072719
國3,278.8,120.5254169,23.59995379
國3,278.9,120.5249401,23.59916501
國3,279.0,120.5244791,23.59836832
國3,279.1,120.5240308,23.59756539
國3,279.2,120.5235897,23.59675911
國3,279.3,120.5231486,23.59595283
國3,279.4,120.5227075,23.59514655
國3,279.5,120.5222585,23.59434404
國3,279.6,120.5217906,23.59355069
國3,279.7,120.5213003,23.59276901
國3,279.8,120.5207798,23.59200407
國3,279.9,120.5202357,23.59125325
國3,280.0,120.5196646,23.59051962
國3,280.1,120.5190681,23.58980345
國3,280.2,120.5184442,23.5891073
國3,280.3,120.5177976,23.58842901
國3,280.4,120.5171303,23.58776785
國3,280.5,120.5164509,23.58711727
國3,280.6,120.5157618,23.58647541
國3,280.7,120.5150727,23.58583355
國3,280.8,120.5143836,23.58519169
國3,280.9,120.5137012,23.58454376
國3,281.0,120.5130275,23.58388827
國3,281.1,120.5123701,23.58321877
國3,281.2,120.5117337,23.58253237
國3,281.3,120.5111248,23.58182503
國3,281.4,120.5105416,23.58109971
國3,281.5,120.5099824,23.58035843
國3,281.6,120.5094519,23.5795995
國3,281.7,120.5089479,23.57882542
國3,281.8,120.5084749,23.57803487
國3,281.9,120.508026,23.57723247
國3,282.0,120.5076097,23.57641528
國3,282.1,120.5072231,23.57558579
國3,282.2,120.5068659,23.57474513
國3,282.3,120.5065406,23.57389361
國3,282.4,120.5062465,23.5730325
國3,282.5,120.5059859,23.57216218
國3,282.6,120.5057505,23.57128577
國3,282.7,120.5055502,23.57040193
國3,282.8,120.5053804,23.56951273
國3,282.9,120.5052439,23.56861866
國3,283.0,120.5051409,23.56772079
國3,283.1,120.5050701,23.5668203
國3,283.2,120.505027,23.56591826
國3,283.3,120.5050038,23.56501555
國3,283.4,120.5050002,23.56411258
國3,283.5,120.5049966,23.56320962
國3,283.6,120.5049997,23.56230665
國3,283.7,120.5050029,23.56140368
國3,283.8,120.505006,23.56050071
國3,283.9,120.5050091,23.55959774
國3,284.0,120.5050123,23.55869477
國3,284.1,120.5050154,23.5577918
國3,284.2,120.5050185,23.55688883
國3,284.3,120.5050217,23.55598586
國3,284.4,120.5050248,23.55508289
國3,284.5,120.5050279,23.55417992
國3,284.6,120.5050266,23.55327709
國3,284.7,120.5050002,23.5523749
國3,284.8,120.5049203,23.55147538
國3,284.9,120.5047875,23.55058108
國3,285.0,120.504598,23.54969549
國3,285.1,120.5043528,23.54882147
國3,285.2,120.5040459,23.54796414
國3,285.3,120.5036929,23.54712203
國3,285.4,120.5032838,23.54630188
國3,285.5,120.5028228,23.54550536
國3,285.6,120.5023099,23.54473656
國3,285.7,120.5017545,23.54399321
國3,285.8,120.5011488,23.54328393
國3,285.9,120.5004991,23.54260867
國3,286.0,120.4998086,23.54196871
國3,286.1,120.4990764,23.54136941
國3,286.2,120.4983122,23.54080508
國3,286.3,120.4975257,23.54026726
國3,286.4,120.4967355,23.53973403
國3,286.5,120.4959452,23.53920079
國3,286.6,120.4951656,23.53865439
國3,286.7,120.4943999,23.53809148
國3,286.8,120.4936592,23.53750087
國3,286.9,120.492941,23.5368872
國3,287.0,120.492247,23.53625019
國3,287.1,120.4915773,23.53559147
國3,287.2,120.4909336,23.53491113
國3,287.3,120.4903199,23.53420774
國3,287.4,120.489731,23.53348657
國3,287.5,120.4891684,23.53274782
國3,287.6,120.4886384,23.53198876
國3,287.7,120.4881379,23.53121286
國3,287.8,120.4876666,23.5304216
國3,287.9,120.4872273,23.52961471
國3,288.0,120.4868191,23.52879404
國3,288.1,120.4864382,23.52796231
國3,288.2,120.4860976,23.52711574
國3,288.3,120.4857947,23.52625717
國3,288.4,120.4855291,23.52538819
國3,288.5,120.485298,23.52451084
國3,288.6,120.4851069,23.52362535
國3,288.7,120.4849544,23.52273341
國3,288.8,120.4848428,23.52183641
國3,288.9,120.4847672,23.5209362
國3,289.0,120.4847338,23.52003385
國3,289.1,120.4847361,23.51913092
國3,289.2,120.4847814,23.51822898
國3,289.3,120.4848613,23.5173291
國3,289.4,120.4849815,23.51643304
國3,289.5,120.4851425,23.51554239
國3,289.6,120.4853401,23.5146581
國3,289.7,120.4855754,23.51378166
國3,289.8,120.4858518,23.51291552
國3,289.9,120.4861616,23.51205904
國3,290.0,120.4865109,23.51121553
國3,290.1,120.4868955,23.51038522
國3,290.2,120.4873194,23.50957141
國3,290.3,120.487769,23.50876944
國3,290.4,120.4882496,23.5079828
國3,290.5,120.4887459,23.50720445
國3,290.6,120.4892573,23.50643445
國3,290.7,120.4897766,23.50566902
國3,290.8,120.4902959,23.50490358
國3,290.9,120.4908126,23.50413667
國3,291.0,120.4913091,23.50335858
國3,291.1,120.4917747,23.5025645
國3,291.2,120.4921985,23.50175075
國3,291.3,120.4925843,23.50092108
國3,291.4,120.4929246,23.50007456
國3,291.5,120.4932171,23.49921302
國3,291.6,120.4934659,23.49833998
國3,291.7,120.4936729,23.49745768
國3,291.8,120.4938429,23.49656859
國3,291.9,120.493984,23.49567512
國3,292.0,120.4941164,23.49478051
國3,292.1,120.4942488,23.49388591
國3,292.2,120.494391,23.49299262
國3,292.3,120.4945645,23.49210406
國3,292.4,120.4947759,23.49122254
國3,292.5,120.495037,23.49035246
國3,292.6,120.4953383,23.48949353
國3,292.7,120.4956877,23.48865022
國3,292.8,120.4960754,23.48782126
國3,292.9,120.4965001,23.48700777
國3,293.0,120.4969428,23.48620254
國3,293.1,120.4973898,23.48539928
國3,293.2,120.4978369,23.48459602
國3,293.3,120.4982714,23.48378697
國3,293.4,120.4986783,23.48296585
國3,293.5,120.4990455,23.48212885
國3,293.6,120.4993707,23.48127727
國3,293.7,120.4996518,23.48041245
國3,293.8,120.4998922,23.47953727
國3,293.9,120.5000906,23.47865315
國3,294.0,120.5002475,23.47776196
國3,294.1,120.5003524,23.47686427
國3,294.2,120.5004206,23.47596362
國3,294.3,120.5004403,23.475061
國3,294.4,120.5004176,23.4741584
國3,294.5,120.500345,23.47325807
國3,294.6,120.5002332,23.47236116
國3,294.7,120.5000798,23.4714695
國3,294.8,120.4998777,23.47058611
國3,294.9,120.499634,23.46971171
國3,295.0,120.4993448,23.46884922
國3,295.1,120.4990152,23.4679992
國3,295.2,120.4986464,23.46716294
國3,295.3,120.4982352,23.46634362
國3,295.4,120.4977863,23.46554136
國3,295.5,120.4972956,23.46476006
國3,295.6,120.4967651,23.46400136
國3,295.7,120.4962016,23.46326315
國3,295.8,120.4956004,23.46255072
國3,295.9,120.4949687,23.46186105
國3,296.0,120.4943119,23.46119159
國3,296.1,120.4936324,23.46054171
國3,296.2,120.4929392,23.45990433
國3,296.3,120.4922342,23.45927798
國3,296.4,120.4915269,23.45865394
國3,296.5,120.4908196,23.45802989
國3,296.6,120.4901122,23.45740583
國3,296.7,120.4894187,23.45676876
國3,296.8,120.4887463,23.45611273
國3,296.9,120.4881028,23.45543246
國3,297.0,120.4874926,23.45472652
國3,297.1,120.4869123,23.4539994
國3,297.2,120.4863647,23.45325111
國3,297.3,120.4858532,23.45248128
國3,297.4,120.4853713,23.45169545
國3,297.5,120.4849251,23.45089183
國3,297.6,120.4845135,23.45007268
國3,297.7,120.4841308,23.44924167
國3,297.8,120.4837699,23.44840234
國3,297.9,120.4834267,23.44755675
國3,298.0,120.4830834,23.44671116
國3,298.1,120.4827402,23.44586557
國3,298.2,120.48239,23.44502243
國3,298.3,120.4820339,23.44418139
國3,298.4,120.4816543,23.44334918
國3,298.5,120.481244,23.44252942
國3,298.6,120.4808123,23.44171922
國3,298.7,120.4803486,23.44092415
國3,298.8,120.4798557,23.44014413
國3,298.9,120.4793358,23.43937918
國3,299.0,120.4787875,23.43863128
國3,299.1,120.4782132,23.43790024
國3,299.2,120.4776129,23.43718715
國3,299.3,120.4769876,23.43649265
國3,299.4,120.4763367,23.43581843
國3,299.5,120.4756627,23.43516387
國3,299.6,120.4749661,23.4345297
國3,299.7,120.4742489,23.43391538
國3,299.8,120.4735211,23.4333118
國3,299.9,120.4727848,23.43271715
國3,300.0,120.4720468,23.43212417
國3,300.1,120.4713088,23.4315312
國3,300.2,120.4705766,23.43093218
國3,300.3,120.4698575,23.43031984
國3,300.4,120.4691615,23.42968509
國3,300.5,120.4684944,23.42902458
國3,300.6,120.4678598,23.42833745
國3,300.7,120.4672585,23.42762535
國3,300.8,120.4666912,23.4268899
國3,300.9,120.4661581,23.426133
國3,301.0,120.4656638,23.42535391
國3,301.1,120.4652,23.42455899
國3,301.2,120.4647561,23.42375453
國3,301.3,120.4643236,23.42294467
國3,301.4,120.4638911,23.42213481
國3,301.5,120.4634531,23.42132747
國3,301.6,120.4630012,23.42052664
國3,301.7,120.462525,23.41973796
國3,301.8,120.4620122,23.41896913
國3,301.9,120.4614525,23.41822859
國3,302.0,120.4608555,23.41751347
國3,302.1,120.4602171,23.41682941
國3,302.2,120.4595413,23.41617665
國3,302.3,120.4588287,23.41555816
國3,302.4,120.4580814,23.4149756
國3,302.5,120.4573027,23.4144292
國3,302.6,120.4564931,23.41392235
國3,302.7,120.4556568,23.41345394
國3,302.8,120.4547938,23.4130288
國3,302.9,120.4539077,23.41264608
國3,303.0,120.4530017,23.4123057
國3,303.1,120.4520762,23.41201334
國3,303.2,120.4511368,23.41176213
國3,303.3,120.4501865,23.41154826
國3,303.4,120.4492286,23.41136598
國3,303.5,120.4482667,23.41120151
國3,303.6,120.4473048,23.41103703
國3,303.7,120.4463431,23.41087143
國3,303.8,120.4453836,23.41069464
國3,303.9,120.4444308,23.4104894
國3,304.0,120.4434885,23.41024681
國3,304.1,120.442562,23.40995711
國3,304.2,120.4416536,23.40962228
國3,304.3,120.4407681,23.40923868
國3,304.4,120.4399062,23.40881175
國3,304.5,120.4390739,23.40833738
國3,304.6,120.4382729,23.40781915
國3,304.7,120.4375036,23.40726148
國3,304.8,120.4367711,23.40666337
國3,304.9,120.4360776,23.40602672
國3,305.0,120.4354221,23.40535653
國3,305.1,120.4348117,23.40465113
國3,305.2,120.4342411,23.40391782
國3,305.3,120.4337179,23.40315495
國3,305.4,120.4332341,23.40237027
國3,305.5,120.4327902,23.40156571
國3,305.6,120.4323834,23.40074463
國3,305.7,120.4320127,23.39990904
國3,305.8,120.4316759,23.39906137
國3,305.9,120.4313702,23.39820368
國3,306.0,120.4310927,23.39733785
國3,306.1,120.4308356,23.3964666
國3,306.2,120.4306067,23.39558868
國3,306.3,120.4304045,23.39470524
國3,306.4,120.4302299,23.39381682
國3,306.5,120.4300805,23.39292455
國3,306.6,120.4299535,23.3920293
國3,306.7,120.4298537,23.39113109
國3,306.8,120.4297816,23.39023061
國3,306.9,120.4297351,23.38932865
國3,307.0,120.4297133,23.38842596
國3,307.1,120.429722,23.38752309
國3,307.2,120.4297505,23.38662056
國3,307.3,120.4298089,23.38571929
國3,307.4,120.4298901,23.38481947
國3,307.5,120.4300005,23.38392231
國3,307.6,120.4301352,23.383028
國3,307.7,120.430294,23.38213703
國3,307.8,120.4304748,23.38124966
國3,307.9,120.4306767,23.38036616
國3,308.0,120.4308935,23.37948567
國3,308.1,120.4311263,23.37860865
國3,308.2,120.4313702,23.37773419
國3,308.3,120.4316226,23.37686182
國3,308.4,120.4318822,23.3759912
國3,308.5,120.4321477,23.37512212
國3,308.6,120.4324155,23.37425361
國3,308.7,120.4326832,23.37338511
國3,308.8,120.432951,23.3725166
國3,308.9,120.4332187,23.37164809
國3,309.0,120.4334864,23.37077958
國3,309.1,120.4337542,23.36991107
國3,309.2,120.4340219,23.36904256
國3,309.3,120.4342896,23.36817405
國3,309.4,120.4345573,23.36730554
國3,309.5,120.434825,23.36643703
國3,309.6,120.4350928,23.36556851
國3,309.7,120.4353605,23.3647
國3,309.8,120.4356282,23.36383149
國3,309.9,120.4358959,23.36296297
國3,310.0,120.4361636,23.36209446
國3,310.1,120.4364312,23.36122594
國3,310.2,120.4366989,23.36035743
國3,310.3,120.4369653,23.35948861
國3,310.4,120.4372315,23.35861975
國3,310.5,120.4374976,23.35775088
國3,310.6,120.4377637,23.35688202
國3,310.7,120.4380271,23.35601243
國3,310.8,120.4382814,23.35514053
國3,310.9,120.4385196,23.35426473
國3,311.0,120.4387423,23.3533855
國3,311.1,120.4389432,23.35250182
國3,311.2,120.4391197,23.35161373
國3,311.3,120.439264,23.35072072
國3,311.4,120.439373,23.34982347
國3,311.5,120.439442,23.34892293
國3,311.6,120.439467,23.34802041
國3,311.7,120.4394474,23.34711778
國3,311.8,120.4393721,23.34621765
國3,311.9,120.4392464,23.34532232
國3,312.0,120.4390715,23.34443402
國3,312.1,120.4388495,23.3435548
國3,312.2,120.4385731,23.34268879
國3,312.3,120.4382532,23.34183557
國3,312.4,120.4378953,23.34099532
國3,312.5,120.4375072,23.34016659
國3,312.6,120.4370966,23.33934707
國3,312.7,120.4366669,23.33853596
國3,312.8,120.4362248,23.33773053
國3,312.9,120.4357816,23.33692563
國3,313.0,120.4353384,23.33612074
國3,313.1,120.4348952,23.33531584
國3,313.2,120.4344614,23.3345066
國3,313.3,120.4340304,23.33369602
國3,313.4,120.4336179,23.33287733
國3,313.5,120.4332162,23.33205412
國3,313.6,120.4328318,23.33122395
國3,313.7,120.4324633,23.33038758
國3,313.8,120.4321133,23.32954448
國3,313.9,120.4317746,23.3286974
國3,314.0,120.4314579,23.32784314
國3,314.1,120.4311587,23.32698356
國3,314.2,120.4308707,23.32612066
國3,314.3,120.4306033,23.32525211
國3,314.4,120.4303521,23.32437943
國3,314.5,120.4301178,23.32350278
國3,314.6,120.4298969,23.32262312
國3,314.7,120.4296871,23.32174118
國3,314.8,120.42948,23.32085867
國3,314.9,120.429273,23.31997615
國3,315.0,120.4290659,23.31909363
國3,315.1,120.4288522,23.3182125
國3,315.2,120.4286306,23.31733301
國3,315.3,120.4283887,23.31645815
國3,315.4,120.4281238,23.31558902
國3,315.5,120.4278301,23.31472783
國3,315.6,120.4275014,23.31387751
國3,315.7,120.4271314,23.31304179
國3,315.8,120.4267185,23.31222341
國3,315.9,120.4262672,23.3114225
國3,316.0,120.4257702,23.31064515
國3,316.1,120.4252381,23.30988775
國3,316.2,120.4246669,23.30915519
國3,316.3,120.424058,23.30844874
國3,316.4,120.4234119,23.30777132
國3,316.5,120.4227319,23.3071228
國3,316.6,120.4220211,23.30650305
國3,316.7,120.4212782,23.30591631
國3,316.8,120.4205086,23.30535964
國3,316.9,120.4197093,23.3048398
國3,317.0,120.4188823,23.30435833
國3,317.1,120.4180364,23.3039059
國3,317.2,120.417176,23.30347732
國3,317.3,120.416303,23.30307088
國3,317.4,120.4154215,23.30268033
國3,317.5,120.4145338,23.30230263
國3,317.6,120.4136459,23.30192519
國3,317.7,120.412758,23.30154775
國3,317.8,120.4118733,23.30116398
國3,317.9,120.4109893,23.30077878
國3,318.0,120.4101144,23.30037602
國3,318.1,120.4092486,23.29995673
國3,318.2,120.4083968,23.29951364
國3,318.3,120.4075594,23.29904795
國3,318.4,120.4067412,23.29855381
國3,318.5,120.405941,23.29803528
國3,318.6,120.4051668,23.297484
國3,318.7,120.4044148,23.29690715
國3,318.8,120.4036873,23.29630412
國3,318.9,120.4029844,23.29567671
國3,319.0,120.4023093,23.29502369
國3,319.1,120.4016637,23.29434581
國3,319.2,120.4010427,23.29364848
國3,319.3,120.4004562,23.29292617
國3,319.4,120.399896,23.29218625
國3,319.5,120.3993623,23.29142985
國3,319.6,120.3988493,23.29066122
國3,319.7,120.3983565,23.28988152
國3,319.8,120.3978683,23.2890993
國3,319.9,120.3973904,23.28831166
國3,320.0,120.3969126,23.28752402
國3,320.1,120.396431,23.2867383
國3,320.2,120.3959439,23.28595556
國3,320.3,120.3954439,23.28517972
國3,320.4,120.394928,23.28441281
國3,320.5,120.3943861,23.28366127
國3,320.6,120.3938184,23.28292626
國3,320.7,120.3932217,23.28221113
國3,320.8,120.392591,23.28152129
國3,320.9,120.3919337,23.28085319
國3,321.0,120.3912487,23.28020919
國3,321.1,120.390534,23.27959345
國3,321.2,120.3897962,23.27900168
國3,321.3,120.3890321,23.278439
國3,321.4,120.3882435,23.27790574
國3,321.5,120.387437,23.27739561
國3,321.6,120.3866197,23.27690038
國3,321.7,120.3857955,23.2764151
國3,321.8,120.3849698,23.27593187
國3,321.9,120.3841452,23.27544698
國3,322.0,120.3833313,23.27494707
國3,322.1,120.3825308,23.27442905
國3,322.2,120.3817544,23.27388069
國3,322.3,120.3810077,23.27329826
國3,322.4,120.3802986,23.27267715
國3,322.5,120.3796396,23.27201051
國3,322.6,120.3790281,23.27130645
國3,322.7,120.3784696,23.27056562
國3,322.8,120.3779646,23.26979275
國3,322.9,120.3775151,23.26899117
國3,323.0,120.3771272,23.26816248
國3,323.1,120.3767987,23.26731223
國3,323.2,120.3765334,23.26644333
國3,323.3,120.3763329,23.26555972
國3,323.4,120.3761936,23.26466625
國3,323.5,120.3761127,23.26376653
國3,323.6,120.3760804,23.2628641
國3,323.7,120.376081,23.26196117
國3,323.8,120.3761043,23.26105847
國3,323.9,120.3761296,23.2601558
國3,324.0,120.376148,23.25925299
國3,324.1,120.3761412,23.25835008
國3,324.2,120.3760926,23.25744833
國3,324.3,120.3759852,23.25655098
國3,324.4,120.3758105,23.25566276
國3,324.5,120.3755743,23.25478679
國3,324.6,120.3752749,23.25392747
國3,324.7,120.3749137,23.25308857
國3,324.8,120.3744916,23.25227445
國3,324.9,120.3740147,23.25148653
國3,325.0,120.373482,23.25072971
國3,325.1,120.3728937,23.25000888
國3,325.2,120.3722556,23.2493253
國3,325.3,120.3715713,23.24868096
國3,325.4,120.3708601,23.24806191
國3,325.5,120.370134,23.2474577
國3,325.6,120.3694078,23.24685348
國3,325.7,120.3686912,23.24623959
國3,325.8,120.3679875,23.24561318
國3,325.9,120.3673183,23.24495527
國3,326.0,120.3666871,23.2442661
國3,326.1,120.3660902,23.2435513
國3,326.2,120.3655379,23.24280651
國3,326.3,120.3650205,23.24204065
國3,326.4,120.3645462,23.24125132
國3,326.5,120.3641192,23.24043927
國3,326.6,120.363732,23.23961035
國3,326.7,120.3633923,23.23876383
國3,326.8,120.3631003,23.23790226
國3,326.9,120.3628532,23.23702885
國3,327.0,120.3626574,23.23614439
國3,327.1,120.3625021,23.23525296
國3,327.2,120.3623823,23.23435683
國3,327.3,120.3622848,23.23345834
國3,327.4,120.3622,23.23255879
國3,327.5,120.3621163,23.23165915
國3,327.6,120.3620326,23.23075951
國3,327.7,120.3619316,23.2298614
國3,327.8,120.3618044,23.22896617
國3,327.9,120.3616457,23.22807529
國3,328.0,120.3614482,23.22719106
國3,328.1,120.361212,23.22631505
國3,328.2,120.3609329,23.22544995
國3,328.3,120.360618,23.22459538
國3,328.4,120.3602664,23.22375318
國3,328.5,120.3598753,23.2229258
國3,328.6,120.3594647,23.22210644
國3,328.7,120.3590476,23.22128986
國3,328.8,120.3586305,23.22047329
國3,328.9,120.358225,23.21965179
國3,329.0,120.3578424,23.21882095
國3,329.1,120.357488,23.21797954
國3,329.2,120.3571612,23.21712864
國3,329.3,120.3568669,23.21626763
國3,329.4,120.3566015,23.21539864
國3,329.5,120.3563686,23.2145217
國3,329.6,120.3561717,23.21363728
國3,329.7,120.3560043,23.21274771
國3,329.8,120.3558664,23.21185385
國3,329.9,120.35576,23.21095625
國3,330.0,120.3556795,23.21005634
國3,330.1,120.3556191,23.20915507
國3,330.2,120.3555761,23.20825295
國3,330.3,120.3555453,23.20735041
國3,330.4,120.3555231,23.20644766
國3,330.5,120.3555025,23.20554488
國3,330.6,120.3554843,23.20464203
國3,330.7,120.3554661,23.20373919
國3,330.8,120.3554479,23.20283634
國3,330.9,120.3554297,23.2019335
國3,331.0,120.3554116,23.20103065
國3,331.1,120.3553934,23.20012781
國3,331.2,120.3553752,23.19922496
國3,331.3,120.355357,23.19832212
國3,331.4,120.3553388,23.19741927
國3,331.5,120.3553207,23.19651643
國3,331.6,120.3553025,23.19561358
國3,331.7,120.3552843,23.19471074
國3,331.8,120.3552661,23.19380789
國3,331.9,120.3552479,23.19290505
國3,332.0,120.3552298,23.1920022
國3,332.1,120.3552116,23.19109935
國3,332.2,120.3551934,23.19019651
國3,332.3,120.3551752,23.18929366
國3,332.4,120.355157,23.18839081
國3,332.5,120.3551389,23.18748797
國3,332.6,120.3551207,23.18658512
國3,332.7,120.3551025,23.18568228
國3,332.8,120.3550843,23.18477943
國3,332.9,120.3550661,23.18387658
國3,333.0,120.355048,23.18297373
國3,333.1,120.3550297,23.18207089
國3,333.2,120.3550018,23.18116827
國3,333.3,120.3549739,23.18026565
國3,333.4,120.3549322,23.17936351
國3,333.5,120.3548749,23.17846208
國3,333.6,120.3547992,23.17756185
國3,333.7,120.3546993,23.17666366
國3,333.8,120.3545841,23.17576701
國3,333.9,120.3544476,23.17487289
國3,334.0,120.3542888,23.173982
國3,334.1,120.3541111,23.1730941
國3,334.2,120.3539168,23.17220923
國3,334.3,120.3536949,23.1713299
國3,334.4,120.3534586,23.17045373
國3,334.5,120.3531972,23.16958373
國3,334.6,120.3529188,23.1687183
國3,334.7,120.3526245,23.16785733
國3,334.8,120.3523075,23.16700324
國3,334.9,120.3519729,23.16615495
國3,335.0,120.3516157,23.16531456
國3,335.1,120.351241,23.16448068
國3,335.2,120.3508483,23.16365393
國3,335.3,120.3504351,23.16283572
國3,335.4,120.3500033,23.16202581
國3,335.5,120.3495553,23.1612235
國3,335.6,120.3490869,23.16043117
國3,335.7,120.3486033,23.15964672
國3,335.8,120.3480957,23.15887533
國3,335.9,120.3475772,23.1581102
國3,336.0,120.3470412,23.15735542
國3,336.1,120.3464841,23.15661379
國3,336.2,120.3459146,23.15588027
國3,336.3,120.3453247,23.15516063
國3,336.4,120.3447253,23.1544478
國3,336.5,120.3441142,23.15374354
國3,336.6,120.3434973,23.15304358
國3,336.7,120.3428771,23.15234615
國3,336.8,120.3422557,23.15164955
國3,336.9,120.3416344,23.15095293
國3,337.0,120.3410199,23.1502511
國3,337.1,120.3404115,23.14954488
國3,337.2,120.3398132,23.14883116
國3,337.3,120.3392277,23.14810857
國3,337.4,120.3386609,23.1473733
國3,337.5,120.3381179,23.1466229
國3,337.6,120.3375961,23.14585972
國3,337.7,120.3371012,23.14508139
國3,337.8,120.3366414,23.14428483
國3,337.9,120.336215,23.14347256
國3,338.0,120.3358235,23.14264541
國3,338.1,120.3354695,23.1418039
國3,338.2,120.3351487,23.1409511
國3,338.3,120.3348683,23.14008623
國3,338.4,120.3346242,23.13921203
國3,338.5,120.3344195,23.13832917
國3,338.6,120.3342537,23.13743936
國3,338.7,120.3341257,23.13654426
國3,338.8,120.3340246,23.13564617
國3,338.9,120.3339417,23.13474645
國3,339.0,120.3338635,23.13384635
國3,339.1,120.3337801,23.13294665
國3,339.2,120.333691,23.13204744
國3,339.3,120.3335847,23.13114984
國3,339.4,120.333453,23.13025515
國3,339.5,120.3332977,23.12936376
國3,339.6,120.3331149,23.12847679
國3,339.7,120.3329025,23.12759552
國3,339.8,120.3326654,23.12671962
國3,339.9,120.3324004,23.12585062
國3,340.0,120.3321066,23.12498951
國3,340.1,120.3317873,23.12413627
國3,340.2,120.3314429,23.12329138
國3,340.3,120.3310781,23.12245381
國3,340.4,120.3306963,23.12162274
國3,340.5,120.3303098,23.12079352
國3,340.6,120.3299233,23.1199643
國3,340.7,120.3295426,23.11913278
國3,340.8,120.3291829,23.11829337
國3,340.9,120.3288485,23.1174451
國3,341.0,120.3285503,23.11658542
國3,341.1,120.3282886,23.11571554
國3,341.2,120.3280693,23.11483567
國3,341.3,120.3278869,23.11394866
國3,341.4,120.3277398,23.11305606
國3,341.5,120.3276316,23.11215866
國3,341.6,120.3275646,23.11125778
國3,341.7,120.327538,23.11035517
國3,341.8,120.3275469,23.10945228
國3,341.9,120.3275861,23.10855004
國3,342.0,120.3276348,23.10764817
國3,342.1,120.3276913,23.10674668
國3,342.2,120.3277479,23.10584519
國3,342.3,120.3278044,23.10494369
國3,342.4,120.327861,23.1040422
國3,342.5,120.3279175,23.10314071
國3,342.6,120.3279741,23.10223922
國3,342.7,120.3280306,23.10133773
國3,342.8,120.3280872,23.10043623
國3,342.9,120.3281437,23.09953474
國3,343.0,120.3282003,23.09863325
國3,343.1,120.3282568,23.09773175
國3,343.2,120.3283134,23.09683026
國3,343.3,120.3283699,23.09592877
國3,343.4,120.3284265,23.09502728
國3,343.5,120.328483,23.09412578
國3,343.6,120.3285396,23.09322429
國3,343.7,120.3285961,23.09232279
國3,343.8,120.3286527,23.0914213
國3,343.9,120.3287092,23.09051981
國3,344.0,120.3287657,23.08961831
國3,344.1,120.3288223,23.08871682
國3,344.2,120.3288788,23.08781532
國3,344.3,120.3289354,23.08691383
國3,344.4,120.3289919,23.08601233
國3,344.5,120.3290443,23.08511065
國3,344.6,120.3290965,23.08420895
國3,344.7,120.3291486,23.08330725
國3,344.8,120.3291862,23.08240495
國3,344.9,120.3292071,23.08150219
國3,345.0,120.3292105,23.08059922
國3,345.1,120.3291908,23.07969642
國3,345.2,120.3291392,23.07879471
國3,345.3,120.3290596,23.07789477
國3,345.4,120.3289396,23.07699871
國3,345.5,120.3287842,23.07610734
國3,345.6,120.3285913,23.07522227
國3,345.7,120.3283557,23.07434608
國3,345.8,120.328089,23.07347761
國3,345.9,120.3277812,23.07262078
國3,346.0,120.3274378,23.07177553
國3,346.1,120.3270657,23.07094081
國3,346.2,120.3266678,23.07011628
國3,346.3,120.3262626,23.06929484
國3,346.4,120.32585,23.06847659
國3,346.5,120.3254374,23.06765835
國3,346.6,120.3250292,23.06683824
國3,346.7,120.3246259,23.06601605
國3,346.8,120.3242358,23.06518839
國3,346.9,120.3238624,23.06435416
國3,347.0,120.3235103,23.06351201
國3,347.1,120.3231802,23.06266228
國3,347.2,120.3228738,23.06180495
國3,347.3,120.3225902,23.06094093
國3,347.4,120.3223302,23.06007061
國3,347.5,120.3220929,23.05919473
國3,347.6,120.3218825,23.05831301
國3,347.7,120.3216929,23.05742727
國3,347.8,120.3215275,23.05653733
國3,347.9,120.3213898,23.05564342
國3,348.0,120.3212843,23.05474578
國3,348.1,120.3212183,23.05384489
國3,348.2,120.3211927,23.05294223
國3,348.3,120.3212077,23.05203948
國3,348.4,120.3212686,23.05113836
國3,348.5,120.3213726,23.0502406
國3,348.6,120.3215171,23.0493477
國3,348.7,120.3217045,23.04846161
國3,348.8,120.3219343,23.0475841
國3,348.9,120.322208,23.04671743
國3,349.0,120.3225228,23.04586279
國3,349.1,120.3228662,23.04501762
國3,349.2,120.3232399,23.04418348
國3,349.3,120.3236334,23.04335719
國3,349.4,120.3240367,23.04253491
國3,349.5,120.3244422,23.04171358
國3,349.6,120.3248477,23.04089226
國3,349.7,120.3252485,23.04006898
國3,349.8,120.3256269,23.03923671
國3,349.9,120.3259748,23.03839319
國3,350.0,120.3262918,23.03753929
國3,350.1,120.3265703,23.03667391
國3,350.2,120.3268103,23.03579876
國3,350.3,120.3270165,23.0349163
國3,350.4,120.3271861,23.03402713
國3,350.5,120.3273156,23.03313226
國3,350.6,120.3274125,23.03223386
國3,350.7,120.3274702,23.03133259
國3,350.8,120.3274915,23.03042998
國3,350.9,120.3274734,23.02952729
國3,351.0,120.3274219,23.02862564
國3,351.1,120.327326,23.02772709
國3,351.2,120.3271979,23.02683205
國3,351.3,120.3270332,23.02594215
國3,351.4,120.3268322,23.02505864
國3,351.5,120.3265911,23.02418368
國3,351.6,120.3263143,23.02331784
國3,351.7,120.3260065,23.02246104
國3,351.8,120.3256648,23.02161542
國3,351.9,120.325282,23.02078495
國3,352.0,120.3248675,23.01996764
國3,352.1,120.3244207,23.01916498
國3,352.2,120.3239574,23.01837029
國3,352.3,120.3234888,23.01757833
國3,352.4,120.3230129,23.01679007
國3,352.5,120.3225457,23.01599735
國3,352.6,120.3220935,23.01519735
國3,352.7,120.3216669,23.01438542
國3,352.8,120.3212724,23.01355967
國3,352.9,120.3209213,23.01271737
國3,353.0,120.3206214,23.01185832
國3,353.1,120.3203679,23.01098649
國3,353.2,120.3201661,23.01010317
國3,353.3,120.3200136,23.00921143
國3,353.4,120.3199125,23.00831339
國3,353.5,120.3198617,23.00741173
國3,353.6,120.3198597,23.00650884
國3,353.7,120.3199014,23.00560672
國3,353.8,120.3199707,23.00470608
國3,353.9,120.3200504,23.00380609
國3,354.0,120.3201301,23.00290611
國3,354.1,120.3202086,23.00200605
國3,354.2,120.3202697,23.00110484
國3,354.3,120.3203093,23.00020258
國3,354.4,120.3203125,22.99929966
國3,354.5,120.3202832,22.9983971
國3,354.6,120.3202251,22.99749574
國3,354.7,120.3201486,22.99659554
國3,354.8,120.3200673,22.99569571
國3,354.9,120.3199834,22.99479609
國3,355.0,120.3199055,22.99389603
國3,355.1,120.3198385,22.9929952
國3,355.2,120.3197926,22.99209326
國3,355.3,120.3197758,22.99119044
國3,355.4,120.3197934,22.99028762
國3,355.5,120.3198412,22.9893858
國3,355.6,120.3199228,22.98848602
國3,355.7,120.3200351,22.98758912
國3,355.8,120.3201787,22.98669605
國3,355.9,120.3203553,22.98580806
國3,356.0,120.3205642,22.98492608
國3,356.1,120.3208051,22.98405108
國3,356.2,120.3210783,22.98318435
國3,356.3,120.3213818,22.9823264
國3,356.4,120.3217227,22.98148057
國3,356.5,120.3220964,22.98064674
國3,356.6,120.322512,22.97983007
國3,356.7,120.3229794,22.97903779
國3,356.8,120.3234858,22.9782664
國3,356.9,120.3240482,22.9775291
國3,357.0,120.3246568,22.97682385
國3,357.1,120.3253092,22.97615309
國3,357.2,120.3260069,22.97552256
國3,357.3,120.3267464,22.97493436
國3,357.4,120.3275238,22.97438962
國3,357.5,120.3283356,22.97388962
國3,357.6,120.3291812,22.97344037
國3,357.7,120.330053,22.97303642
國3,357.8,120.3309533,22.97268974
國3,357.9,120.3318731,22.97239026
國3,358.0,120.332813,22.97214983
國3,358.1,120.3337641,22.97195078
國3,358.2,120.3347179,22.97176279
國3,358.3,120.3356694,22.97156471
國3,358.4,120.3366106,22.97132946
國3,358.5,120.3375323,22.97103506
國3,358.6,120.3384289,22.97068043
國3,358.7,120.3392948,22.97026574
國3,358.8,120.3401262,22.96979462
國3,358.9,120.3409198,22.96927059
國3,359.0,120.3416717,22.9686961
國3,359.1,120.3423762,22.96807222
國3,359.2,120.3430317,22.96740418
國3,359.3,120.3436357,22.96669559
國3,359.4,120.3441818,22.96594787
國3,359.5,120.3446688,22.96516584
國3,359.6,120.3450976,22.96435507
國3,359.7,120.3454858,22.96352681
國3,359.8,120.3458704,22.96269704
國3,359.9,120.3462846,22.96187987
國3,360.0,120.3467535,22.96108843
國3,360.1,120.347278,22.96032752
國3,360.2,120.3478555,22.95960026
國3,360.3,120.3484836,22.9589098
國3,360.4,120.3491563,22.95825623
國3,360.5,120.3498521,22.95762366
國3,360.6,120.3505453,22.95698861
國3,360.7,120.3512074,22.95632593
國3,360.8,120.3518213,22.95562469
國3,360.9,120.3523818,22.95488601
國3,361.0,120.3528895,22.95411534
國3,361.1,120.3533391,22.95331434
國3,361.2,120.3537306,22.9524876
國3,361.3,120.3540633,22.95163906
國3,361.4,120.354331,22.95077103
國3,361.5,120.3545417,22.94988966
國3,361.6,120.3546834,22.9489964
國3,361.7,120.3547611,22.94809648
國3,361.8,120.354777,22.94719383
國3,361.9,120.3547217,22.94629262
國3,362.0,120.354609,22.94539602
國3,362.1,120.3544301,22.94450853
國3,362.2,120.3541935,22.94363267
國3,362.3,120.3539221,22.94276545
國3,362.4,120.3536247,22.94190551
國3,362.5,120.3533206,22.94104758
國3,362.6,120.3530166,22.94018965
國3,362.7,120.3527296,22.93932673
國3,362.8,120.3524677,22.938457
國3,362.9,120.3522384,22.93757945
國3,363.0,120.3520523,22.93669313
國3,363.1,120.3519036,22.93580079
國3,363.2,120.3517929,22.93490372
國3,363.3,120.3517217,22.93400323
國3,363.4,120.3516754,22.93310121
國3,363.5,120.3516482,22.93219858
國3,363.6,120.3516248,22.93129583
國3,363.7,120.351593,22.93039334
國3,363.8,120.3515478,22.9294914
國3,363.9,120.3514683,22.92859158
國3,364.0,120.3513536,22.92769498
國3,364.1,120.3511962,22.92680394
國3,364.2,120.3510041,22.92591872
國3,364.3,120.3507821,22.9250395
國3,364.4,120.3505475,22.92416305
國3,364.5,120.3503093,22.9232874
國3,364.6,120.3500741,22.92241108
國3,364.7,120.3498581,22.9215305
國3,364.8,120.3496769,22.92064327
國3,364.9,120.349528,22.91975098
國3,365.0,120.349422,22.91885342
國3,365.1,120.3493545,22.91795279
國3,365.2,120.3493255,22.91705034
國3,365.3,120.349334,22.91614748
國3,365.4,120.3493842,22.91524582
國3,365.5,120.3494712,22.91434658
國3,365.6,120.3495974,22.91345126
國3,365.7,120.3497632,22.9125615
國3,365.8,120.3499656,22.91167826
國3,365.9,120.3502085,22.91080384
國3,366.0,120.3504854,22.90993812
國3,366.1,120.3508032,22.90908466
國3,366.2,120.3511521,22.90824154
國3,366.3,120.3515405,22.90741349
國3,366.4,120.3519583,22.90659771
國3,366.5,120.3524,22.90579278
國3,366.6,120.3528655,22.90499945
國3,366.7,120.3533475,22.90421463
國3,366.8,120.3538422,22.90343658
國3,366.9,120.3543489,22.90266519
國3,367.0,120.3548624,22.90189762
國3,367.1,120.3553759,22.90113006
國3,367.2,120.3558882,22.90036188
國3,367.3,120.3563955,22.8995909
國3,367.4,120.3568952,22.89881571
國3,367.5,120.3573816,22.89803328
國3,367.6,120.3578492,22.89724112
國3,367.7,120.3582911,22.89643638
國3,367.8,120.3587038,22.89561849
國3,367.9,120.3590876,22.8947886
國3,368.0,120.3594313,22.89394377
國3,368.1,120.3597432,22.8930884
國3,368.2,120.3600139,22.89222108
國3,368.3,120.3602487,22.89134479
國3,368.4,120.3604465,22.89046066
國3,368.5,120.3606034,22.88956953
國3,368.6,120.360724,22.88867352
國3,368.7,120.3608027,22.88777353
國3,368.8,120.3608419,22.88687137
國3,368.9,120.360844,22.8859684
國3,369.0,120.3608124,22.88506592
國3,369.1,120.3607664,22.88416391
國3,369.2,120.3607098,22.88326242
國3,369.3,120.360652,22.88236098
國3,369.4,120.3605956,22.88145948
國3,369.5,120.3605616,22.88055704
國3,369.6,120.3605563,22.87965406
國3,369.7,120.3605819,22.87875148
國3,369.8,120.3606514,22.87785082
國3,369.9,120.3607571,22.87695322
國3,370.0,120.3609029,22.87606042
國3,370.1,120.361086,22.87517356
國3,370.2,120.3613071,22.87429416
國3,370.3,120.3615685,22.87342431
國3,370.4,120.3618654,22.87256432
國3,370.5,120.362197,22.87171525
國3,370.6,120.3625671,22.87087997
國3,370.7,120.3629722,22.87005871
國3,370.8,120.3634163,22.86925502
國3,370.9,120.3638914,22.86846677
國3,371.0,120.3644001,22.86769682
國3,371.1,120.3649392,22.86694483
國3,371.2,120.3655145,22.8662161
國3,371.3,120.3661197,22.86550859
國3,371.4,120.3667514,22.86482131
國3,371.5,120.3674138,22.86415925
國3,371.6,120.3681008,22.86351906
國3,371.7,120.3687999,22.8628902
國3,371.8,120.3695074,22.86226941
國3,371.9,120.3702166,22.86165029
國3,372.0,120.3709256,22.86103095
國3,372.1,120.3716215,22.86039901
國3,372.2,120.3723316,22.85978061
國3,372.3,120.3730417,22.8591622
國3,372.4,120.3737518,22.85854379
國3,372.5,120.3744619,22.85792537
國3,372.6,120.375172,22.85730695
國3,372.7,120.3758821,22.8566886
國3,372.8,120.3765975,22.85607547
國3,372.9,120.3773104,22.85545984
國3,373.0,120.3780169,22.85483802
國3,373.1,120.3787208,22.8542136
國3,373.2,120.3794079,22.85357354
國3,373.3,120.3800707,22.8529119
國3,373.4,120.3807054,22.85222692
國3,373.5,120.3813026,22.85151377
國3,373.6,120.3818681,22.85077863
國3,373.7,120.3824008,22.8500227
國3,373.8,120.3828989,22.84924675
國3,373.9,120.3833757,22.84845937
國3,374.0,120.3838466,22.84766891
國3,374.1,120.3843175,22.84687844
國3,374.2,120.3847985,22.8460932
國3,374.3,120.3853002,22.84531921
國3,374.4,120.3858328,22.84456318
國3,374.5,120.3864034,22.8438314
國3,374.6,120.3870182,22.84313114
國3,374.7,120.3876733,22.84246294
國3,374.8,120.3883663,22.84182843
國3,374.9,120.3891005,22.84123509
國3,375.0,120.3898636,22.84067394
國3,375.1,120.3906614,22.84015593
國3,375.2,120.3914813,22.83966839
國3,375.3,120.3923235,22.83921452
國3,375.4,120.3931817,22.83878724
國3,375.5,120.3940541,22.8383855
國3,375.6,120.3949355,22.83800067
國3,375.7,120.3958243,22.83763093
國3,375.8,120.3967175,22.83727043
國3,375.9,120.3976115,22.83691168
國3,376.0,120.3985056,22.83655292
國3,376.1,120.3993996,22.83619415
國3,376.2,120.4002913,22.83583046
國3,376.3,120.4011794,22.83545927
國3,376.4,120.4020645,22.83508202
國3,376.5,120.402943,22.83469173
國3,376.6,120.4038129,22.83428514
國3,376.7,120.4046755,22.83386551
國3,376.8,120.4055281,22.83342871
國3,376.9,120.4063697,22.8329741
國3,377.0,120.4072002,22.83250201
國3,377.1,120.4080171,22.83201011
國3,377.2,120.4088224,22.83150194
國3,377.3,120.4096148,22.83097678
國3,377.4,120.4103945,22.83043551
國3,377.5,120.4111611,22.82987842
國3,377.6,120.4119122,22.82930335
國3,377.7,120.4126489,22.82871268
國3,377.8,120.413371,22.82810657
國3,377.9,120.414079,22.82748641
國3,378.0,120.4147702,22.82685017
國3,378.1,120.4154449,22.82619894
國3,378.2,120.4161031,22.82553329
國3,378.3,120.4167436,22.8248529
國3,378.4,120.4173644,22.824157
國3,378.5,120.4179668,22.82344742
國3,378.6,120.4185528,22.82272614
國3,378.7,120.4191162,22.82198963
國3,378.8,120.419665,22.82124363
國3,378.9,120.4201914,22.82048375
國3,379.0,120.4207024,22.81971495
國3,379.1,120.4211936,22.81893512
國3,379.2,120.4216605,22.81814259
國3,379.3,120.4221095,22.81734125
國3,379.4,120.4225349,22.81652892
國3,379.5,120.4229416,22.81570842
國3,379.6,120.4233246,22.81487822
國3,379.7,120.4236891,22.81404088
國3,379.8,120.4240292,22.81319468
國3,379.9,120.4243459,22.81234075
國3,380.0,120.4246415,22.81148028
國3,380.1,120.4249139,22.81061327
國3,380.2,120.4251622,22.8097401
國3,380.3,120.425388,22.80886165
國3,380.4,120.4255905,22.80797835
國3,380.5,120.425767,22.80709024
國3,380.6,120.4259221,22.80619877
國3,380.7,120.4260512,22.8053037
國3,380.8,120.4261588,22.80440617
國3,380.9,120.4262444,22.80350665
國3,381.0,120.4263015,22.80260517
國3,381.1,120.4263391,22.80170279
國3,381.2,120.4263622,22.80080003
國3,381.3,120.4263697,22.79989721
國3,381.4,120.4263583,22.79899465
國3,381.5,120.4263204,22.79809231
國3,381.6,120.4262799,22.79719004
國3,381.7,120.4262207,22.79628867
國3,381.8,120.4261611,22.79538731
國3,381.9,120.4260943,22.79448638
國3,382.0,120.4260268,22.7935855
國3,382.1,120.4259593,22.79268463
國3,382.2,120.4258918,22.79178375
國3,382.3,120.4258369,22.79088214
國3,382.4,120.4257952,22.78997995
國3,382.5,120.4257759,22.7890771
國3,382.6,120.4257802,22.78817409
國3,382.7,120.4258195,22.78727189
國3,382.8,120.4258938,22.78637155
國3,382.9,120.4260109,22.78547518
國3,383.0,120.4261674,22.78458401
國3,383.1,120.4263692,22.78370064
國3,383.2,120.4266103,22.78282582
國3,383.3,120.4268941,22.78196213
國3,383.4,120.4272196,22.78111114
國3,383.5,120.4275957,22.78027832
國3,383.6,120.4280104,22.77946138
國3,383.7,120.4284718,22.77866631
國3,383.8,120.4289737,22.7778926
國3,383.9,120.4295147,22.77714196
國3,384.0,120.4300979,22.77641889
國3,384.1,120.4307177,22.77572255
國3,384.2,120.4313755,22.77505693
國3,384.3,120.4320671,22.7744213
國3,384.4,120.4327909,22.77381746
國3,384.5,120.4335466,22.77324803
國3,384.6,120.4343341,22.77271715
國3,384.7,120.4351478,22.77222145
國3,384.8,120.4359865,22.77176316
國3,384.9,120.4368461,22.7713394
國3,385.0,120.4377182,22.77093784
國3,385.1,120.4385997,22.77055439
國3,385.2,120.4394845,22.7701776
國3,385.3,120.4403694,22.76980081
國3,385.4,120.4412542,22.76942401
國3,385.5,120.442139,22.76904721
國3,385.6,120.4430238,22.7686704
國3,385.7,120.4439087,22.76829359
國3,385.8,120.4447935,22.76791677
國3,385.9,120.4456783,22.76753995
國3,386.0,120.4465631,22.76716313
國3,386.1,120.4474479,22.76678629
國3,386.2,120.4483328,22.76640971
國3,386.3,120.449218,22.7660336
國3,386.4,120.4501031,22.76565748
國3,386.5,120.4509883,22.76528136
國3,386.6,120.4518734,22.76490523
國3,386.7,120.4527585,22.7645291
國3,386.8,120.4536437,22.76415296
國3,386.9,120.4545288,22.76377681
國3,387.0,120.4554139,22.76340067
國3,387.1,120.456299,22.76302451
國3,387.2,120.4571841,22.76264835
國3,387.3,120.4580692,22.76227219
國3,387.4,120.4589543,22.76189602
國3,387.5,120.4598394,22.76151985
國3,387.6,120.4607267,22.7611481
國3,387.7,120.461615,22.76077851
國3,387.8,120.4625074,22.76041761
國3,387.9,120.4634056,22.76006923
國3,388.0,120.4643131,22.75974213
國3,388.1,120.4652279,22.7594331
國3,388.2,120.4661509,22.75914568
國3,388.3,120.467081,22.7588787
國3,388.4,120.4680184,22.7586347
國3,388.5,120.4689623,22.75841318
國3,388.6,120.4699121,22.75821427
國3,388.7,120.4708661,22.75803368
國3,388.8,120.4718251,22.75787735
國3,388.9,120.4727866,22.75773495
國3,389.0,120.4737505,22.75760731
國3,389.1,120.474716,22.75749034
國3,389.2,120.4756825,22.75738045
國3,389.3,120.4766498,22.75727673
國3,389.4,120.477617,22.75717301
國3,389.5,120.4785843,22.75706928
國3,389.6,120.4795516,22.75696554
國3,389.7,120.4805171,22.75684884
國3,389.8,120.4814812,22.75672203
國3,389.9,120.4824422,22.75657653
國3,390.0,120.4833992,22.75641058
國3,390.1,120.4843515,22.75622282
國3,390.2,120.4852964,22.75600512
國3,390.3,120.4862334,22.7557597
國3,390.4,120.487158,22.75547672
國3,390.5,120.48807,22.75516073
國3,390.6,120.4889682,22.75481235
國3,390.7,120.4898525,22.75443434
國3,390.8,120.4907156,22.7540164
國3,390.9,120.4915654,22.75357583
國3,391.0,120.4923963,22.75310504
國3,391.1,120.4932066,22.75260436
國3,391.2,120.4939942,22.75207363
國3,391.3,120.4947609,22.75151707
國3,391.4,120.4955042,22.75093394
國3,391.5,120.4962237,22.75032562
國3,391.6,120.4969163,22.74969096
國3,391.7,120.4975793,22.74902976
國3,391.8,120.498218,22.74834834
國3,391.9,120.4988296,22.74764577
國3,392.0,120.4994147,22.74692405
國3,392.1,120.4999753,22.74618579
國3,392.2,120.5005142,22.74543376
國3,392.3,120.5010442,22.74467624
國3,392.4,120.5015638,22.74391253
國3,392.5,120.5020834,22.74314882
國3,392.6,120.502603,22.74238511
國3,392.7,120.5031287,22.741625
國3,392.8,120.5036683,22.74087334
國3,392.9,120.5042258,22.74013301
國3,393.0,120.5048073,22.73940871
國3,393.1,120.5054134,22.73870208
國3,393.2,120.506044,22.73801418
國3,393.3,120.5066957,22.7373434
國3,393.4,120.5073754,22.73669699
國3,393.5,120.5080758,22.7360698
國3,393.6,120.508801,22.73546742
國3,393.7,120.5095443,22.73488427
國3,393.8,120.5103052,22.73432108
國3,393.9,120.5110809,22.73377537
國3,394.0,120.5118631,22.73323774
國3,394.1,120.512651,22.73270726
國3,394.2,120.5134389,22.73217678
國3,394.3,120.5142267,22.7316463
國3,394.4,120.5150082,22.73110773
國3,394.5,120.5157792,22.73055633
國3,394.6,120.516538,22.7299907
國3,394.7,120.5172776,22.72940358
國3,394.8,120.5179974,22.72879575
國3,394.9,120.5186921,22.72816317
國3,395.0,120.5193608,22.72750697
國3,395.1,120.5200077,22.72683231
國3,395.2,120.5206282,22.72613655
國3,395.3,120.5212268,22.72542442
國3,395.4,120.5218019,22.72469583
國3,395.5,120.5223611,22.72395664
國3,395.6,120.5229114,22.72321172
國3,395.7,120.5234581,22.72246449
國3,395.8,120.5240048,22.72171726
國3,395.9,120.5245515,22.72097002
國3,396.0,120.5251008,22.72022451
國3,396.1,120.5256541,22.71948148
國3,396.2,120.5262074,22.71873845
國3,396.3,120.5267738,22.71800396
國3,396.4,120.5273403,22.71726958
國3,396.5,120.5279203,22.71654432
國3,396.6,120.5285086,22.71582479
國3,396.7,120.5291112,22.71511554
國3,396.8,120.5297224,22.71441272
國3,396.9,120.5303469,22.71372004
國3,397.0,120.5309854,22.7130384
國3,397.1,120.5316341,22.71236514
國3,397.2,120.5322952,22.71170233
國3,397.3,120.5329678,22.71104958
國3,397.4,120.5336525,22.7104077
國3,397.5,120.5343503,22.70977809
國3,397.6,120.5350558,22.70915597
國3,397.7,120.5357732,22.70854556
國3,397.8,120.536501,22.70794599
國3,397.9,120.5372403,22.70735863
國3,398.0,120.5379935,22.70678658
國3,398.1,120.5387537,22.70622266
國3,398.2,120.5395255,22.70567247
國3,398.3,120.5403069,22.70513404
國3,398.4,120.5410936,22.70460216
國3,398.5,120.541893,22.70408695
國3,398.6,120.5427011,22.70358357
國3,398.7,120.543518,22.70309262
國3,398.8,120.5443454,22.70261702
國3,398.9,120.5451784,22.70214992
國3,399.0,120.5460163,22.7016904
國3,399.1,120.5468597,22.70123964
國3,399.2,120.5477055,22.70079275
國3,399.3,120.5485539,22.70035001
國3,399.4,120.5494023,22.69990741
國3,399.5,120.5502507,22.69946481
國3,399.6,120.5510929,22.69901214
國3,399.7,120.5519302,22.69855171
國3,399.8,120.5527567,22.69807496
國3,399.9,120.5535673,22.6975751
國3,400.0,120.55436,22.69705129
國3,400.1,120.5551286,22.69649738
國3,400.2,120.5558692,22.69591154
國3,400.3,120.5565827,22.69529744
國3,400.4,120.5572646,22.69465321
國3,400.5,120.5579146,22.69398125
國3,400.6,120.5585342,22.69328489
國3,400.7,120.5591182,22.69256262
國3,400.8,120.5596656,22.69181598
國3,400.9,120.5601823,22.69105081
國3,401.0,120.5606561,22.69026208
國3,401.1,120.5610923,22.68945487
國3,401.2,120.5614924,22.68863176
國3,401.3,120.561848,22.68779121
國3,401.4,120.5621663,22.68693792
國3,401.5,120.5624429,22.68607215
國3,401.6,120.562679,22.68519613
國3,401.7,120.5628733,22.68431128
國3,401.8,120.5630244,22.68341924
國3,401.9,120.5631308,22.68252171
國3,402.0,120.5631954,22.68162074
國3,402.1,120.5632145,22.68071795
國3,402.2,120.5631946,22.67981513
國3,402.3,120.5631298,22.67891413
國3,402.4,120.5630282,22.67801607
國3,402.5,120.5628897,22.67712223
國3,402.6,120.5627143,22.676234
國3,402.7,120.5625071,22.6753517
國3,402.8,120.5622705,22.67447577
國3,402.9,120.5620026,22.67360766
國3,403.0,120.5617101,22.6727464
國3,403.1,120.5613919,22.67189301
國3,403.2,120.5610531,22.67104647
國3,403.3,120.5606899,22.67020867
國3,403.4,120.5603084,22.66937793
國3,403.5,120.5599051,22.6685561
國3,403.6,120.559479,22.66774423
國3,403.7,120.5590334,22.66694146
國3,403.8,120.5585688,22.66614806
國3,403.9,120.5580831,22.66536559
國3,404.0,120.5575785,22.6645935
國3,404.1,120.5570543,22.6638327
國3,404.2,120.5565121,22.66308288
國3,404.3,120.5559491,22.66234641
國3,404.4,120.5553697,22.66162092
國3,404.5,120.5547707,22.6609093
國3,404.6,120.5541571,22.66020841
國3,404.7,120.553534,22.65951479
國3,404.8,120.5529054,22.65882553
國3,404.9,120.5522711,22.6581407
國3,405.0,120.5516368,22.65745587
國3,405.1,120.5510025,22.65677103
國3,405.2,120.5503687,22.65608584
國3,405.3,120.5497383,22.65539795
國3,405.4,120.5491119,22.65470691
國3,405.5,120.5484893,22.65401295
國3,405.6,120.5478741,22.65331328
國3,405.7,120.5472634,22.6526103
國3,405.8,120.5466618,22.65190059
國3,405.9,120.5460663,22.65118637
國3,406.0,120.5454832,22.65046344
國3,406.1,120.5449088,22.64973455
國3,406.2,120.5443487,22.64899616
國3,406.3,120.5437918,22.64825562
國3,406.4,120.5432512,22.64750482
國3,406.5,120.542714,22.64675189
國3,406.6,120.5421906,22.64599059
國3,406.7,120.5416775,22.64522331
國3,406.8,120.5411757,22.64444961
國3,406.9,120.5406837,22.6436705
國3,407.0,120.5402026,22.64288559
國3,407.1,120.5397315,22.64209546
國3,407.2,120.5392706,22.64130018
國3,407.3,120.5388202,22.64049966
國3,407.4,120.538382,22.63969338
國3,407.5,120.5379534,22.63888266
國3,407.6,120.5375371,22.63806644
國3,407.7,120.5371316,22.63724557
國3,407.8,120.5367364,22.63642038
國3,407.9,120.5363518,22.63559088
國3,408.0,120.5359811,22.63475595
國3,408.1,120.5356227,22.63391642
國3,408.2,120.5352808,22.63307096
國3,408.3,120.5349527,22.63222085
國3,408.4,120.5346461,22.63136383
國3,408.5,120.534356,22.63050187
國3,408.6,120.5340849,22.62963463
國3,408.7,120.533836,22.62876165
國3,408.8,120.5336073,22.62788392
國3,408.9,120.5334015,22.62700134
國3,409.0,120.5332145,22.62611514
國3,409.1,120.5330495,22.62522516
國3,409.2,120.5329068,22.62433186
國3,409.3,120.5327817,22.62343629
國3,409.4,120.5326692,22.62253925
國3,409.5,120.5325711,22.62164078
國3,409.6,120.5324729,22.6207423
國3,409.7,120.5323748,22.61984381
國3,409.8,120.5322767,22.61894533
國3,409.9,120.5321739,22.61804732
國3,410.0,120.5320576,22.61715073
國3,410.1,120.5319239,22.61625625
國3,410.2,120.5317736,22.61536407
國3,410.3,120.5315997,22.61447558
國3,410.4,120.5314073,22.61359036
國3,410.5,120.5311895,22.61271021
國3,410.6,120.5309548,22.61183383
國3,410.7,120.5307039,22.61096133
國3,410.8,120.5304349,22.61009345
國3,410.9,120.5301578,22.60922779
國3,411.0,120.5298783,22.60836279
國3,411.1,120.5295988,22.60749779
國3,411.2,120.5293193,22.60663279
國3,411.3,120.5290398,22.60576779
國3,411.4,120.5287603,22.60490279
國3,411.5,120.5284809,22.60403779
國3,411.6,120.5282014,22.60317279
國3,411.7,120.5279219,22.60230778
國3,411.8,120.5276404,22.60144334
國3,411.9,120.5273586,22.60057899
國3,412.0,120.5270769,22.59971462
國3,412.1,120.5267951,22.59885026
國3,412.2,120.5265134,22.5979859
國3,412.3,120.5262362,22.59712027
國3,412.4,120.5259641,22.59625324
國3,412.5,120.5257046,22.59538293
國3,412.6,120.5254571,22.59450962
國3,412.7,120.5252327,22.59363089
國3,412.8,120.5250381,22.59274608
國3,412.9,120.5248711,22.5918565
國3,413.0,120.524744,22.59096122
國3,413.1,120.5246528,22.59006222
國3,413.2,120.524604,22.58916038
國3,413.3,120.5245903,22.58825749
國3,413.4,120.5246174,22.58735484
國3,413.5,120.5246825,22.58645386
國3,413.6,120.5247861,22.58555602
國3,413.7,120.5249286,22.58466273
國3,413.8,120.5251008,22.58377401
國3,413.9,120.5252996,22.58289004
國3,414.0,120.5255185,22.58201016
國3,414.1,120.5257564,22.58113453
國3,414.2,120.5260083,22.58026225
國3,414.3,120.5262601,22.57938996
國3,414.4,120.526512,22.57851768
國3,414.5,120.5267638,22.5776454
國3,414.6,120.5270061,22.57677082
國3,414.7,120.5272408,22.57589447
國3,414.8,120.5274583,22.57501432
國3,414.9,120.5276576,22.57413049
國3,415.0,120.5278315,22.573242
國3,415.1,120.5279769,22.57234916
國3,415.2,120.528088,22.57145209
國3,415.3,120.5281604,22.57055162
國3,415.4,120.5281975,22.5696493
國3,415.5,120.5281959,22.56874631
國3,415.6,120.5281551,22.56784411
國3,415.7,120.528077,22.56694399
國3,415.8,120.5279538,22.56604823
國3,415.9,120.5277955,22.56515732
國3,416.0,120.5275995,22.5642729
國3,416.1,120.5273666,22.56339621
國3,416.2,120.5270949,22.56252922
國3,416.3,120.5267864,22.56167286
國3,416.4,120.5264443,22.56082756
國3,416.5,120.5260732,22.55999289
國3,416.6,120.5256738,22.55916958
國3,416.7,120.5252601,22.5583523
國3,416.8,120.5248295,22.5575426
國3,416.9,120.5243904,22.55673686
國3,417.0,120.523947,22.55593315
國3,417.1,120.5235035,22.55512943
國3,417.2,120.5230623,22.55432469
國3,417.3,120.5226264,22.55351744
國3,417.4,120.5222033,22.55270437
國3,417.5,120.521796,22.55188434
國3,417.6,120.5214069,22.55105677
國3,417.7,120.521045,22.55021864
國3,417.8,120.5207001,22.54937432
國3,417.9,120.5203864,22.54851959
國3,418.0,120.5200979,22.54765721
國3,418.1,120.5198391,22.54678674
國3,418.2,120.519604,22.54591048
國3,418.3,120.5193968,22.54502819
國3,418.4,120.5192195,22.54414027
國3,418.5,120.5190674,22.54324834
國3,418.6,120.5189444,22.54235256
國3,418.7,120.5188469,22.54145406
國3,418.8,120.5187755,22.54055346
國3,418.9,120.518736,22.53965115
國3,419.0,120.5187219,22.53874819
國3,419.1,120.5187345,22.53784523
國3,419.2,120.5187797,22.53694317
國3,419.3,120.5188482,22.5360424
國3,419.4,120.5189441,22.53514378
國3,419.5,120.5190672,22.53424801
國3,419.6,120.5192204,22.53335627
國3,419.7,120.5193991,22.53246861
國3,419.8,120.5196058,22.53158625
國3,419.9,120.5198397,22.53070968
國3,420.0,120.5201019,22.5298401
國3,420.1,120.5203851,22.52897624
國3,420.2,120.5206893,22.52811853
國3,420.3,120.5210103,22.52726612
國3,420.4,120.5213382,22.52641596
國3,420.5,120.521674,22.52556846
國3,420.6,120.5220098,22.52472095
國3,420.7,120.5223456,22.52387344
國3,420.8,120.5226814,22.52302593
國3,420.9,120.5230058,22.52217464
國3,421.0,120.5233114,22.52131735
國3,421.1,120.5235961,22.52045387
國3,421.2,120.5238543,22.51958331
國3,421.3,120.5240827,22.51870558
國3,421.4,120.5242797,22.51782136
國3,421.5,120.5244449,22.51693151
國3,421.6,120.5245794,22.51603721
國3,421.7,120.5246806,22.51513915
國3,421.8,120.5247497,22.51423845
國3,421.9,120.5247971,22.51333649
國3,422.0,120.5248244,22.51243378
國3,422.1,120.5248349,22.51153077
國3,422.2,120.5248343,22.51062766
國3,422.3,120.5248337,22.50972456
國3,422.4,120.5248331,22.50882146
國3,422.5,120.5248404,22.50791839
國3,422.6,120.5248632,22.50701561
國3,422.7,120.5249076,22.50611352
國3,422.8,120.5249828,22.50521322
國3,422.9,120.5250958,22.50431638
國3,423.0,120.5252491,22.50342472
國3,423.1,120.5254388,22.50253907
國3,423.2,120.5256681,22.50166157
國3,423.3,120.5259338,22.50079299
國3,423.4,120.5262308,22.49993314
國3,423.5,120.5265539,22.49908151
國3,423.6,120.5268914,22.49823464
國3,423.7,120.52724,22.49739164
國3,423.8,120.5275886,22.49654864
國3,423.9,120.5279372,22.49570564
國3,424.0,120.5282837,22.49486189
國3,424.1,120.528623,22.49401561
國3,424.2,120.5289523,22.49316594
國3,424.3,120.5292771,22.49231479
國3,424.4,120.5295842,22.49145799
國3,424.5,120.5298796,22.49059766
國3,424.6,120.5301542,22.48973138
國3,424.7,120.5304105,22.48886031
國3,424.8,120.5306416,22.48798316
國3,424.9,120.5308493,22.48710096
國3,425.0,120.5310319,22.48621403
國3,425.1,120.5311834,22.48532198
國3,425.2,120.5313094,22.48442651
國3,425.3,120.5314081,22.48352811
國3,425.4,120.531476,22.48262726
國3,425.5,120.5315162,22.48172499
國3,425.6,120.5315363,22.48082214
國3,425.7,120.5315237,22.47991919
國3,425.8,120.5314831,22.47901692
國3,425.9,120.5314142,22.4781161
國3,426.0,120.5313169,22.47721758
國3,426.1,120.5311923,22.47632197
國3,426.2,120.5310414,22.47542987
國3,426.3,120.5308609,22.47454253
國3,426.4,120.5306567,22.47365968
國3,426.5,120.5304269,22.47278226
國3,426.6,120.5301635,22.47191302
國3,426.7,120.5298782,22.47104978
國3,426.8,120.5295669,22.4701943
國3,426.9,120.5292273,22.46934818
國3,427.0,120.5288656,22.46851
國3,427.1,120.528472,22.46768438
國3,427.2,120.5280576,22.46686766
國3,427.3,120.5276176,22.46606254
國3,427.4,120.5271544,22.46526872
國3,427.5,120.5266655,22.46448827
國3,427.6,120.5261506,22.46372241
國3,427.7,120.5256138,22.46296978
國3,427.8,120.5250543,22.46223152
國3,427.9,120.5244739,22.46150736
國3,428.0,120.5238699,22.4608001
國3,428.1,120.5232477,22.46010652
國3,428.2,120.5226033,22.45943059
國3,428.3,120.5219411,22.45876976
國3,428.4,120.5212625,22.45812351
國3,428.5,120.5205735,22.45748679
國3,428.6,120.5198745,22.45685951
國3,428.7,120.5191637,22.45624386
國3,428.8,120.518444,22.45563712
國3,428.9,120.5177224,22.45503237
國3,429.0,120.5169921,22.45443673
國3,429.1,120.5162618,22.45384108
國3,429.2,120.5155315,22.45324544
國3,429.3,120.5148012,22.45264978
國3,429.4,120.5140704,22.45205471
國3,429.5,120.5133389,22.45146036
國3,429.6,120.5126074,22.450866
國3,429.7,120.5118759,22.45027164
國3,429.8,120.5111444,22.44967728
國3,429.9,120.5104129,22.44908291
國3,430.0,120.5096814,22.44848854
國3,430.1,120.5089499,22.44789417
國3,430.2,120.5082184,22.44729979
國3,430.3,120.507487,22.44670541
國3,430.4,120.5067555,22.44611103
國3,430.5,120.5060241,22.44551664
國3,430.6,120.5052926,22.44492225
國3,430.7,120.5045612,22.44432786
國3,430.8,120.5038298,22.44373346
國3,430.9,120.5030939,22.4431438
國3,431.0,120.5023159,22.44260411
國3,431.1,120.5014745,22.44215411
國3,431.2,120.5005788,22.441806
國3,431.3,120.4996431,22.44156583
國3,431.4,120.4986838,22.44143151
國3,431.5,120.4977133,22.44140051
國3,431.512,120.4975981,22.44139788
國4,0.0,120.5912626,24.30439736
國4,0.1,120.5922075,24.30465291
國4,0.2,120.5931503,24.30491436
國4,0.3,120.5940994,24.30515254
國4,0.4,120.5950501,24.30538355
國4,0.5,120.5960032,24.30560568
國4,0.6,120.5969598,24.30581571
國4,0.7,120.5979196,24.3060142
國4,0.8,120.5988832,24.30619999
國4,0.9,120.5998495,24.30637488
國4,1.0,120.6008191,24.30653468
國4,1.1,120.6017914,24.30668003
國4,1.2,120.6027654,24.30681582
國4,1.3,120.6037414,24.30693816
國4,1.4,120.6047192,24.30704842
國4,1.5,120.6056988,24.30714387
國4,1.6,120.6066797,24.30722781
國4,1.7,120.607662,24.30729625
國4,1.8,120.6086448,24.30735853
國4,1.9,120.6096289,24.30740191
國4,2.0,120.6106135,24.30743262
國4,2.1,120.6115984,24.307453
國4,2.2,120.6125835,24.30746011
國4,2.3,120.6135687,24.30745338
國4,2.4,120.6145536,24.30743282
國4,2.5,120.6155381,24.30740059
國4,2.6,120.6165219,24.30735279
國4,2.7,120.6175047,24.30729043
國4,2.8,120.6184854,24.30720559
國4,2.9,120.619464,24.30710149
國4,3.0,120.620439,24.30697275
國4,3.1,120.6214086,24.3068131
國4,3.2,120.6223723,24.30662569
國4,3.3,120.6233299,24.30641397
國4,3.4,120.6242804,24.30617686
國4,3.5,120.6252227,24.30591339
國4,3.6,120.6261563,24.30562516
國4,3.7,120.6270773,24.30530484
國4,3.8,120.6279906,24.30496634
國4,3.9,120.6288952,24.30460869
國4,4.0,120.6297903,24.30423161
國4,4.1,120.6306775,24.30383929
國4,4.2,120.6315587,24.30343558
國4,4.3,120.6324334,24.30302026
國4,4.4,120.6333032,24.30259644
國4,4.5,120.6341676,24.30216341
國4,4.6,120.6350247,24.30171831
國4,4.7,120.6358804,24.301271
國4,4.8,120.6367272,24.30080977
國4,4.9,120.6375692,24.30034113
國4,5.0,120.6384033,24.29986076
國4,5.1,120.6392313,24.29937167
國4,5.2,120.6400487,24.29886786
國4,5.3,120.6408502,24.29834303
國4,5.4,120.6416284,24.29778968
國4,5.5,120.6423802,24.29720648
國4,5.6,120.6431064,24.29659652
國4,5.7,120.6438103,24.29596498
國4,5.8,120.6445101,24.29532964
國4,5.9,120.64521,24.2946943
國4,6.0,120.6459128,24.29406174
國4,6.1,120.6466325,24.29344581
國4,6.2,120.647372,24.29284966
國4,6.3,120.6481316,24.29227504
國4,6.4,120.6489119,24.29172407
國4,6.5,120.6497105,24.29119558
國4,6.6,120.6505224,24.29068455
國4,6.7,120.6513454,24.29018843
國4,6.8,120.6521778,24.28970585
國4,6.9,120.6530151,24.28923032
國4,7.0,120.6538585,24.28876392
國4,7.1,120.654702,24.28829752
國4,7.2,120.6555455,24.28783111
國4,7.3,120.6563872,24.28736212
國4,7.4,120.6572277,24.28689121
國4,7.5,120.6580621,24.28641146
國4,7.6,120.658893,24.28592664
國4,7.7,120.65972,24.28543614
國4,7.8,120.6605381,24.28493341
國4,7.9,120.6613489,24.28442072
國4,8.0,120.6621524,24.28389863
國4,8.1,120.6629441,24.28336153
國4,8.2,120.6637208,24.28280628
國4,8.3,120.6644873,24.28223946
國4,8.4,120.6652382,24.28165527
國4,8.5,120.6659763,24.28105748
國4,8.6,120.6666994,24.28044452
國4,8.7,120.6674063,24.27981588
國4,8.8,120.6681029,24.27917764
國4,8.9,120.6687911,24.27853175
國4,9.0,120.6694735,24.27788072
國4,9.1,120.6701521,24.2772263
國4,9.2,120.6708307,24.27657187
國4,9.3,120.6715106,24.2759186
國4,9.4,120.6722018,24.27527544
國4,9.5,120.6729073,24.27464548
國4,9.6,120.6736349,24.27403725
國4,9.7,120.6743908,24.27345875
國4,9.8,120.6751723,24.27290987
國4,9.9,120.6759844,24.27239975
國4,10.0,120.676831,24.271939
國4,10.1,120.6777093,24.27153058
國4,10.2,120.6786149,24.27117627
國4,10.3,120.6795449,24.27087954
國4,10.4,120.6804943,24.27063997
國4,10.5,120.6814589,24.27045866
國4,10.6,120.6824328,24.27032444
國4,10.7,120.6834123,24.27023084
國4,10.8,120.6843949,24.27016973
國4,10.9,120.6853787,24.27012999
國4,11.0,120.6863634,24.2701187
國4,11.1,120.687348,24.2701307
國4,11.2,120.6883318,24.27017111
國4,11.3,120.6893138,24.27023722
國4,11.4,120.6902937,24.27032719
國4,11.5,120.6912701,24.27044439
國4,11.6,120.6922423,24.27058819
國4,11.7,120.6932102,24.27075494
國4,11.8,120.6941724,24.27094681
國4,11.9,120.695128,24.27116532
國4,12.0,120.6960767,24.27140743
國4,12.1,120.6970175,24.27167454
國4,12.2,120.6979495,24.2719663
國4,12.3,120.6988719,24.27228275
國4,12.4,120.6997844,24.2726224
國4,12.5,120.7006842,24.2729895
國4,12.6,120.701576,24.27337255
國4,12.7,120.7024561,24.27377792
國4,12.8,120.7033344,24.27418637
國4,12.9,120.7042088,24.2746019
國4,13.0,120.7050856,24.27501324
國4,13.1,120.7059675,24.27541521
國4,13.2,120.7068586,24.27579971
國4,13.3,120.7077628,24.27615746
國4,13.4,120.7086813,24.27648305
國4,13.5,120.7096107,24.27678162
國4,13.6,120.7105498,24.27705338
國4,13.7,120.7114997,24.27729157
國4,13.8,120.712458,24.27749951
國4,13.9,120.7134235,24.27767776
國4,14.0,120.7143949,24.27782666
國4,14.1,120.7153712,24.27794466
國4,14.2,120.7163518,24.27802918
國4,14.3,120.7173348,24.27808307
國4,14.4,120.7183192,24.27810863
國4,14.5,120.719304,24.27810056
國4,14.6,120.7202877,24.27805864
國4,14.7,120.7212699,24.27799292
國4,14.8,120.7222476,24.27788548
國4,14.9,120.7232208,24.27774737
國4,15.0,120.7241874,24.27757463
國4,15.1,120.7251467,24.27737024
國4,15.2,120.726097,24.27713306
國4,15.3,120.7270363,24.27686163
國4,15.4,120.7279627,24.27655511
國4,15.5,120.7288771,24.27621993
國4,15.6,120.7297776,24.27585442
國4,15.7,120.7306654,24.27546348
國4,15.8,120.7315448,24.27505685
國4,15.9,120.7324213,24.27464517
國4,16.0,120.7332979,24.27423348
國4,16.1,120.7341769,24.27382617
國4,16.2,120.7350604,24.27342723
國4,16.3,120.7359511,24.27304193
國4,16.4,120.7368516,24.27267627
國4,16.5,120.7377617,24.27233138
國4,16.6,120.7386775,24.27199952
國4,16.7,120.739606,24.27169874
國4,16.8,120.7405415,24.27141887
國4,16.9,120.7414808,24.27114983
國4,17.0,120.7424254,24.27089469
國4,17.1,120.7433726,24.2706474
國4,17.157,120.7439137,24.27051042
國5,0.0,121.6233414,25.03527135
國5,0.1,121.6242805,25.03498345
國5,0.2,121.6252196,25.03469554
國5,0.3,121.6261587,25.03440763
國5,0.4,121.6270977,25.03411971
國5,0.5,121.6280261,25.03380447
國5,0.6,121.6289389,25.03345367
國5,0.7,121.6298361,25.03307073
國5,0.8,121.6307108,25.03264666
國5,0.9,121.631564,25.03218773
國5,1.0,121.632394,25.03169483
國5,1.1,121.6331997,25.03116955
國5,1.2,121.6339789,25.03061206
國5,1.3,121.6347311,25.03002451
國5,1.4,121.6354582,25.02941202
國5,1.5,121.6361487,25.02876466
國5,1.6,121.6368072,25.02809027
國5,1.7,121.6374315,25.0273894
國5,1.8,121.6380232,25.02666541
國5,1.9,121.638576,25.02591628
國5,2.0,121.6390941,25.02514691
國5,2.1,121.6395736,25.02435701
國5,2.2,121.6400119,25.02354746
國5,2.3,121.6404132,25.02272214
國5,2.4,121.6407706,25.02188024
國5,2.5,121.6410744,25.02102113
國5,2.6,121.6413576,25.02015604
國5,2.7,121.6416344,25.01928922
國5,2.8,121.6419113,25.0184224
國5,2.9,121.6421881,25.01755558
國5,3.0,121.642465,25.01668877
國5,3.1,121.6427418,25.01582195
國5,3.2,121.6430187,25.01495513
國5,3.3,121.6433128,25.01409319
國5,3.4,121.6436744,25.01325306
國5,3.5,121.6441216,25.01244795
國5,3.6,121.6446575,25.01168898
國5,3.7,121.6452702,25.01097991
國5,3.8,121.6459132,25.0102931
國5,3.9,121.6465608,25.00961023
國5,4.0,121.6472086,25.00892743
國5,4.1,121.6478563,25.00824462
國5,4.2,121.6485041,25.00756181
國5,4.3,121.6491478,25.00687589
國5,4.4,121.6497333,25.00614881
國5,4.5,121.650208,25.00535783
國5,4.6,121.6505534,25.00451307
國5,4.7,121.6507749,25.00363417
國5,4.8,121.6509335,25.00274384
國5,4.9,121.6510921,25.00185351
國5,5.0,121.6512508,25.00096318
國5,5.1,121.6514094,25.00007285
國5,5.2,121.651568,24.99918252
國5,5.3,121.6517266,24.99829219
國5,5.4,121.6518853,24.99740186
國5,5.5,121.6520439,24.99651153
國5,5.6,121.6522083,24.99562209
國5,5.7,121.6524248,24.99474224
國5,5.8,121.6527551,24.99389223
國5,5.9,121.6532026,24.99308797
國5,6.0,121.6537647,24.9923456
國5,6.1,121.654431,24.99167887
國5,6.2,121.655186,24.99109619
國5,6.3,121.656016,24.99060563
國5,6.4,121.6568792,24.99016431
國5,6.5,121.6577109,24.989678
國5,6.6,121.6584012,24.98903476
國5,6.7,121.6589087,24.98826204
國5,6.8,121.6593308,24.98744565
國5,6.9,121.6597518,24.9866288
國5,7.0,121.6601729,24.98581194
國5,7.1,121.6605939,24.98499508
國5,7.2,121.6610282,24.98418399
國5,7.3,121.6615508,24.98341835
國5,7.4,121.662231,24.98276574
國5,7.5,121.6630659,24.98228488
國5,7.6,121.6640059,24.98200924
國5,7.7,121.6649906,24.9819289
國5,7.8,121.6659787,24.98197896
國5,7.9,121.6669619,24.98208607
國5,8.0,121.6679467,24.98217764
國5,8.1,121.668936,24.98218258
國5,8.2,121.6699159,24.98205877
國5,8.3,121.6708696,24.9818182
國5,8.4,121.6717924,24.98149207
國5,8.5,121.6726783,24.98109002
國5,8.6,121.6735219,24.98061805
國5,8.7,121.6743133,24.98007633
國5,8.8,121.6750493,24.9794732
國5,8.9,121.675714,24.97880494
國5,9.0,121.6762817,24.97806637
國5,9.1,121.6767314,24.97726286
國5,9.2,121.6770965,24.97642395
國5,9.3,121.6774316,24.9755745
國5,9.4,121.677785,24.97473145
國5,9.5,121.678222,24.97392183
國5,9.6,121.678742,24.97315418
國5,9.7,121.6793421,24.97243666
國5,9.8,121.6800214,24.97178042
國5,9.9,121.6807503,24.97116958
國5,10.0,121.6814893,24.97056854
國5,10.1,121.6822104,24.96994993
國5,10.2,121.6828849,24.96928957
國5,10.3,121.6835039,24.96858523
國5,10.4,121.6840565,24.96783633
國5,10.5,121.6845375,24.96704753
國5,10.6,121.6849538,24.96622879
國5,10.7,121.6852922,24.96538081
國5,10.8,121.6855589,24.96451172
國5,10.9,121.6857556,24.96362709
國5,11.0,121.6859187,24.96273667
國5,11.1,121.6860789,24.96184581
國5,11.2,121.6862718,24.96096054
國5,11.3,121.6865251,24.96008807
國5,11.4,121.686836,24.95923116
國5,11.5,121.6872073,24.95839453
國5,11.6,121.6876306,24.95757862
國5,11.7,121.6881105,24.95678915
國5,11.8,121.6886472,24.95603074
國5,11.9,121.6892291,24.95530049
國5,12.0,121.6898656,24.95460924
國5,12.1,121.6905456,24.95395335
國5,12.2,121.6912676,24.95333586
國5,12.3,121.6920331,24.95276348
國5,12.4,121.6928332,24.95223192
國5,12.5,121.6936713,24.95175147
國5,12.6,121.6945383,24.95131558
國5,12.7,121.6954355,24.95093417
國5,12.8,121.6963565,24.95060302
國5,12.9,121.6972978,24.95032376
國5,13.0,121.6982564,24.95009794
國5,13.1,121.6992256,24.94991344
國5,13.2,121.7001971,24.9497387
國5,13.3,121.7011598,24.94952829
國5,13.4,121.7020961,24.94923627
國5,13.5,121.7029951,24.94885972
國5,13.6,121.7038458,24.94839918
國5,13.7,121.704667,24.94789551
國5,13.8,121.7054924,24.94739813
國5,13.9,121.7063658,24.94697502
國5,14.0,121.7072816,24.94663377
國5,14.1,121.7082014,24.94630118
國5,14.2,121.7090827,24.9458931
國5,14.3,121.7098777,24.94535788
國5,14.4,121.7105698,24.94471477
國5,14.5,121.7111385,24.94397737
國5,14.6,121.7116352,24.94319682
國5,14.7,121.712124,24.94241185
國5,14.8,121.7126129,24.94162687
國5,14.9,121.7131017,24.9408419
國5,15.0,121.7135905,24.94005692
國5,15.1,121.7140793,24.93927194
國5,15.2,121.7145834,24.93849509
國5,15.3,121.7151302,24.93774276
國5,15.4,121.7157294,24.93702447
國5,15.5,121.7163826,24.93634649
國5,15.6,121.7170773,24.93570363
國5,15.7,121.7177894,24.93507641
國5,15.8,121.7184956,24.93444383
國5,15.9,121.7191698,24.93378299
國5,16.0,121.7197927,24.93308153
國5,16.1,121.7203631,24.93234388
國5,16.2,121.7208897,24.93157958
國5,16.3,121.7213936,24.93080253
國5,16.4,121.7218975,24.93002549
國5,16.5,121.7224014,24.92924844
國5,16.6,121.7229052,24.92847139
國5,16.7,121.7234091,24.92769433
國5,16.8,121.723913,24.92691728
國5,16.9,121.7244168,24.92614023
國5,17.0,121.7249256,24.9253659
國5,17.1,121.7254487,24.92459951
國5,17.2,121.7259875,24.92384224
國5,17.3,121.7265442,24.92309582
國5,17.4,121.727118,24.92236024
國5,17.5,121.7277081,24.92163553
國5,17.6,121.7283115,24.92091986
國5,17.7,121.7289331,24.92021734
國5,17.8,121.7295678,24.91952463
國5,17.9,121.7302169,24.91884314
國5,18.0,121.7308821,24.91817461
國5,18.1,121.731562,24.91751859
國5,18.2,121.7322569,24.91687565
國5,18.3,121.732965,24.9162449
國5,18.4,121.7336868,24.91562719
國5,18.5,121.7344218,24.9150226
國5,18.6,121.7351691,24.91443061
國5,18.7,121.735926,24.91384892
國5,18.8,121.7366835,24.9132678
國5,18.9,121.737441,24.91268669
國5,19.0,121.7381984,24.91210556
國5,19.1,121.7389559,24.91152444
國5,19.2,121.7397133,24.91094331
國5,19.3,121.7404708,24.91036217
國5,19.4,121.7412282,24.90978104
國5,19.5,121.7419856,24.90919989
國5,19.6,121.742743,24.90861875
國5,19.7,121.7435005,24.9080376
國5,19.8,121.7442579,24.90745645
國5,19.9,121.7450153,24.90687529
國5,20.0,121.7457726,24.90629413
國5,20.1,121.74653,24.90571297
國5,20.2,121.7472874,24.9051318
國5,20.3,121.7480448,24.90455063
國5,20.4,121.7488021,24.90396945
國5,20.5,121.7495569,24.90338551
國5,20.6,121.7503086,24.90279825
國5,20.7,121.7510464,24.90219658
國5,20.8,121.7517705,24.90158123
國5,20.9,121.7524813,24.90095308
國5,21.0,121.753178,24.90031192
國5,21.1,121.7538598,24.89965762
國5,21.2,121.7545285,24.8989921
國5,21.3,121.7551823,24.8983144
國5,21.4,121.7558202,24.89762422
國5,21.5,121.756443,24.89692272
國5,21.6,121.7570508,24.8962103
國5,21.7,121.7576428,24.89548687
國5,21.8,121.7582154,24.89475066
國5,21.9,121.7587788,24.89400852
國5,22.0,121.7593209,24.89325331
國5,22.1,121.7598529,24.89249213
國5,22.2,121.7603823,24.89172941
國5,22.3,121.7609116,24.89096668
國5,22.4,121.761441,24.89020394
國5,22.5,121.7619703,24.88944121
國5,22.6,121.7624997,24.88867848
國5,22.7,121.763029,24.88791574
國5,22.8,121.7635583,24.887153
國5,22.9,121.7640876,24.88639026
國5,23.0,121.7646169,24.88562752
國5,23.1,121.7651462,24.88486478
國5,23.2,121.7656755,24.88410203
國5,23.3,121.7662048,24.88333928
國5,23.4,121.766742,24.8825812
國5,23.5,121.7672967,24.88183369
國5,23.6,121.7678677,24.88109647
國5,23.7,121.7684547,24.88036979
國5,23.8,121.769058,24.87965429
國5,23.9,121.7696747,24.87894833
國5,24.0,121.7703097,24.87825603
國5,24.1,121.7709593,24.87757513
國5,24.2,121.7716232,24.87690576
國5,24.3,121.7723006,24.87624782
國5,24.4,121.772989,24.87559934
國5,24.5,121.7736792,24.87495246
國5,24.6,121.7743693,24.87430558
國5,24.7,121.7750595,24.8736587
國5,24.8,121.7757497,24.87301181
國5,24.9,121.7764399,24.87236492
國5,25.0,121.77713,24.87171803
國5,25.1,121.7778201,24.87107114
國5,25.2,121.7785103,24.87042424
國5,25.3,121.7792004,24.86977734
國5,25.4,121.7798905,24.86913043
國5,25.5,121.7805807,24.86848353
國5,25.6,121.7812708,24.86783662
國5,25.7,121.7819609,24.8671897
國5,25.8,121.782651,24.86654279
國5,25.9,121.7833407,24.86589554
國5,26.0,121.7840239,24.86524256
國5,26.1,121.7846977,24.86458154
國5,26.2,121.7853571,24.86390856
國5,26.3,121.7859931,24.86321718
國5,26.4,121.7866069,24.86250928
國5,26.5,121.7871913,24.86178108
國5,26.6,121.7877452,24.86103322
國5,26.7,121.788263,24.8602641
國5,26.8,121.788747,24.85947688
國5,26.9,121.7891976,24.85867325
國5,27.0,121.7896103,24.85785291
國5,27.1,121.7899873,24.85701838
國5,27.2,121.7903267,24.8561705
國5,27.3,121.7906286,24.85531092
國5,27.4,121.7908943,24.85444141
國5,27.5,121.7911212,24.85356282
國5,27.6,121.7913044,24.85267584
國5,27.7,121.7914456,24.85178257
國5,27.8,121.7915325,24.85088366
國5,27.9,121.7915513,24.84998141
國5,28.0,121.7914931,24.84908057
國5,28.1,121.7913488,24.84818789
國5,28.2,121.7911116,24.84731202
國5,28.3,121.7907797,24.84646243
國5,28.4,121.7903638,24.84564421
國5,28.5,121.7899297,24.84483375
國5,28.6,121.789546,24.84400271
國5,28.7,121.7892783,24.84313498
國5,28.8,121.7891464,24.84224148
國5,28.9,121.7891553,24.8413396
國5,29.0,121.7892922,24.84044594
國5,29.1,121.789482,24.83955996
國5,29.2,121.7896769,24.83867489
國5,29.3,121.7898718,24.83778982
國5,29.4,121.7900667,24.83690475
國5,29.5,121.7902616,24.83601968
國5,29.6,121.7904565,24.8351346
國5,29.7,121.7906354,24.83424683
國5,29.8,121.7907649,24.83335212
國5,29.9,121.7908159,24.83245076
國5,30.0,121.7907862,24.83154867
國5,30.1,121.7906786,24.83065153
國5,30.2,121.7904928,24.8297653
國5,30.3,121.7902344,24.82889414
國5,30.4,121.7898919,24.82804744
國5,30.5,121.7894861,24.82722463
國5,30.6,121.7890058,24.82643572
國5,30.7,121.788456,24.82568565
國5,30.8,121.7878475,24.82497421
國5,30.9,121.7871749,24.82431251
國5,31.0,121.7864638,24.82368504
國5,31.1,121.7857445,24.8230653
國5,31.2,121.7850391,24.82243267
國5,31.3,121.784381,24.82175885
國5,31.4,121.7837757,24.82104518
國5,31.5,121.7832242,24.82029607
國5,31.6,121.7827264,24.81951623
國5,31.7,121.7822848,24.81870873
國5,31.8,121.7819075,24.81787441
國5,31.9,121.7815897,24.81701969
國5,32.0,121.7813388,24.81614669
國5,32.1,121.7811445,24.8152617
國5,32.2,121.7810192,24.81436631
國5,32.3,121.7809612,24.81346527
國5,32.4,121.7809696,24.81256275
國5,32.5,121.7810421,24.81166262
國5,32.6,121.7811802,24.81076898
國5,32.7,121.7813817,24.8098854
國5,32.8,121.7816288,24.80901128
國5,32.9,121.7818794,24.80813798
國5,33.0,121.7821155,24.80726131
國5,33.1,121.7823172,24.80637766
國5,33.2,121.7824718,24.8054861
國5,33.3,121.7825772,24.80458862
國5,33.4,121.7826374,24.80368757
國5,33.5,121.7826574,24.80278507
國5,33.6,121.7826546,24.8018823
國5,33.7,121.7826244,24.80097998
國5,33.8,121.782577,24.80007826
國5,33.9,121.7825071,24.79917777
國5,34.0,121.782417,24.79827877
國5,34.1,121.7823053,24.79738179
國5,34.2,121.7821704,24.79648745
國5,34.3,121.7820076,24.79559703
國5,34.4,121.7818189,24.79471088
國5,34.5,121.7816051,24.7938295
國5,34.6,121.781363,24.79295424
國5,34.7,121.7810941,24.79208552
國5,34.8,121.7808044,24.79122234
國5,34.9,121.7804983,24.79036391
國5,35.0,121.7801856,24.78950742
國5,35.1,121.779873,24.78865092
國5,35.2,121.7795604,24.78779443
國5,35.3,121.7792688,24.78693183
國5,35.4,121.7790135,24.78605976
國5,35.5,121.7787887,24.78518071
國5,35.6,121.7785969,24.78429514
國5,35.7,121.778442,24.78340359
國5,35.8,121.7783276,24.78250695
國5,35.9,121.7782469,24.78160719
國5,36.0,121.7782021,24.78070536
國5,36.1,121.7781967,24.77980263
國5,36.2,121.778227,24.77890036
國5,36.3,121.7782928,24.77799962
國5,36.4,121.7783927,24.77710151
國5,36.5,121.7785202,24.77620628
國5,36.6,121.7786558,24.77531202
國5,36.7,121.7787952,24.77441825
國5,36.8,121.7789237,24.77352314
國5,36.9,121.7790194,24.77262466
國5,37.0,121.7790786,24.77172359
國5,37.1,121.7790958,24.77082102
國5,37.2,121.7790706,24.76991863
國5,37.3,121.7790047,24.76901792
國5,37.4,121.7788998,24.76812031
國5,37.5,121.7787544,24.76722739
國5,37.6,121.7785889,24.76633737
國5,37.7,121.7784203,24.76544784
國5,37.8,121.7782542,24.76455794
國5,37.9,121.7781103,24.76366487
國5,38.0,121.7779985,24.76276805
國5,38.1,121.7779255,24.76186784
國5,38.2,121.7778915,24.76096569
國5,38.3,121.7779011,24.76006305
國5,38.4,121.7779462,24.75916134
國5,38.5,121.7780286,24.75826185
國5,38.6,121.7781549,24.75736658
國5,38.7,121.7783164,24.75647608
國5,38.8,121.7785255,24.75559391
國5,38.9,121.778766,24.75471842
國5,39.0,121.7790438,24.75385214
國5,39.1,121.779352,24.7529944
國5,39.2,121.7796769,24.75214176
國5,39.3,121.7800037,24.7512897
國5,39.4,121.7803286,24.75043707
國5,39.5,121.7806292,24.74957707
國5,39.6,121.7808955,24.74870773
國5,39.7,121.78112,24.74782864
國5,39.8,121.7813101,24.74694281
國5,39.9,121.7814605,24.74605064
國5,40.0,121.7815745,24.745154
國5,40.1,121.7816459,24.7442537
國5,40.2,121.7816798,24.74335151
國5,40.3,121.7816803,24.74244876
國5,40.4,121.7816536,24.7415463
國5,40.5,121.7816268,24.74064383
國5,40.6,121.7816033,24.73974131
國5,40.7,121.7815972,24.73883859
國5,40.8,121.7816248,24.73793626
國5,40.9,121.7816913,24.73703563
國5,41.0,121.781796,24.73613805
國5,41.1,121.7819403,24.735245
國5,41.2,121.7821269,24.7343585
國5,41.3,121.7823484,24.73347882
國5,41.4,121.7826034,24.73260664
國5,41.5,121.7828807,24.73174012
國5,41.6,121.7831709,24.7308771
國5,41.7,121.7834615,24.73001421
國5,41.8,121.7837521,24.72915131
國5,41.9,121.7840427,24.72828842
國5,42.0,121.7843332,24.72742552
國5,42.1,121.7846238,24.72656262
國5,42.2,121.7849144,24.72569972
國5,42.3,121.785205,24.72483682
國5,42.4,121.7854956,24.72397392
國5,42.5,121.7857861,24.72311103
國5,42.6,121.7860767,24.72224812
國5,42.7,121.7863672,24.72138522
國5,42.8,121.7866578,24.72052232
國5,42.9,121.7869484,24.71965942
國5,43.0,121.7872389,24.71879652
國5,43.1,121.7875282,24.71793327
國5,43.2,121.7878088,24.71706764
國5,43.3,121.7880894,24.71620201
國5,43.4,121.7883658,24.71533529
國5,43.5,121.7886305,24.71446546
國5,43.6,121.7888881,24.71359389
國5,43.7,121.789134,24.7127195
國5,43.8,121.7893671,24.71184223
國5,43.9,121.7895853,24.71096179
國5,44.0,121.7897869,24.71007806
國5,44.1,121.7899727,24.70919144
國5,44.2,121.7901408,24.70830185
國5,44.3,121.7902891,24.70740932
國5,44.4,121.7904216,24.7065147
國5,44.5,121.7905353,24.70561795
國5,44.6,121.7906311,24.70471942
國5,44.7,121.790711,24.7038196
國5,44.8,121.7907738,24.70291865
國5,44.9,121.7908134,24.7020166
國5,45.0,121.7908463,24.70111433
國5,45.1,121.7908629,24.70021166
國5,45.2,121.7908718,24.69930891
國5,45.3,121.7908744,24.69840611
國5,45.4,121.7908716,24.69750332
國5,45.5,121.7908683,24.69660052
國5,45.6,121.7908651,24.69569773
國5,45.7,121.7908666,24.69479494
國5,45.8,121.7908758,24.6938922
國5,45.9,121.7909034,24.69298975
國5,46.0,121.7909474,24.69208794
國5,46.1,121.7910101,24.691187
國5,46.2,121.7910993,24.69028792
國5,46.3,121.7912113,24.68939098
國5,46.4,121.7913477,24.68849686
國5,46.5,121.7915088,24.68760617
國5,46.6,121.7916893,24.68671859
國5,46.7,121.7918929,24.68583519
國5,46.8,121.7921102,24.6849545
國5,46.9,121.7923404,24.68407654
國5,47.0,121.7925768,24.68319997
國5,47.1,121.7928163,24.68232409
國5,47.2,121.7930558,24.68144821
國5,47.3,121.7932953,24.68057233
國5,47.4,121.7935348,24.67969645
國5,47.5,121.7937743,24.67882057
國5,47.6,121.7940139,24.67794469
國5,47.7,121.7942534,24.67706881
國5,47.8,121.7944929,24.67619293
國5,47.9,121.7947324,24.67531705
國5,48.0,121.7949718,24.67444117
國5,48.1,121.7952113,24.67356529
國5,48.2,121.7954508,24.67268941
國5,48.3,121.7956903,24.67181353
國5,48.4,121.7959345,24.67093875
國5,48.5,121.7961942,24.67006772
國5,48.6,121.7964792,24.66920338
國5,48.7,121.7967958,24.66834832
國5,48.8,121.7971494,24.66750537
國5,48.9,121.7975402,24.66667621
國5,49.0,121.7979679,24.66586241
國5,49.1,121.7984275,24.66506335
國5,49.2,121.7989216,24.66428164
國5,49.3,121.7994365,24.66351138
國5,49.4,121.7999646,24.66274865
國5,49.5,121.800497,24.66198848
國5,49.6,121.8010293,24.6612283
國5,49.7,121.8015489,24.66046053
國5,49.8,121.802049,24.65968205
國5,49.9,121.8025173,24.6588872
國5,50.0,121.8029489,24.65807533
國5,50.1,121.8033355,24.65724477
國5,50.2,121.8036766,24.65639787
國5,50.3,121.8039706,24.65553646
國5,50.4,121.8042155,24.65466218
國5,50.5,121.804414,24.65377802
國5,50.6,121.8045635,24.65288578
國5,50.7,121.8046664,24.65198801
國5,50.8,121.8047194,24.65108658
國5,50.9,121.8047384,24.65018407
國5,51.0,121.8047317,24.64928134
國5,51.1,121.8047091,24.64837879
國5,51.2,121.8046824,24.64747632
國5,51.3,121.8046557,24.64657384
國5,51.4,121.8046371,24.6456712
國5,51.5,121.8046358,24.64476842
國5,51.6,121.8046571,24.64386587
國5,51.7,121.8047041,24.64296411
國5,51.8,121.8047804,24.64206404
國5,51.9,121.8048884,24.64116669
國5,52.0,121.805021,24.64027215
國5,52.1,121.8051792,24.63938108
國5,52.2,121.8053653,24.63849449
國5,52.3,121.8055738,24.63761207
國5,52.4,121.805798,24.63673284
國5,52.5,121.8060262,24.63585447
國5,52.6,121.806257,24.63497665
國5,52.7,121.8064896,24.63409924
國5,52.8,121.8067222,24.63322183
國5,52.9,121.8069562,24.63234475
國5,53.0,121.8071926,24.63146817
國5,53.1,121.8074375,24.63059359
國5,53.2,121.8076924,24.6297214
國5,53.3,121.8079637,24.62885336
國5,53.4,121.8082593,24.62799197
國5,53.5,121.808571,24.62713538
國5,53.6,121.8089094,24.62628732
國5,53.7,121.8092713,24.62544737
國5,53.729,121.8093787,24.62520464
國6,0.0,120.6720775,24.02557643
國6,0.1,120.6729446,24.02515119
國6,0.2,120.6738117,24.02472594
國6,0.3,120.6746788,24.02430068
國6,0.4,120.6755459,24.02387542
國6,0.5,120.6764129,24.02345015
國6,0.6,120.67728,24.02302488
國6,0.7,120.6781471,24.0225996
國6,0.8,120.6790141,24.02217432
國6,0.9,120.6798812,24.02174904
國6,1.0,120.6807482,24.02132374
國6,1.1,120.6816153,24.02089845
國6,1.2,120.6824803,24.02046988
國6,1.3,120.6833385,24.02002985
國6,1.4,120.6841778,24.01956023
國6,1.5,120.6849956,24.01905943
國6,1.6,120.6857831,24.0185193
國6,1.7,120.6865451,24.01794894
國6,1.8,120.6872909,24.01736075
國6,1.9,120.6880367,24.01677255
國6,2.0,120.6887863,24.01618855
國6,2.1,120.689559,24.0156305
國6,2.2,120.6903631,24.01511152
國6,2.3,120.6911958,24.01463205
國6,2.4,120.6920586,24.0141998
國6,2.5,120.6929443,24.01380842
國6,2.6,120.6938524,24.01346314
國6,2.7,120.6947795,24.01316345
國6,2.8,120.6957172,24.01289276
國6,2.9,120.6966567,24.01262733
國6,3.0,120.6975952,24.01235871
國6,3.1,120.6985258,24.01206827
國6,3.2,120.6994406,24.0117383
國6,3.3,120.7003377,24.01136966
國6,3.4,120.7012149,24.01096263
國6,3.5,120.7020693,24.01051643
國6,3.6,120.7029119,24.01005184
國6,3.7,120.7037511,24.009582
國6,3.8,120.7045903,24.00911215
國6,3.9,120.7054381,24.00865558
國6,4.0,120.7063029,24.00822669
國6,4.1,120.707185,24.00782895
國6,4.2,120.708091,24.00747923
國6,4.3,120.7090177,24.0071787
國6,4.4,120.7099595,24.00692101
國6,4.5,120.7109179,24.00672131
國6,4.6,120.711886,24.00656588
國6,4.7,120.7128624,24.00646458
國6,4.8,120.7138435,24.00641161
國6,4.9,120.7148263,24.00641469
國6,5.0,120.7158082,24.00645364
國6,5.1,120.7167878,24.00652666
國6,5.2,120.7177656,24.00661863
國6,5.3,120.718743,24.00671382
國6,5.4,120.719721,24.0068036
國6,5.5,120.7207015,24.00686497
國6,5.6,120.7216842,24.00687602
國6,5.7,120.7226661,24.00684075
國6,5.8,120.7236444,24.00675437
國6,5.9,120.7246155,24.00661628
國6,6.0,120.7255769,24.00642904
國6,6.1,120.7265254,24.00619295
國6,6.2,120.7274627,24.00592173
國6,6.3,120.7283944,24.00563444
國6,6.4,120.7293197,24.0053303
國6,6.5,120.7302403,24.00501398
國6,6.6,120.7311539,24.00468127
國6,6.7,120.7320609,24.00433354
國6,6.8,120.7329625,24.00397412
國6,6.9,120.7338597,24.00360555
國6,7.0,120.7347461,24.00321529
國6,7.1,120.7356253,24.00281191
國6,7.2,120.7364861,24.00237654
國6,7.3,120.7373128,24.00188859
國6,7.4,120.7381053,24.00135491
國6,7.5,120.7388578,24.00077449
國6,7.6,120.7395726,24.00015517
國6,7.7,120.7402697,23.99951888
國6,7.8,120.7409686,23.99888428
國6,7.9,120.7416926,23.99827421
國6,8.0,120.7424598,23.99771062
國6,8.1,120.7432762,23.99720872
國6,8.2,120.7441341,23.99676893
國6,8.3,120.7450289,23.9963961
國6,8.4,120.7459381,23.9960535
國6,8.5,120.7468509,23.99571878
國6,8.6,120.7477614,23.99537906
國6,8.7,120.748655,23.99500348
國6,8.8,120.7495144,23.99456623
國6,8.9,120.7503337,23.99406822
國6,9.0,120.7511062,23.99351043
國6,9.1,120.7518209,23.99289119
國6,9.2,120.7524804,23.99222246
國6,9.3,120.7530816,23.99150845
國6,9.4,120.7536379,23.99076419
國6,9.5,120.7541772,23.99000938
國6,9.6,120.7547165,23.98925456
國6,9.7,120.7552674,23.98850684
國6,9.8,120.7558476,23.98777813
國6,9.9,120.7564708,23.98708012
國6,10.0,120.757142,23.98642097
國6,10.1,120.7578649,23.98580958
國6,10.2,120.7586334,23.98524732
國6,10.3,120.7594432,23.98473632
國6,10.4,120.7602899,23.98427864
國6,10.5,120.7611707,23.98387884
國6,10.6,120.7620783,23.98353319
國6,10.7,120.7630018,23.98322508
國6,10.8,120.7639398,23.98295624
國6,10.9,120.7648897,23.98272577
國6,11.0,120.7658496,23.98253289
國6,11.1,120.7668175,23.98237805
國6,11.2,120.7677922,23.98226351
國6,11.3,120.7687713,23.98218907
國6,11.4,120.7697534,23.98216625
國6,11.5,120.7707346,23.98220901
國6,11.6,120.7717097,23.98231871
國6,11.7,120.7726737,23.98249214
國6,11.8,120.7736205,23.98273311
國6,11.9,120.7745454,23.98303745
國6,12.0,120.7754442,23.983402
國6,12.1,120.7763097,23.9838292
國6,12.2,120.7771323,23.98432253
國6,12.3,120.7778969,23.98488904
國6,12.4,120.778599,23.98552043
國6,12.5,120.7792616,23.9861873
國6,12.6,120.7799325,23.98684699
國6,12.7,120.7806741,23.98743811
國6,12.8,120.7814988,23.98792736
國6,12.9,120.782391,23.98830384
國6,13.0,120.783332,23.98856164
國6,13.1,120.784304,23.98868928
國6,13.2,120.7852855,23.98868961
國6,13.3,120.7862583,23.98856711
國6,13.4,120.7872001,23.988312
國6,13.5,120.7881096,23.98797061
國6,13.6,120.7890096,23.9876078
國6,13.7,120.7899263,23.98728388
國6,13.8,120.7908804,23.98707087
國6,13.9,120.7918581,23.98698847
國6,14.0,120.7928387,23.98703273
國6,14.1,120.7938015,23.98720743
國6,14.2,120.7947407,23.98747189
國6,14.3,120.7956674,23.98777109
國6,14.4,120.7965756,23.98811474
國6,14.5,120.7974676,23.98849248
國6,14.6,120.7983281,23.98892648
國6,14.7,120.7991151,23.98946411
國6,14.8,120.7997891,23.99011911
國6,14.9,120.8003385,23.9908661
國6,15.0,120.8007446,23.99168688
國6,15.1,120.8009992,23.99255741
國6,15.2,120.8010906,23.9934549
國6,15.3,120.801107,23.9943573
國6,15.4,120.8011744,23.99525699
國6,15.5,120.8014001,23.99613405
國6,15.6,120.8017799,23.99696518
國6,15.7,120.8023049,23.99772664
國6,15.8,120.8029583,23.99839889
國6,15.9,120.803698,23.99899271
國6,16.0,120.8044531,23.9995703
國6,16.1,120.8052137,24.00014169
國6,16.2,120.8059834,24.00070288
國6,16.3,120.8067647,24.00125048
國6,16.4,120.8075514,24.00179147
國6,16.5,120.808347,24.00232157
國6,16.6,120.8091532,24.00283791
國6,16.7,120.8099684,24.00334202
國6,16.8,120.8108206,24.00379152
國6,16.9,120.8117087,24.00417787
國6,17.0,120.8126257,24.0045023
國6,17.1,120.8135663,24.00476384
國6,17.2,120.8145256,24.00495938
國6,17.3,120.8154982,24.00508773
國6,17.4,120.8164784,24.00515156
國6,17.5,120.8174609,24.00514739
國6,17.6,120.8184404,24.00507483
國6,17.7,120.8194116,24.00493896
國6,17.8,120.8203728,24.00475171
國6,17.9,120.821328,24.00453955
國6,18.0,120.8222836,24.00432888
國6,18.1,120.8232431,24.00413418
國6,18.2,120.8242104,24.00397568
國6,18.3,120.8251849,24.00385978
國6,18.4,120.8261638,24.00378293
國6,18.5,120.8271454,24.00374267
國6,18.6,120.8281279,24.00372487
國6,18.7,120.8291105,24.00371152
國6,18.8,120.8300931,24.00369817
國6,18.9,120.8310751,24.00366362
國6,19.0,120.8320555,24.00360353
國6,19.1,120.8330328,24.00350996
國6,19.2,120.8340056,24.0033825
國6,19.3,120.8349722,24.00322011
國6,19.4,120.8359306,24.00302063
國6,19.5,120.8368793,24.00278535
國6,19.6,120.8378172,24.00251617
國6,19.7,120.8387425,24.00221226
國6,19.8,120.8396547,24.00187661
國6,19.9,120.8405512,24.00150695
國6,20.0,120.8414377,24.00111752
國6,20.1,120.8423138,24.00070862
國6,20.2,120.8431777,24.00027823
國6,20.3,120.8440333,23.99983418
國6,20.4,120.8448842,23.99938251
國6,20.5,120.8457234,23.99891252
國6,20.6,120.8465533,23.99842903
國6,20.7,120.8473781,23.99793816
國6,20.8,120.8481913,23.99743102
國6,20.9,120.8489916,23.99690708
國6,21.0,120.8497768,23.99636435
國6,21.1,120.850543,23.9957991
國6,21.2,120.8512783,23.99520008
國6,21.3,120.851979,23.99456709
國6,21.4,120.8526499,23.99390745
國6,21.5,120.8532827,23.99321672
國6,21.6,120.8538752,23.99249638
國6,21.7,120.8544326,23.99175283
國6,21.8,120.8549664,23.99099474
國6,21.9,120.855487,23.99022887
國6,22.0,120.8560067,23.98946252
國6,22.1,120.8565374,23.98870258
國6,22.2,120.8571001,23.98796257
國6,22.3,120.8577115,23.98725589
國6,22.4,120.8583699,23.98658579
國6,22.5,120.8590746,23.98595663
國6,22.6,120.8598216,23.98537013
國6,22.7,120.8605965,23.98481509
國6,22.8,120.861381,23.98427144
國6,22.9,120.8621607,23.98372199
國6,23.0,120.8629161,23.98314507
國6,23.1,120.8636279,23.98252303
國6,23.2,120.8642946,23.98186034
國6,23.3,120.8649286,23.9811706
國6,23.4,120.8655547,23.98047485
國6,23.5,120.8661999,23.97979409
國6,23.6,120.8668948,23.97915628
國6,23.7,120.8676403,23.97856879
國6,23.8,120.8684426,23.97804833
國6,23.9,120.8692886,23.97759004
國6,24.0,120.8701792,23.97720948
國6,24.1,120.8711051,23.97690851
國6,24.2,120.8720594,23.97669561
國6,24.3,120.8730321,23.97657049
國6,24.4,120.8740136,23.97653657
國6,24.5,120.8749936,23.97659561
國6,24.6,120.8759622,23.97674315
國6,24.7,120.8769126,23.97697083
國6,24.8,120.8778337,23.977284
國6,24.9,120.8787214,23.97767048
國6,25.0,120.8795867,23.97809834
國6,25.1,120.8804449,23.97853798
國6,25.2,120.8813027,23.97897845
國6,25.3,120.8821605,23.97941891
國6,25.4,120.883021,23.97985482
國6,25.5,120.8838941,23.98026875
國6,25.6,120.8847963,23.98062583
國6,25.7,120.8857292,23.98090853
國6,25.8,120.886686,23.98111293
國6,25.9,120.887659,23.9812367
國6,26.0,120.88864,23.98128129
國6,26.1,120.8896212,23.98123689
國6,26.2,120.890595,23.98111922
國6,26.3,120.8915544,23.9809248
國6,26.4,120.8925036,23.9806908
國6,26.5,120.8934527,23.9804568
國6,26.6,120.8944019,23.98022278
國6,26.7,120.8953537,23.97999839
國6,26.8,120.896309,23.97978667
國6,26.9,120.8972693,23.97959515
國6,27.0,120.8982334,23.97942046
國6,27.1,120.8992022,23.97926983
國6,27.2,120.9001744,23.97913888
國6,27.3,120.9011489,23.97902264
國6,27.4,120.902121,23.9788915
國6,27.5,120.9030897,23.97873998
國6,27.6,120.9040584,23.97858844
國6,27.7,120.9050308,23.97845866
國6,27.8,120.9060074,23.97836049
國6,27.9,120.9069872,23.97829228
國6,28.0,120.9079689,23.9782564
國6,28.1,120.9089515,23.97825417
國6,28.2,120.9099336,23.97828248
國6,28.3,120.9109137,23.97834573
國6,28.4,120.9118917,23.9784322
國6,28.5,120.912865,23.97855553
國6,28.6,120.9138364,23.97869188
國6,28.7,120.9148078,23.97882805
國6,28.8,120.9157812,23.97895139
國6,28.9,120.9167558,23.9790672
國6,29.0,120.9177271,23.97920419
國6,29.1,120.9186963,23.97935303
國6,29.2,120.9196621,23.97951905
國6,29.3,120.9206238,23.97970342
國6,29.4,120.9215812,23.97990531
國6,29.5,120.9225338,23.98012591
國6,29.6,120.9234827,23.98035991
國6,29.7,120.9244256,23.98061385
國6,29.8,120.9253657,23.98087695
國6,29.9,120.9263,23.9811569
國6,30.0,120.9272274,23.98145512
國6,30.1,120.9281496,23.98176639
國6,30.2,120.9290637,23.98209663
國6,30.3,120.9299665,23.9824523
國6,30.4,120.9308493,23.98284796
國6,30.5,120.93171,23.98328294
國6,30.6,120.9325357,23.98377192
國6,30.7,120.9333282,23.98430539
國6,30.8,120.9340782,23.98488858
國6,30.9,120.9348116,23.98548952
國6,31.0,120.935545,23.98609046
國6,31.1,120.9362924,23.9866766
國6,31.2,120.9370694,23.98722917
國6,31.3,120.9378756,23.98774524
國6,31.4,120.9387099,23.98822214
國6,31.5,120.9395681,23.98866188
國6,31.6,120.9404427,23.98907354
國6,31.7,120.9413336,23.98945431
國6,31.8,120.9422362,23.98981136
國6,31.9,120.9431557,23.9901298
國6,32.0,120.9440861,23.99042023
國6,32.1,120.94503,23.990671
國6,32.2,120.9459831,23.99089072
國6,32.3,120.9469463,23.99106985
國6,32.4,120.9479168,23.99121188
國6,32.5,120.9488928,23.99131648
國6,32.6,120.9498727,23.99138439
國6,32.7,120.9508546,23.99141807
國6,32.8,120.9518373,23.99143057
國6,32.9,120.95282,23.99143772
國6,33.0,120.9538026,23.99145255
國6,33.1,120.9547834,23.99150738
國6,33.2,120.955759,23.99161469
國6,33.3,120.9567255,23.99177755
國6,33.4,120.9576848,23.9919733
國6,33.5,120.9586423,23.99217652
國6,33.6,120.9596048,23.99235881
國6,33.7,120.9605782,23.99247984
國6,33.8,120.9615599,23.99251285
國6,33.9,120.9625403,23.99245597
國6,34.0,120.9635091,23.99230697
國6,34.1,120.9644575,23.99207255
國6,34.2,120.9653756,23.99175162
國6,34.3,120.9662555,23.99135045
國6,34.4,120.9670952,23.99088186
國6,34.5,120.9679186,23.99038948
國6,34.6,120.9687399,23.98989395
國6,34.7,120.9695671,23.98940687
國6,34.8,120.9704148,23.98895074
國6,34.9,120.9712851,23.988532
國6,35.0,120.9721789,23.98815732
國6,35.1,120.9730932,23.98782692
國6,35.2,120.9740247,23.98753967
國6,35.3,120.9749691,23.98728994
國6,35.4,120.9759198,23.98706127
國6,35.5,120.9768706,23.98683259
國6,35.6,120.9778179,23.98659256
國6,35.7,120.9787528,23.98631522
國6,35.8,120.9796687,23.98598877
國6,35.9,120.9805645,23.98561814
國6,36.0,120.9814403,23.9852091
國6,36.1,120.9823064,23.98478269
國6,36.2,120.9831733,23.98435763
國6,36.3,120.9840532,23.98395594
國6,36.4,120.9849548,23.98359706
國6,36.5,120.9858771,23.98328583
國6,36.6,120.9868082,23.98299684
國6,36.7,120.9877466,23.98272886
國6,36.8,120.9886893,23.98247399
國6,36.9,120.9896564,23.98233353
國6,37.0,120.9906286,23.98245018
國6,37.1,120.9916005,23.98251926
國6,37.2,120.9924252,23.98207433
國6,37.3,120.9925577,23.98120054
國6,37.4,120.9924759,23.98030084
國6,37.5,120.9924,23.97940095
國6,37.558,120.9924123,23.97887809
國8,0.0,120.1954306,23.08046593
國8,0.1,120.195982,23.08121092
國8,0.2,120.1965592,23.08193893
國8,0.3,120.1971613,23.08264953
國8,0.4,120.1977876,23.08334199
國8,0.5,120.1984394,23.08401396
國8,0.6,120.1991181,23.08466274
國8,0.7,120.1998318,23.08527862
國8,0.8,120.2005741,23.08586473
國8,0.9,120.2013473,23.08641547
國8,1.0,120.2021499,23.08692911
國8,1.1,120.2029796,23.08740426
國8,1.2,120.2038309,23.0878458
國8,1.3,120.2047085,23.08824069
國8,1.4,120.2056054,23.08859647
國8,1.5,120.2065199,23.08891135
國8,1.6,120.207451,23.08918104
國8,1.7,120.2083946,23.08941044
國8,1.8,120.2093496,23.08959592
國8,1.9,120.2103141,23.08973312
國8,2.0,120.2112845,23.08982802
國8,2.1,120.2122587,23.08988204
國8,2.2,120.2132346,23.0898829
國8,2.3,120.2142096,23.0898458
國8,2.4,120.2151812,23.08976092
國8,2.5,120.2161466,23.08962922
國8,2.6,120.2171037,23.08945292
國8,2.7,120.2180514,23.08923734
國8,2.8,120.2189854,23.08897541
國8,2.9,120.2199042,23.08867112
國8,3.0,120.220804,23.08832169
國8,3.1,120.2216848,23.08793289
國8,3.2,120.2225454,23.08750711
國8,3.3,120.2233845,23.08704599
國8,3.4,120.2242078,23.08656104
國8,3.5,120.2250187,23.08605861
國8,3.6,120.2258235,23.08554781
國8,3.7,120.2266283,23.08503701
國8,3.8,120.2274378,23.08453266
國8,3.9,120.228253,23.08403653
國8,4.0,120.2290847,23.08356439
國8,4.1,120.2299333,23.08311839
國8,4.2,120.2307972,23.08269843
國8,4.3,120.2316746,23.08230305
國8,4.4,120.2325655,23.08193443
國8,4.5,120.2334707,23.08159683
國8,4.6,120.234387,23.08128621
國8,4.7,120.2353142,23.08100454
國8,4.8,120.2362516,23.08075302
國8,4.9,120.237196,23.08052563
國8,5.0,120.2381493,23.08033228
國8,5.1,120.2391086,23.08016642
國8,5.2,120.2400734,23.08003042
國8,5.3,120.2410419,23.07991925
國8,5.4,120.2420132,23.07983058
國8,5.5,120.2429861,23.07975995
國8,5.6,120.2439599,23.07970046
國8,5.7,120.2449345,23.07965239
國8,5.8,120.2459093,23.07960921
國8,5.9,120.2468841,23.07956603
國8,6.0,120.2478589,23.07952284
國8,6.1,120.2488334,23.07947399
國8,6.2,120.2498071,23.07941376
國8,6.3,120.2507796,23.07933823
國8,6.4,120.2517505,23.07924704
國8,6.5,120.2527186,23.07913291
國8,6.6,120.253683,23.07899437
國8,6.7,120.2546414,23.07882376
國8,6.8,120.2555933,23.07862457
國8,6.9,120.2565376,23.07839651
國8,7.0,120.2574728,23.07813843
國8,7.1,120.2583979,23.07785112
國8,7.2,120.2593131,23.0775376
國8,7.3,120.2602158,23.07719472
國8,7.4,120.2611056,23.07682385
國8,7.5,120.2619829,23.07642856
國8,7.6,120.2628437,23.07600322
國8,7.7,120.2636906,23.07555457
國8,7.8,120.2645194,23.0750779
國8,7.9,120.2653313,23.07457707
國8,8.0,120.2661266,23.07405376
國8,8.1,120.2669061,23.07351055
國8,8.2,120.2676717,23.07295063
國8,8.3,120.2684238,23.07237517
國8,8.4,120.2691631,23.07178564
國8,8.5,120.2698948,23.07118809
國8,8.6,120.2706163,23.07058007
國8,8.7,120.2713331,23.0699672
國8,8.8,120.2720469,23.06935147
國8,8.9,120.2727608,23.06873573
國8,9.0,120.2734746,23.06811999
國8,9.1,120.2741885,23.06750424
國8,9.2,120.2749059,23.0668921
國8,9.3,120.2756285,23.0662852
國8,9.4,120.2763611,23.06568863
國8,9.5,120.2770991,23.06509788
國8,9.6,120.2778506,23.06452202
國8,9.7,120.2786138,23.06395939
國8,9.8,120.2793915,23.06341412
國8,9.9,120.2801822,23.06288519
國8,10.0,120.2809876,23.06237535
國8,10.1,120.2818113,23.0618913
國8,10.2,120.2826511,23.06143152
國8,10.3,120.283508,23.06099968
國8,10.4,120.2843823,23.06059902
國8,10.5,120.2852705,23.06022546
國8,10.6,120.2861724,23.0598813
國8,10.7,120.2870876,23.05956829
國8,10.8,120.2880145,23.05928617
國8,10.9,120.2889515,23.05903409
國8,11.0,120.2898969,23.05881065
國8,11.1,120.290851,23.05862154
國8,11.2,120.2918117,23.05846391
國8,11.3,120.2927779,23.05833795
國8,11.4,120.293748,23.05824106
國8,11.5,120.2947214,23.05817835
國8,11.6,120.2956967,23.05815065
國8,11.7,120.2966724,23.05815317
國8,11.8,120.2976475,23.05818666
國8,11.9,120.2986208,23.05825134
國8,12.0,120.2995907,23.05835107
國8,12.1,120.3005558,23.05848377
國8,12.2,120.3015159,23.05864485
國8,12.3,120.3024686,23.05884025
國8,12.4,120.3034139,23.05906406
國8,12.5,120.3043491,23.05932179
國8,12.6,120.3052742,23.059609
國8,12.7,120.3061872,23.05992766
國8,12.8,120.3070878,23.06027526
國8,12.9,120.3079767,23.06064769
國8,13.0,120.3088579,23.0610356
國8,13.1,120.3097324,23.06143618
國8,13.2,120.3106043,23.06184189
國8,13.3,120.3114761,23.06224758
國8,13.4,120.3123514,23.0626469
國8,13.5,120.3132354,23.06302919
國8,13.6,120.3141335,23.06338219
國8,13.7,120.3150484,23.06369603
國8,13.8,120.3159795,23.06396587
國8,13.9,120.3169252,23.06418841
國8,14.0,120.3178816,23.06436725
國8,14.1,120.3188475,23.0644946
國8,14.2,120.3198188,23.06457898
國8,14.3,120.3207937,23.06461345
國8,14.4,120.3217691,23.06459926
國8,14.5,120.3227426,23.06454095
國8,14.6,120.3237117,23.06443542
國8,14.7,120.3246727,23.06427957
國8,14.8,120.3256239,23.06407883
國8,14.9,120.3265622,23.06383178
國8,15.0,120.3274867,23.06354295
國8,15.1,120.3283912,23.06320438
國8,15.2,120.3292753,23.06282248
國8,15.3,120.3301372,23.06239939
國8,15.4,120.3309756,23.06193787
國8,15.496,120.3317548,23.0614572
國2甲,0.0,121.2005862,25.0734771
國2甲,0.1,121.2010531,25.0726807
國2甲,0.2,121.2014211,25.0718425
國2甲,0.3,121.2019999,25.0711106
國2甲,0.4,121.2028206,25.0706045
國2甲,0.5,121.2036943,25.0701783
國2甲,0.6,121.2045234,25.0696835
國2甲,0.7,121.2053274,25.0691556
國2甲,0.8,121.2060896,25.0685785
國2甲,0.9,121.2067919,25.0679415
國2甲,1.0,121.2074381,25.067257
國2甲,1.1,121.2080645,25.0665573
國2甲,1.2,121.2086737,25.0658451
國2甲,1.3,121.2092837,25.0651334
國2甲,1.4,121.2098994,25.064426
國2甲,1.5,121.2105111,25.0637156
國2甲,1.6,121.2110878,25.0629813
國2甲,1.7,121.2116428,25.0622333
國2甲,1.8,121.2121833,25.0614767
國2甲,1.9,121.2126446,25.0606777
國2甲,2.0,121.2130374,25.0598491
國2甲,2.1,121.2133343,25.0589877
國2甲,2.2,121.2136237,25.0581243
國2甲,2.274,121.2138511,25.0574943
國4,16.6,120.7386775,24.27199952
國4,16.7,120.739606,24.27169874
國4,16.8,120.7405415,24.27141887
國4,16.9,120.7414808,24.27114983
國4,17.0,120.7424254,24.27089469
國4,17.1,120.7433706,24.2706409
國4,17.2,120.7443174,24.2703921
國4,17.3,120.7452623,24.2701372
國4,17.4,120.7462017,24.269866
國4,17.5,120.7471315,24.2695682
國4,17.6,120.7480475,24.2692363
國4,17.7,120.7489472,24.268869
國4,17.8,120.749829,24.2684669
國4,17.9,120.7506912,24.2680306
國4,18.0,120.7515316,24.2675598
國4,18.1,120.7523422,24.2670471
國4,18.2,120.7531068,24.2664781
國4,18.3,120.75381,24.2658463
國4,18.4,120.7544442,24.2651558
國4,18.5,120.7550033,24.2644128
國4,18.6,120.7554824,24.2636241
國4,18.7,120.7558769,24.262797
國4,18.8,120.7561832,24.2619391
國4,18.9,120.7563994,24.2610584
國4,19.0,120.7565212,24.2601626
國4,19.1,120.7565497,24.2592603
國4,19.2,120.7564839,24.2583596
國4,19.3,120.7562994,24.257473
國4,19.4,120.7560583,24.2565992
國4,19.5,120.7557158,24.2557537
國4,19.6,120.7552867,24.2549421
國4,19.7,120.7547748,24.2541719
國4,19.8,120.7541861,24.2534493
國4,19.9,120.7535316,24.2527756
國4,20.0,120.7528296,24.2521427
國4,20.1,120.7521022,24.2515341
國4,20.2,120.7513701,24.2509303
國4,20.3,120.7506515,24.250313
國4,20.4,120.7499614,24.2496693
國4,20.5,120.7493094,24.2489931
國4,20.6,120.7486996,24.2482846
國4,20.7,120.7481337,24.247546
國4,20.8,120.7476092,24.2467821
國4,20.9,120.7471125,24.2460025
國4,21.0,120.7466215,24.2452198
國4,21.1,120.7461106,24.2444481
國4,21.2,120.7455572,24.2437019
國4,21.3,120.7449522,24.24299
國4,21.4,120.744297,24.2423166
國4,21.5,120.7435945,24.2416846
國4,21.6,120.7428478,24.2410968
國4,21.7,120.7420617,24.2405536
國4,21.8,120.7412468,24.2400471
國4,21.9,120.740418,24.2395595
國4,22.0,120.7395894,24.2390717
國4,22.1,120.7387717,24.2385688
國4,22.2,120.7379738,24.23804
國4,22.3,120.7372014,24.2374803
國4,22.4,120.7364575,24.2368891
國4,22.5,120.7357437,24.2362675
國4,22.6,120.7350614,24.2356167
國4,22.7,120.7344157,24.2349355
國4,22.8,120.733826,24.2342136
國4,22.9,120.7333212,24.2334402
國4,23.0,120.7329612,24.2325999
國4,23.1,120.7327001,24.2317328
國4,23.2,120.7325568,24.2308403
國4,23.3,120.7324581,24.229942
國4,23.4,120.7323663,24.229043
國4,23.5,120.7322744,24.228144
國4,23.6,120.7321826,24.227245
國4,23.7,120.7320907,24.226346
國4,23.8,120.7319929,24.2254476
國4,23.9,120.7318483,24.2245551
國4,24.0,120.7315981,24.2236838
國4,24.1,120.7312182,24.2228532
國4,24.2,120.7307111,24.222082
國4,24.3,120.730068,24.2214036
國4,24.4,120.7292803,24.2208727
國4,24.5,120.7283752,24.220535
國4,24.6,120.727407,24.2204125
國4,24.7,120.7264297,24.2204818
國4,24.8,120.7254656,24.2206616
國4,24.9,120.7245029,24.22085
國4,25.0,120.7235264,24.2209442
國4,25.1,120.7225533,24.2208557
國4,25.2,120.7216336,24.2205528
國4,25.3,120.7208191,24.2200562
國4,25.4,120.7201093,24.2194335
國4,25.5,120.7194812,24.2187395
國4,25.6,120.7189319,24.2179915
國4,25.7,120.7184667,24.217197
國4,25.8,120.7180824,24.2163665
國4,25.9,120.7177605,24.2155136
國4,26.0,120.7174886,24.2146461
國4,26.1,120.7172656,24.2137669
國4,26.2,120.7170921,24.2128784
國4,26.3,120.7169684,24.2119829
國4,26.4,120.7168949,24.2110828
國4,26.5,120.7168719,24.2101804
國4,26.6,120.7168993,24.2092781
國4,26.7,120.7169736,24.208378
國4,26.8,120.7170798,24.2074804
國4,26.839,120.7171248,24.2071306
